date,year,month,month_name,flow,country_code,country,value_usd,value_usd_mn,quantity,qty_estimated,price_per_phone,net_weight_kg
2022-04-01,2022,4,Apr,India export,784,United Arab Emirates,132200374.372,132.2,1428920.0,False,92.52,0.0
2022-04-01,2022,4,Apr,India export,380,Italy,57481203.3,57.481,221585.0,False,259.41,0.0
2022-04-01,2022,4,Apr,India export,528,Netherlands,53089717.419,53.09,168870.0,False,314.38,0.0
2022-04-01,2022,4,Apr,India export,276,Germany,44351190.53,44.351,242020.0,False,183.25,0.0
2022-04-01,2022,4,Apr,India export,826,United Kingdom,42064915.839,42.065,141978.0,False,296.28,0.0
2022-04-01,2022,4,Apr,India export,842,United States,33053365.219,33.053,191998.0,False,172.15,0.0
2022-04-01,2022,4,Apr,India export,203,Czechia,23566899.247,23.567,52930.0,False,445.25,0.0
2022-04-01,2022,4,Apr,India export,251,France,21221915.431,21.222,126230.0,False,168.12,0.0
2022-04-01,2022,4,Apr,India export,710,South Africa,18859641.271,18.86,136320.0,False,138.35,0.0
2022-04-01,2022,4,Apr,India export,40,Austria,15026290.613,15.026,69580.0,False,215.96,0.0
2022-04-01,2022,4,Apr,India export,724,Spain,12335408.362,12.335,74400.0,False,165.8,0.0
2022-04-01,2022,4,Apr,India export,392,Japan,10416787.745,10.417,21800.0,False,477.83,0.0
2022-04-01,2022,4,Apr,India export,398,Kazakhstan,10019934.585,10.02,78380.0,False,127.84,0.0
2022-04-01,2022,4,Apr,India export,764,Thailand,8550957.211,8.551,50910.0,False,167.96,0.0
2022-04-01,2022,4,Apr,India export,682,Saudi Arabia,2845960.915,2.846,7410.0,False,384.07,0.0
2022-04-01,2022,4,Apr,India export,504,Morocco,2665668.647,2.666,25700.0,False,103.72,0.0
2022-04-01,2022,4,Apr,India export,31,Azerbaijan,2468133.108,2.468,16995.0,False,145.23,0.0
2022-04-01,2022,4,Apr,India export,608,Philippines,1976687.462,1.977,11015.0,False,179.45,0.0
2022-04-01,2022,4,Apr,India export,64,Bhutan,1677864.658,1.678,9398.0,False,178.53,0.0
2022-04-01,2022,4,Apr,India export,400,Jordan,1620727.76,1.621,13342.0,False,121.48,0.0
2022-04-01,2022,4,Apr,India export,524,Nepal,1578076.572,1.578,9200.0,False,171.53,0.0
2022-04-01,2022,4,Apr,India export,268,Georgia,589962.653,0.59,4450.0,False,132.58,0.0
2022-04-01,2022,4,Apr,India export,50,Bangladesh,171409.263,0.171,1380.0,False,124.21,0.0
2022-04-01,2022,4,Apr,India export,804,Ukraine,167678.16,0.168,1960.0,False,85.55,0.0
2022-04-01,2022,4,Apr,India export,792,Türkiye,72727.334,0.073,166.0,False,,0.0
2022-04-01,2022,4,Apr,India export,156,China,51800.293,0.052,190.0,False,,0.0
2022-04-01,2022,4,Apr,India export,410,South Korea,39798.97,0.04,68.0,False,,0.0
2022-04-01,2022,4,Apr,India export,414,Kuwait,1501.737,0.002,1.0,False,,0.0
2022-04-01,2022,4,Apr,India export,344,Hong Kong,312.411,0.0,35.0,False,,0.0
2022-04-01,2022,4,Apr,India export,462,Maldives,197.16,0.0,1.0,False,,0.0
2022-05-01,2022,5,May,India export,784,United Arab Emirates,133331822.343,133.332,1037900.0,False,128.46,0.0
2022-05-01,2022,5,May,India export,842,United States,59746153.577,59.746,335746.0,False,177.95,0.0
2022-05-01,2022,5,May,India export,276,Germany,33399571.164,33.4,163430.0,False,204.37,0.0
2022-05-01,2022,5,May,India export,826,United Kingdom,31327478.177,31.327,117646.0,False,266.29,0.0
2022-05-01,2022,5,May,India export,528,Netherlands,23110267.494,23.11,85117.0,False,271.51,0.0
2022-05-01,2022,5,May,India export,682,Saudi Arabia,21889545.77,21.89,133190.0,False,164.35,0.0
2022-05-01,2022,5,May,India export,380,Italy,20894113.67,20.894,88635.0,False,235.73,0.0
2022-05-01,2022,5,May,India export,203,Czechia,18598075.854,18.598,40170.0,False,462.98,0.0
2022-05-01,2022,5,May,India export,398,Kazakhstan,17549917.511,17.55,124190.0,False,141.32,0.0
2022-05-01,2022,5,May,India export,251,France,17200952.101,17.201,95550.0,False,180.02,0.0
2022-05-01,2022,5,May,India export,40,Austria,15449831.428,15.45,72212.0,False,213.95,0.0
2022-05-01,2022,5,May,India export,792,Türkiye,14878868.875,14.879,39010.0,False,381.41,0.0
2022-05-01,2022,5,May,India export,710,South Africa,13928896.677,13.929,110023.0,False,126.6,0.0
2022-05-01,2022,5,May,India export,392,Japan,8472758.953,8.473,17782.0,False,476.48,0.0
2022-05-01,2022,5,May,India export,724,Spain,4834597.043,4.835,26545.0,False,182.13,0.0
2022-05-01,2022,5,May,India export,504,Morocco,2118484.538,2.118,21000.0,False,100.88,0.0
2022-05-01,2022,5,May,India export,156,China,2060828.391,2.061,7330.0,False,281.15,0.0
2022-05-01,2022,5,May,India export,64,Bhutan,1542076.942,1.542,9511.0,False,162.14,0.0
2022-05-01,2022,5,May,India export,524,Nepal,992057.367,0.992,8200.0,False,120.98,0.0
2022-05-01,2022,5,May,India export,400,Jordan,776625.781,0.777,4600.0,False,168.83,0.0
2022-05-01,2022,5,May,India export,31,Azerbaijan,724701.086,0.725,4300.0,False,168.54,0.0
2022-05-01,2022,5,May,India export,422,Lebanon,592245.309,0.592,7264.0,False,81.53,0.0
2022-05-01,2022,5,May,India export,268,Georgia,327017.739,0.327,1900.0,False,172.11,0.0
2022-05-01,2022,5,May,India export,764,Thailand,286035.104,0.286,1460.0,False,195.91,0.0
2022-05-01,2022,5,May,India export,512,Oman,152030.547,0.152,429.0,False,,0.0
2022-05-01,2022,5,May,India export,50,Bangladesh,103606.496,0.104,1150.0,False,90.09,0.0
2022-05-01,2022,5,May,India export,414,Kuwait,78412.653,0.078,160.0,False,,0.0
2022-05-01,2022,5,May,India export,70,Bosnia and Herzegovina,62275.765,0.062,1180.0,False,52.78,0.0
2022-05-01,2022,5,May,India export,410,South Korea,58268.519,0.058,119.0,False,,0.0
2022-05-01,2022,5,May,India export,800,Uganda,53714.172,0.054,25.0,False,,0.0
2022-05-01,2022,5,May,India export,372,Ireland,13113.794,0.013,46.0,False,,0.0
2022-05-01,2022,5,May,India export,462,Maldives,522.913,0.001,1.0,False,,0.0
2022-06-01,2022,6,Jun,India export,784,United Arab Emirates,183720386.703,183.72,1240440.0,False,148.11,0.0
2022-06-01,2022,6,Jun,India export,842,United States,145447819.019,145.448,526989.0,False,276.0,0.0
2022-06-01,2022,6,Jun,India export,826,United Kingdom,58497433.069,58.497,182373.0,False,320.76,0.0
2022-06-01,2022,6,Jun,India export,203,Czechia,57916917.201,57.917,127340.0,False,454.82,0.0
2022-06-01,2022,6,Jun,India export,528,Netherlands,57578016.843,57.578,181744.0,False,316.81,0.0
2022-06-01,2022,6,Jun,India export,40,Austria,51359613.072,51.36,316908.0,False,162.06,0.0
2022-06-01,2022,6,Jun,India export,380,Italy,37076834.76,37.077,157385.0,False,235.58,0.0
2022-06-01,2022,6,Jun,India export,398,Kazakhstan,22837234.468,22.837,158460.0,False,144.12,0.0
2022-06-01,2022,6,Jun,India export,392,Japan,21940786.573,21.941,45998.0,False,476.99,0.0
2022-06-01,2022,6,Jun,India export,682,Saudi Arabia,21585250.896,21.585,140412.0,False,153.73,0.0
2022-06-01,2022,6,Jun,India export,251,France,19443579.012,19.444,144585.0,False,134.48,0.0
2022-06-01,2022,6,Jun,India export,710,South Africa,9021453.391,9.021,70560.0,False,127.86,0.0
2022-06-01,2022,6,Jun,India export,724,Spain,4341880.288,4.342,25810.0,False,168.22,0.0
2022-06-01,2022,6,Jun,India export,276,Germany,4293783.17,4.294,25315.0,False,169.61,0.0
2022-06-01,2022,6,Jun,India export,792,Türkiye,3387627.485,3.388,8720.0,False,388.49,0.0
2022-06-01,2022,6,Jun,India export,524,Nepal,2422726.171,2.423,16000.0,False,151.42,0.0
2022-06-01,2022,6,Jun,India export,31,Azerbaijan,1226120.329,1.226,7505.0,False,163.37,0.0
2022-06-01,2022,6,Jun,India export,64,Bhutan,1065759.214,1.066,7331.0,False,145.38,0.0
2022-06-01,2022,6,Jun,India export,504,Morocco,951716.927,0.952,10554.0,False,90.18,0.0
2022-06-01,2022,6,Jun,India export,422,Lebanon,936875.076,0.937,11044.0,False,84.83,0.0
2022-06-01,2022,6,Jun,India export,156,China,862229.198,0.862,2936.0,False,293.67,0.0
2022-06-01,2022,6,Jun,India export,414,Kuwait,502547.467,0.503,1260.0,False,398.85,0.0
2022-06-01,2022,6,Jun,India export,268,Georgia,394029.824,0.394,2175.0,False,181.16,0.0
2022-06-01,2022,6,Jun,India export,512,Oman,166640.616,0.167,430.0,False,,0.0
2022-06-01,2022,6,Jun,India export,400,Jordan,140064.153,0.14,1400.0,False,100.05,0.0
2022-06-01,2022,6,Jun,India export,764,Thailand,112502.731,0.113,520.0,False,,0.0
2022-06-01,2022,6,Jun,India export,70,Bosnia and Herzegovina,39583.554,0.04,632.0,False,,0.0
2022-06-01,2022,6,Jun,India export,498,Moldova,24192.716,0.024,240.0,False,,0.0
2022-06-01,2022,6,Jun,India export,410,South Korea,21632.8,0.022,223.0,False,,0.0
2022-06-01,2022,6,Jun,India export,288,Ghana,3639.422,0.004,1.0,False,,0.0
2022-06-01,2022,6,Jun,India export,144,Sri Lanka,2921.015,0.003,200.0,False,,0.0
2022-06-01,2022,6,Jun,India export,344,Hong Kong,1115.354,0.001,9.0,False,,0.0
2022-06-01,2022,6,Jun,India export,72,Botswana,545.132,0.001,17.0,False,,0.0
2022-06-01,2022,6,Jun,India export,818,Egypt,491.967,0.0,5.0,False,,0.0
2022-07-01,2022,7,Jul,India export,784,United Arab Emirates,215587219.162,215.587,1448590.0,False,148.83,0.0
2022-07-01,2022,7,Jul,India export,380,Italy,69548174.7,69.548,414121.0,False,167.94,0.0
2022-07-01,2022,7,Jul,India export,528,Netherlands,63639346.855,63.639,191051.0,False,333.1,0.0
2022-07-01,2022,7,Jul,India export,40,Austria,60349986.829,60.35,380061.0,False,158.79,0.0
2022-07-01,2022,7,Jul,India export,842,United States,46323643.347,46.324,239468.0,False,193.44,0.0
2022-07-01,2022,7,Jul,India export,203,Czechia,45513663.412,45.514,96840.0,False,469.99,0.0
2022-07-01,2022,7,Jul,India export,826,United Kingdom,42866117.683,42.866,124715.0,False,343.71,0.0
2022-07-01,2022,7,Jul,India export,398,Kazakhstan,35639790.001,35.64,248010.0,False,143.7,0.0
2022-07-01,2022,7,Jul,India export,276,Germany,27125680.36,27.126,147161.0,False,184.33,0.0
2022-07-01,2022,7,Jul,India export,724,Spain,17036847.054,17.037,126527.0,False,134.65,0.0
2022-07-01,2022,7,Jul,India export,710,South Africa,16103497.955,16.103,105930.0,False,152.02,0.0
2022-07-01,2022,7,Jul,India export,392,Japan,14652582.555,14.653,31464.0,False,465.69,0.0
2022-07-01,2022,7,Jul,India export,682,Saudi Arabia,9902045.834,9.902,57768.0,False,171.41,0.0
2022-07-01,2022,7,Jul,India export,251,France,8233467.828,8.233,40050.0,False,205.58,0.0
2022-07-01,2022,7,Jul,India export,792,Türkiye,6832063.615,6.832,17740.0,False,385.12,0.0
2022-07-01,2022,7,Jul,India export,31,Azerbaijan,2344829.829,2.345,15350.0,False,152.76,0.0
2022-07-01,2022,7,Jul,India export,344,Hong Kong,1546373.648,1.546,3861.0,False,400.51,0.0
2022-07-01,2022,7,Jul,India export,422,Lebanon,1544204.525,1.544,17402.0,False,88.74,0.0
2022-07-01,2022,7,Jul,India export,156,China,1259223.587,1.259,4753.0,False,264.93,0.0
2022-07-01,2022,7,Jul,India export,64,Bhutan,1214560.083,1.215,8665.0,False,140.17,0.0
2022-07-01,2022,7,Jul,India export,524,Nepal,1029927.692,1.03,6000.0,False,171.65,0.0
2022-07-01,2022,7,Jul,India export,504,Morocco,903845.064,0.904,7510.0,False,120.35,0.0
2022-07-01,2022,7,Jul,India export,268,Georgia,788750.253,0.789,5400.0,False,146.06,0.0
2022-07-01,2022,7,Jul,India export,51,Armenia,726424.356,0.726,3500.0,False,207.55,0.0
2022-07-01,2022,7,Jul,India export,50,Bangladesh,478068.618,0.478,4004.0,False,119.4,0.0
2022-07-01,2022,7,Jul,India export,400,Jordan,374029.998,0.374,3450.0,False,108.41,0.0
2022-07-01,2022,7,Jul,India export,462,Maldives,67890.089,0.068,300.0,False,,0.0
2022-07-01,2022,7,Jul,India export,512,Oman,54649.741,0.055,140.0,False,,0.0
2022-07-01,2022,7,Jul,India export,410,South Korea,37627.595,0.038,82.0,False,,0.0
2022-07-01,2022,7,Jul,India export,144,Sri Lanka,27125.691,0.027,300.0,False,,0.0
2022-07-01,2022,7,Jul,India export,372,Ireland,15533.725,0.016,74.0,False,,0.0
2022-07-01,2022,7,Jul,India export,690,Seychelles,2546.519,0.003,20.0,False,,0.0
2022-08-01,2022,8,Aug,India export,784,United Arab Emirates,180025900.408,180.026,1413090.0,False,127.4,0.0
2022-08-01,2022,8,Aug,India export,40,Austria,54794665.757,54.795,293388.0,False,186.77,0.0
2022-08-01,2022,8,Aug,India export,528,Netherlands,52626803.356,52.627,154698.0,False,340.19,0.0
2022-08-01,2022,8,Aug,India export,826,United Kingdom,49961029.775,49.961,178841.0,False,279.36,0.0
2022-08-01,2022,8,Aug,India export,276,Germany,49121360.516,49.121,257600.0,False,190.69,0.0
2022-08-01,2022,8,Aug,India export,398,Kazakhstan,46708888.446,46.709,295885.0,False,157.86,0.0
2022-08-01,2022,8,Aug,India export,203,Czechia,45509324.06,45.509,103270.0,False,440.68,0.0
2022-08-01,2022,8,Aug,India export,842,United States,45035889.599,45.036,186206.0,False,241.86,0.0
2022-08-01,2022,8,Aug,India export,380,Italy,44615558.433,44.616,150760.0,False,295.94,0.0
2022-08-01,2022,8,Aug,India export,710,South Africa,16855558.857,16.856,93970.0,False,179.37,0.0
2022-08-01,2022,8,Aug,India export,724,Spain,16730229.313,16.73,125080.0,False,133.76,0.0
2022-08-01,2022,8,Aug,India export,251,France,15751823.644,15.752,103870.0,False,151.65,0.0
2022-08-01,2022,8,Aug,India export,682,Saudi Arabia,14891601.162,14.892,82121.0,False,181.34,0.0
2022-08-01,2022,8,Aug,India export,124,Canada,13713576.486,13.714,28570.0,False,480.0,0.0
2022-08-01,2022,8,Aug,India export,392,Japan,4384357.306,4.384,9110.0,False,481.27,0.0
2022-08-01,2022,8,Aug,India export,51,Armenia,3343962.485,3.344,14500.0,False,230.62,0.0
2022-08-01,2022,8,Aug,India export,31,Azerbaijan,3148239.899,3.148,17400.0,False,180.93,0.0
2022-08-01,2022,8,Aug,India export,344,Hong Kong,2331548.096,2.332,5086.0,False,458.42,0.0
2022-08-01,2022,8,Aug,India export,504,Morocco,1935066.21,1.935,11180.0,False,173.08,0.0
2022-08-01,2022,8,Aug,India export,792,Türkiye,1630658.977,1.631,3410.0,False,478.2,0.0
2022-08-01,2022,8,Aug,India export,643,Russia,1181629.022,1.182,3661.0,False,322.76,0.0
2022-08-01,2022,8,Aug,India export,64,Bhutan,1173488.547,1.173,9065.0,False,129.45,0.0
2022-08-01,2022,8,Aug,India export,524,Nepal,1026048.003,1.026,9500.0,False,108.01,0.0
2022-08-01,2022,8,Aug,India export,422,Lebanon,703030.063,0.703,11520.0,False,61.03,0.0
2022-08-01,2022,8,Aug,India export,268,Georgia,515870.15,0.516,2400.0,False,214.95,0.0
2022-08-01,2022,8,Aug,India export,376,Israel,440938.779,0.441,1200.0,False,367.45,0.0
2022-08-01,2022,8,Aug,India export,156,China,436943.76,0.437,1526.0,False,286.33,0.0
2022-08-01,2022,8,Aug,India export,400,Jordan,156610.646,0.157,650.0,False,,0.0
2022-08-01,2022,8,Aug,India export,144,Sri Lanka,73319.279,0.073,800.0,False,,0.0
2022-08-01,2022,8,Aug,India export,764,Thailand,40372.502,0.04,350.0,False,,0.0
2022-08-01,2022,8,Aug,India export,70,Bosnia and Herzegovina,39812.701,0.04,560.0,False,,0.0
2022-08-01,2022,8,Aug,India export,410,South Korea,14291.057,0.014,71.0,False,,0.0
2022-08-01,2022,8,Aug,India export,372,Ireland,5690.398,0.006,29.0,False,,0.0
2022-08-01,2022,8,Aug,India export,246,Finland,720.96,0.001,2.0,False,,0.0
2022-09-01,2022,9,Sep,India export,784,United Arab Emirates,221744231.247,221.744,1275050.0,False,173.91,0.0
2022-09-01,2022,9,Sep,India export,842,United States,132206134.871,132.206,341037.0,False,387.66,0.0
2022-09-01,2022,9,Sep,India export,40,Austria,90540156.58,90.54,428071.0,False,211.51,0.0
2022-09-01,2022,9,Sep,India export,826,United Kingdom,79330804.396,79.331,237995.0,False,333.33,0.0
2022-09-01,2022,9,Sep,India export,528,Netherlands,60774795.172,60.775,213242.0,False,285.0,0.0
2022-09-01,2022,9,Sep,India export,398,Kazakhstan,46016003.831,46.016,218720.0,False,210.39,0.0
2022-09-01,2022,9,Sep,India export,276,Germany,44357105.457,44.357,200360.0,False,221.39,0.0
2022-09-01,2022,9,Sep,India export,203,Czechia,35778673.898,35.779,80530.0,False,444.29,0.0
2022-09-01,2022,9,Sep,India export,380,Italy,35410489.505,35.41,150931.0,False,234.61,0.0
2022-09-01,2022,9,Sep,India export,724,Spain,27827203.146,27.827,188112.0,False,147.93,0.0
2022-09-01,2022,9,Sep,India export,251,France,27621022.136,27.621,173681.0,False,159.03,0.0
2022-09-01,2022,9,Sep,India export,682,Saudi Arabia,22929845.833,22.93,109720.0,False,208.99,0.0
2022-09-01,2022,9,Sep,India export,710,South Africa,15894874.565,15.895,93810.0,False,169.44,0.0
2022-09-01,2022,9,Sep,India export,124,Canada,15681683.034,15.682,32950.0,False,475.92,0.0
2022-09-01,2022,9,Sep,India export,392,Japan,14603730.452,14.604,30730.0,False,475.23,0.0
2022-09-01,2022,9,Sep,India export,524,Nepal,6411263.564,6.411,57350.0,False,111.79,0.0
2022-09-01,2022,9,Sep,India export,504,Morocco,3415069.609,3.415,30612.0,False,111.56,0.0
2022-09-01,2022,9,Sep,India export,31,Azerbaijan,2339370.301,2.339,13950.0,False,167.7,0.0
2022-09-01,2022,9,Sep,India export,643,Russia,1327311.814,1.327,1650.0,False,804.43,0.0
2022-09-01,2022,9,Sep,India export,64,Bhutan,1300585.632,1.301,8672.0,False,149.98,0.0
2022-09-01,2022,9,Sep,India export,344,Hong Kong,1103658.722,1.104,1868.0,False,590.82,0.0
2022-09-01,2022,9,Sep,India export,51,Armenia,1074650.318,1.075,5100.0,False,210.72,0.0
2022-09-01,2022,9,Sep,India export,422,Lebanon,871033.444,0.871,9159.0,False,95.1,0.0
2022-09-01,2022,9,Sep,India export,156,China,696392.438,0.696,3060.0,False,227.58,0.0
2022-09-01,2022,9,Sep,India export,268,Georgia,524191.427,0.524,2600.0,False,201.61,0.0
2022-09-01,2022,9,Sep,India export,400,Jordan,301902.187,0.302,1600.0,False,188.69,0.0
2022-09-01,2022,9,Sep,India export,512,Oman,217060.204,0.217,560.0,False,,0.0
2022-09-01,2022,9,Sep,India export,70,Bosnia and Herzegovina,70668.451,0.071,900.0,False,,0.0
2022-09-01,2022,9,Sep,India export,800,Uganda,46274.848,0.046,25.0,False,,0.0
2022-09-01,2022,9,Sep,India export,792,Türkiye,38650.913,0.039,100.0,False,,0.0
2022-09-01,2022,9,Sep,India export,144,Sri Lanka,36136.747,0.036,400.0,False,,0.0
2022-09-01,2022,9,Sep,India export,410,South Korea,27047.849,0.027,90.0,False,,0.0
2022-09-01,2022,9,Sep,India export,372,Ireland,13565.427,0.014,30.0,False,,0.0
2022-09-01,2022,9,Sep,India export,704,Vietnam,4063.794,0.004,25.0,False,,0.0
2022-09-01,2022,9,Sep,India export,554,New Zealand,2094.802,0.002,4.0,False,,0.0
2022-09-01,2022,9,Sep,India export,690,Seychelles,283.747,0.0,2.0,False,,0.0
2022-10-01,2022,10,Oct,India export,784,United Arab Emirates,246469382.951,246.469,1596540.0,False,154.38,0.0
2022-10-01,2022,10,Oct,India export,842,United States,97221806.27,97.222,250370.0,False,388.31,0.0
2022-10-01,2022,10,Oct,India export,40,Austria,85342629.691,85.343,383987.0,False,222.25,0.0
2022-10-01,2022,10,Oct,India export,528,Netherlands,82821722.972,82.822,251098.0,False,329.84,0.0
2022-10-01,2022,10,Oct,India export,276,Germany,73299518.332,73.3,312141.0,False,234.83,0.0
2022-10-01,2022,10,Oct,India export,826,United Kingdom,65715578.931,65.716,205771.0,False,319.36,0.0
2022-10-01,2022,10,Oct,India export,380,Italy,50106192.496,50.106,179824.0,False,278.64,0.0
2022-10-01,2022,10,Oct,India export,203,Czechia,42348735.524,42.349,97000.0,False,436.58,0.0
2022-10-01,2022,10,Oct,India export,682,Saudi Arabia,33481793.801,33.482,129639.0,False,258.27,0.0
2022-10-01,2022,10,Oct,India export,724,Spain,25858425.992,25.858,121250.0,False,213.27,0.0
2022-10-01,2022,10,Oct,India export,251,France,23829852.517,23.83,112609.0,False,211.62,0.0
2022-10-01,2022,10,Oct,India export,392,Japan,19669324.081,19.669,41450.0,False,474.53,0.0
2022-10-01,2022,10,Oct,India export,710,South Africa,15692629.512,15.693,69875.0,False,224.58,0.0
2022-10-01,2022,10,Oct,India export,398,Kazakhstan,14279273.443,14.279,70280.0,False,203.18,0.0
2022-10-01,2022,10,Oct,India export,792,Türkiye,11230442.776,11.23,28031.0,False,400.64,0.0
2022-10-01,2022,10,Oct,India export,124,Canada,9169937.342,9.17,19200.0,False,477.6,0.0
2022-10-01,2022,10,Oct,India export,504,Morocco,3035006.497,3.035,34586.0,False,87.75,0.0
2022-10-01,2022,10,Oct,India export,643,Russia,1828467.592,1.828,4632.0,False,394.75,0.0
2022-10-01,2022,10,Oct,India export,31,Azerbaijan,1466004.407,1.466,7080.0,False,207.06,0.0
2022-10-01,2022,10,Oct,India export,344,Hong Kong,1320038.122,1.32,2704.0,False,488.18,0.0
2022-10-01,2022,10,Oct,India export,156,China,874263.313,0.874,2773.0,False,315.28,0.0
2022-10-01,2022,10,Oct,India export,64,Bhutan,744494.035,0.744,5870.0,False,126.83,0.0
2022-10-01,2022,10,Oct,India export,376,Israel,453794.029,0.454,980.0,False,,0.0
2022-10-01,2022,10,Oct,India export,268,Georgia,432926.756,0.433,2000.0,False,216.46,0.0
2022-10-01,2022,10,Oct,India export,400,Jordan,409708.168,0.41,2070.0,False,197.93,0.0
2022-10-01,2022,10,Oct,India export,422,Lebanon,343499.747,0.343,7222.0,False,47.56,0.0
2022-10-01,2022,10,Oct,India export,70,Bosnia and Herzegovina,216172.001,0.216,3510.0,False,61.59,0.0
2022-10-01,2022,10,Oct,India export,144,Sri Lanka,166871.293,0.167,1950.0,False,85.58,0.0
2022-10-01,2022,10,Oct,India export,372,Ireland,76854.059,0.077,170.0,False,,0.0
2022-10-01,2022,10,Oct,India export,512,Oman,52881.722,0.053,140.0,False,,0.0
2022-10-01,2022,10,Oct,India export,524,Nepal,35394.472,0.035,400.0,False,,0.0
2022-10-01,2022,10,Oct,India export,410,South Korea,29949.629,0.03,136.0,False,,0.0
2022-11-01,2022,11,Nov,India export,784,United Arab Emirates,276778676.556,276.779,1750700.0,False,158.1,264750.219
2022-11-01,2022,11,Nov,India export,842,United States,134053329.999,134.053,391038.0,False,342.81,128227.539
2022-11-01,2022,11,Nov,India export,528,Netherlands,117053276.61,117.053,308707.0,False,379.17,111966.286
2022-11-01,2022,11,Nov,India export,40,Austria,111553819.8,111.554,564658.0,False,197.56,106705.829
2022-11-01,2022,11,Nov,India export,826,United Kingdom,104560305.395,104.56,339679.0,False,307.82,100016.244
2022-11-01,2022,11,Nov,India export,203,Czechia,96275468.078,96.275,204560.0,False,470.65,92091.456
2022-11-01,2022,11,Nov,India export,380,Italy,91056144.074,91.056,331622.0,False,274.58,87098.957
2022-11-01,2022,11,Nov,India export,276,Germany,67074831.423,67.075,325472.0,False,206.08,64159.842
2022-11-01,2022,11,Nov,India export,251,France,46457721.354,46.458,280203.0,False,165.8,44438.726
2022-11-01,2022,11,Nov,India export,682,Saudi Arabia,42192652.054,42.193,170158.0,False,247.96,40359.012
2022-11-01,2022,11,Nov,India export,710,South Africa,21075550.91,21.076,107009.0,False,196.95,20159.634
2022-11-01,2022,11,Nov,India export,724,Spain,17873687.823,17.874,113345.0,False,157.69,17096.92
2022-11-01,2022,11,Nov,India export,124,Canada,17120940.919,17.121,35470.0,False,482.69,16376.886
2022-11-01,2022,11,Nov,India export,36,Australia,15095554.318,15.096,30880.0,False,488.85,14439.52
2022-11-01,2022,11,Nov,India export,398,Kazakhstan,7202351.709,7.202,40262.0,False,178.89,6889.346
2022-11-01,2022,11,Nov,India export,792,Türkiye,6538505.76,6.539,16360.0,False,399.66,6254.35
2022-11-01,2022,11,Nov,India export,524,Nepal,5853817.375,5.854,59800.0,False,97.89,5599.418
2022-11-01,2022,11,Nov,India export,392,Japan,4271653.14,4.272,8820.0,False,484.31,4086.012
2022-11-01,2022,11,Nov,India export,504,Morocco,3563172.039,3.563,36990.0,False,96.33,3408.321
2022-11-01,2022,11,Nov,India export,31,Azerbaijan,2343075.263,2.343,12475.0,False,187.82,2241.248
2022-11-01,2022,11,Nov,India export,51,Armenia,1332392.821,1.332,7500.0,False,177.65,1274.489
2022-11-01,2022,11,Nov,India export,400,Jordan,972632.793,0.973,7246.0,False,134.23,930.363
2022-11-01,2022,11,Nov,India export,156,China,664678.662,0.665,1871.0,False,355.25,635.793
2022-11-01,2022,11,Nov,India export,64,Bhutan,563522.099,0.564,4609.0,False,122.27,539.032
2022-11-01,2022,11,Nov,India export,643,Russia,431176.662,0.431,1884.0,False,228.86,412.438
2022-11-01,2022,11,Nov,India export,344,Hong Kong,407764.378,0.408,1400.0,False,291.26,390.043
2022-11-01,2022,11,Nov,India export,268,Georgia,371005.293,0.371,1800.0,False,206.11,354.882
2022-11-01,2022,11,Nov,India export,414,Kuwait,302501.105,0.303,620.0,False,,289.355
2022-11-01,2022,11,Nov,India export,512,Oman,244356.969,0.244,520.0,False,,233.738
2022-11-01,2022,11,Nov,India export,144,Sri Lanka,241425.507,0.241,2750.0,False,87.79,230.933
2022-11-01,2022,11,Nov,India export,764,Thailand,127783.477,0.128,1760.0,False,72.6,122.23
2022-11-01,2022,11,Nov,India export,422,Lebanon,100266.901,0.1,1120.0,False,89.52,95.909
2022-11-01,2022,11,Nov,India export,70,Bosnia and Herzegovina,78171.041,0.078,1772.0,False,44.11,74.774
2022-11-01,2022,11,Nov,India export,410,South Korea,74276.006,0.074,217.0,False,,71.048
2022-11-01,2022,11,Nov,India export,704,Vietnam,43044.299,0.043,90.0,False,,41.174
2022-11-01,2022,11,Nov,India export,484,Mexico,19216.483,0.019,40.0,False,,18.381
2022-11-01,2022,11,Nov,India export,170,Colombia,4878.271,0.005,10.0,False,,4.666
2022-11-01,2022,11,Nov,India export,372,Ireland,3105.999,0.003,23.0,False,,2.971
2022-11-01,2022,11,Nov,India export,324,Guinea,1048.972,0.001,17.0,False,,1.003
2022-12-01,2022,12,Dec,India export,842,United States,304618475.581,304.618,744604.0,False,409.1,291380.135
2022-12-01,2022,12,Dec,India export,784,United Arab Emirates,256910244.704,256.91,1328700.0,False,193.35,245745.244
2022-12-01,2022,12,Dec,India export,528,Netherlands,163619513.111,163.62,421214.0,False,388.45,156508.812
2022-12-01,2022,12,Dec,India export,826,United Kingdom,120199295.715,120.199,316814.0,False,379.4,114975.583
2022-12-01,2022,12,Dec,India export,380,Italy,109188746.582,109.189,256115.0,False,426.33,104443.539
2022-12-01,2022,12,Dec,India export,203,Czechia,71163631.329,71.164,149768.0,False,475.16,68070.948
2022-12-01,2022,12,Dec,India export,40,Austria,32119020.642,32.119,185610.0,False,173.05,30723.168
2022-12-01,2022,12,Dec,India export,682,Saudi Arabia,31837037.966,31.837,147630.0,False,215.65,30453.44
2022-12-01,2022,12,Dec,India export,276,Germany,22162229.956,22.162,85140.0,False,260.3,21199.087
2022-12-01,2022,12,Dec,India export,724,Spain,16213108.895,16.213,87400.0,False,185.5,15508.507
2022-12-01,2022,12,Dec,India export,251,France,9720859.977,9.721,57980.0,False,167.66,9298.403
2022-12-01,2022,12,Dec,India export,710,South Africa,8999099.54,8.999,61856.0,False,145.48,8608.01
2022-12-01,2022,12,Dec,India export,124,Canada,5812846.786,5.813,12310.0,False,472.21,5560.228
2022-12-01,2022,12,Dec,India export,524,Nepal,5315797.078,5.316,45650.0,False,116.45,5084.779
2022-12-01,2022,12,Dec,India export,398,Kazakhstan,4367219.788,4.367,27100.0,False,161.15,4177.426
2022-12-01,2022,12,Dec,India export,792,Türkiye,3589937.423,3.59,8660.0,False,414.54,3433.923
2022-12-01,2022,12,Dec,India export,36,Australia,3428519.616,3.429,7200.0,False,476.18,3279.52
2022-12-01,2022,12,Dec,India export,764,Thailand,3175886.344,3.176,60200.0,False,52.76,3037.866
2022-12-01,2022,12,Dec,India export,504,Morocco,2197409.229,2.197,18990.0,False,115.71,2101.913
2022-12-01,2022,12,Dec,India export,414,Kuwait,2115356.185,2.115,4420.0,False,478.59,2023.425
2022-12-01,2022,12,Dec,India export,860,Uzbekistan,1517094.059,1.517,9450.0,False,160.54,1451.163
2022-12-01,2022,12,Dec,India export,554,New Zealand,1405399.023,1.405,2960.0,False,474.8,1344.322
2022-12-01,2022,12,Dec,India export,512,Oman,1342245.568,1.342,2840.0,False,472.62,1283.913
2022-12-01,2022,12,Dec,India export,643,Russia,1333664.878,1.334,2750.0,False,484.97,1275.705
2022-12-01,2022,12,Dec,India export,31,Azerbaijan,1329277.46,1.329,7100.0,False,187.22,1271.509
2022-12-01,2022,12,Dec,India export,51,Armenia,1076352.426,1.076,5800.0,False,185.58,1029.575
2022-12-01,2022,12,Dec,India export,392,Japan,997842.3,0.998,2111.0,False,472.69,954.477
2022-12-01,2022,12,Dec,India export,64,Bhutan,826825.325,0.827,6808.0,False,121.45,790.893
2022-12-01,2022,12,Dec,India export,156,China,774275.898,0.774,2376.0,False,325.87,740.627
2022-12-01,2022,12,Dec,India export,344,Hong Kong,711799.5,0.712,17758.0,False,40.08,680.866
2022-12-01,2022,12,Dec,India export,400,Jordan,694442.726,0.694,6350.0,False,109.36,664.263
2022-12-01,2022,12,Dec,India export,324,Guinea,553301.723,0.553,3000.0,False,184.43,529.256
2022-12-01,2022,12,Dec,India export,70,Bosnia and Herzegovina,187715.161,0.188,2814.0,False,66.71,179.557
2022-12-01,2022,12,Dec,India export,48,Bahrain,169576.932,0.17,330.0,False,,162.207
2022-12-01,2022,12,Dec,India export,422,Lebanon,160825.38,0.161,3172.0,False,50.7,153.836
2022-12-01,2022,12,Dec,India export,702,Singapore,133141.85,0.133,500.0,False,,127.356
2022-12-01,2022,12,Dec,India export,268,Georgia,53929.141,0.054,300.0,False,,51.585
2022-12-01,2022,12,Dec,India export,144,Sri Lanka,33843.838,0.034,400.0,False,,32.373
2022-12-01,2022,12,Dec,India export,376,Israel,9471.331,0.009,20.0,False,,9.06
2022-12-01,2022,12,Dec,India export,484,Mexico,4775.428,0.005,10.0,False,,4.568
2022-12-01,2022,12,Dec,India export,410,South Korea,2583.86,0.003,11.0,False,,2.472
2022-12-01,2022,12,Dec,India export,462,Maldives,1558.009,0.002,7.0,False,,1.49
2022-12-01,2022,12,Dec,India export,270,Gambia,1332.929,0.001,1.0,False,,1.275
2022-12-01,2022,12,Dec,India export,368,Iraq,652.416,0.001,1.0,False,,0.624
2022-12-01,2022,12,Dec,India export,490,Taiwan,413.125,0.0,2.0,False,,0.395
2023-01-01,2023,1,Jan,India export,842,United States,296434999.393,296.435,716993.0,False,413.44,291399.065
2023-01-01,2023,1,Jan,India export,784,United Arab Emirates,277325010.326,277.325,1562730.0,False,177.46,272613.723
2023-01-01,2023,1,Jan,India export,528,Netherlands,114015154.314,114.015,305626.0,False,373.05,112078.228
2023-01-01,2023,1,Jan,India export,40,Austria,89730630.448,89.731,482960.0,False,185.79,88206.257
2023-01-01,2023,1,Jan,India export,203,Czechia,65066567.339,65.067,136040.0,False,478.29,63961.195
2023-01-01,2023,1,Jan,India export,826,United Kingdom,65034309.191,65.034,220875.0,False,294.44,63929.485
2023-01-01,2023,1,Jan,India export,380,Italy,59282724.9,59.283,214307.0,False,276.63,58275.611
2023-01-01,2023,1,Jan,India export,682,Saudi Arabia,32389199.474,32.389,161640.0,False,200.38,31838.961
2023-01-01,2023,1,Jan,India export,276,Germany,31085703.627,31.086,169320.0,False,183.59,30557.61
2023-01-01,2023,1,Jan,India export,710,South Africa,23846299.611,23.846,183040.0,False,130.28,23441.191
2023-01-01,2023,1,Jan,India export,724,Spain,19654715.58,19.655,109280.0,False,179.86,19320.815
2023-01-01,2023,1,Jan,India export,251,France,18997862.857,18.998,110470.0,False,171.97,18675.121
2023-01-01,2023,1,Jan,India export,124,Canada,15470755.416,15.471,30780.0,False,502.62,15207.933
2023-01-01,2023,1,Jan,India export,398,Kazakhstan,13895763.67,13.896,76800.0,False,180.93,13659.698
2023-01-01,2023,1,Jan,India export,484,Mexico,6905895.282,6.906,14480.0,False,476.93,6788.576
2023-01-01,2023,1,Jan,India export,36,Australia,5811706.653,5.812,12730.0,False,456.54,5712.975
2023-01-01,2023,1,Jan,India export,792,Türkiye,5101247.07,5.101,10279.0,False,496.28,5014.585
2023-01-01,2023,1,Jan,India export,764,Thailand,4137858.828,4.138,27000.0,False,153.25,4067.564
2023-01-01,2023,1,Jan,India export,504,Morocco,2659447.117,2.659,25440.0,False,104.54,2614.268
2023-01-01,2023,1,Jan,India export,152,Chile,2572036.26,2.572,5800.0,False,443.45,2528.342
2023-01-01,2023,1,Jan,India export,392,Japan,2424586.851,2.425,4910.0,False,493.81,2383.397
2023-01-01,2023,1,Jan,India export,524,Nepal,2295374.21,2.295,18300.0,False,125.43,2256.38
2023-01-01,2023,1,Jan,India export,31,Azerbaijan,2292727.714,2.293,12000.0,False,191.06,2253.778
2023-01-01,2023,1,Jan,India export,604,Peru,1614501.379,1.615,3670.0,False,439.92,1587.074
2023-01-01,2023,1,Jan,India export,51,Armenia,1330101.381,1.33,6900.0,False,192.77,1307.505
2023-01-01,2023,1,Jan,India export,643,Russia,975395.433,0.975,2522.0,False,386.75,958.825
2023-01-01,2023,1,Jan,India export,64,Bhutan,854267.624,0.854,5582.0,False,153.04,839.755
2023-01-01,2023,1,Jan,India export,156,China,721757.716,0.722,2064.0,False,349.69,709.496
2023-01-01,2023,1,Jan,India export,268,Georgia,694038.357,0.694,3400.0,False,204.13,682.248
2023-01-01,2023,1,Jan,India export,554,New Zealand,632099.965,0.632,1420.0,False,445.14,621.362
2023-01-01,2023,1,Jan,India export,400,Jordan,580767.207,0.581,3600.0,False,161.32,570.901
2023-01-01,2023,1,Jan,India export,344,Hong Kong,502424.246,0.502,1147.0,False,438.03,493.889
2023-01-01,2023,1,Jan,India export,422,Lebanon,234606.642,0.235,4012.0,False,58.48,230.621
2023-01-01,2023,1,Jan,India export,70,Bosnia and Herzegovina,166871.501,0.167,2430.0,False,68.67,164.037
2023-01-01,2023,1,Jan,India export,376,Israel,147930.89,0.148,200.0,False,,145.418
2023-01-01,2023,1,Jan,India export,414,Kuwait,128219.87,0.128,270.0,False,,126.042
2023-01-01,2023,1,Jan,India export,144,Sri Lanka,120266.362,0.12,1500.0,False,80.18,118.223
2023-01-01,2023,1,Jan,India export,48,Bahrain,73097.301,0.073,150.0,False,,71.855
2023-01-01,2023,1,Jan,India export,170,Colombia,63026.682,0.063,130.0,False,,61.956
2023-01-01,2023,1,Jan,India export,410,South Korea,3330.557,0.003,22.0,False,,3.274
2023-01-01,2023,1,Jan,India export,490,Taiwan,158.422,0.0,1.0,False,,0.156
2023-02-01,2023,2,Feb,India export,784,United Arab Emirates,232925630.592,232.926,1174460.0,False,198.33,228968.614
2023-02-01,2023,2,Feb,India export,842,United States,169322021.951,169.322,454405.0,False,372.62,166445.524
2023-02-01,2023,2,Feb,India export,528,Netherlands,129137013.52,129.137,326026.0,False,396.09,126943.192
2023-02-01,2023,2,Feb,India export,203,Czechia,68665747.702,68.666,146118.0,False,469.93,67499.232
2023-02-01,2023,2,Feb,India export,826,United Kingdom,66309811.157,66.31,183788.0,False,360.8,65183.319
2023-02-01,2023,2,Feb,India export,380,Italy,58384644.744,58.385,181308.0,False,322.02,57392.787
2023-02-01,2023,2,Feb,India export,40,Austria,48775999.447,48.776,265989.0,False,183.38,47947.377
2023-02-01,2023,2,Feb,India export,682,Saudi Arabia,27928108.982,27.928,75710.0,False,368.88,27453.657
2023-02-01,2023,2,Feb,India export,276,Germany,23669356.594,23.669,133134.0,False,177.79,23267.254
2023-02-01,2023,2,Feb,India export,484,Mexico,17940862.547,17.941,38830.0,False,462.04,17636.077
2023-02-01,2023,2,Feb,India export,251,France,15220133.751,15.22,99390.0,False,153.14,14961.569
2023-02-01,2023,2,Feb,India export,124,Canada,13826632.813,13.827,28720.0,False,481.43,13591.741
2023-02-01,2023,2,Feb,India export,792,Türkiye,13167339.18,13.167,31400.0,False,419.34,12943.648
2023-02-01,2023,2,Feb,India export,36,Australia,9783209.372,9.783,19940.0,False,490.63,9617.009
2023-02-01,2023,2,Feb,India export,724,Spain,9497061.469,9.497,53900.0,False,176.2,9335.722
2023-02-01,2023,2,Feb,India export,710,South Africa,8923026.164,8.923,67790.0,False,131.63,8771.439
2023-02-01,2023,2,Feb,India export,398,Kazakhstan,8248786.381,8.249,47158.0,False,174.92,8108.653
2023-02-01,2023,2,Feb,India export,524,Nepal,4584337.605,4.584,37000.0,False,123.9,4506.457
2023-02-01,2023,2,Feb,India export,764,Thailand,4206177.862,4.206,24900.0,False,168.92,4134.722
2023-02-01,2023,2,Feb,India export,392,Japan,3107827.472,3.108,6370.0,False,487.89,3055.031
2023-02-01,2023,2,Feb,India export,643,Russia,2893945.254,2.894,7496.0,False,386.07,2844.782
2023-02-01,2023,2,Feb,India export,702,Singapore,2371890.524,2.372,4529.0,False,523.71,2331.596
2023-02-01,2023,2,Feb,India export,31,Azerbaijan,2279988.605,2.28,12310.0,False,185.21,2241.255
2023-02-01,2023,2,Feb,India export,152,Chile,1800997.865,1.801,4050.0,False,444.69,1770.402
2023-02-01,2023,2,Feb,India export,604,Peru,1471767.159,1.472,3330.0,False,441.97,1446.764
2023-02-01,2023,2,Feb,India export,64,Bhutan,1134007.306,1.134,5807.0,False,195.28,1114.742
2023-02-01,2023,2,Feb,India export,156,China,970597.629,0.971,3010.0,False,322.46,954.109
2023-02-01,2023,2,Feb,India export,320,Guatemala,821365.958,0.821,1880.0,False,436.9,807.412
2023-02-01,2023,2,Feb,India export,504,Morocco,819592.019,0.82,6500.0,False,126.09,805.669
2023-02-01,2023,2,Feb,India export,268,Georgia,661754.462,0.662,3050.0,False,216.97,650.512
2023-02-01,2023,2,Feb,India export,170,Colombia,649937.968,0.65,1460.0,False,445.16,638.897
2023-02-01,2023,2,Feb,India export,400,Jordan,392196.086,0.392,3400.0,False,115.35,385.533
2023-02-01,2023,2,Feb,India export,858,Uruguay,391610.451,0.392,870.0,False,,384.958
2023-02-01,2023,2,Feb,India export,51,Armenia,333556.995,0.334,2500.0,False,133.42,327.89
2023-02-01,2023,2,Feb,India export,422,Lebanon,281724.96,0.282,5182.0,False,54.37,276.939
2023-02-01,2023,2,Feb,India export,344,Hong Kong,185907.433,0.186,422.0,False,,182.749
2023-02-01,2023,2,Feb,India export,512,Oman,67948.487,0.068,140.0,False,,66.794
2023-02-01,2023,2,Feb,India export,414,Kuwait,66355.786,0.066,130.0,False,,65.229
2023-02-01,2023,2,Feb,India export,144,Sri Lanka,48608.34,0.049,600.0,False,,47.783
2023-02-01,2023,2,Feb,India export,554,New Zealand,31819.138,0.032,70.0,False,,31.279
2023-02-01,2023,2,Feb,India export,410,South Korea,7486.876,0.007,92.0,False,,7.36
2023-02-01,2023,2,Feb,India export,376,Israel,5114.033,0.005,10.0,False,,5.027
2023-02-01,2023,2,Feb,India export,48,Bahrain,5097.883,0.005,10.0,False,,5.011
2023-02-01,2023,2,Feb,India export,462,Maldives,1996.228,0.002,20.0,False,,1.962
2023-02-01,2023,2,Feb,India export,372,Ireland,906.224,0.001,2.0,False,,0.891
2023-02-01,2023,2,Feb,India export,854,Burkina Faso,755.615,0.001,2.0,False,,0.743
2023-03-01,2023,3,Mar,India export,842,United States,694991376.97,694.991,1474450.0,False,471.36,683184.637
2023-03-01,2023,3,Mar,India export,784,United Arab Emirates,212533814.43,212.534,1159900.0,False,183.23,208923.221
2023-03-01,2023,3,Mar,India export,528,Netherlands,149397693.494,149.398,379572.0,False,393.6,146859.677
2023-03-01,2023,3,Mar,India export,826,United Kingdom,126362101.319,126.362,364752.0,False,346.43,124215.421
2023-03-01,2023,3,Mar,India export,380,Italy,84105787.994,84.106,257380.0,False,326.78,82676.972
2023-03-01,2023,3,Mar,India export,203,Czechia,84087859.972,84.088,176730.0,False,475.8,82659.348
2023-03-01,2023,3,Mar,India export,40,Austria,49536276.201,49.536,265205.0,False,186.78,48694.738
2023-03-01,2023,3,Mar,India export,276,Germany,38655752.872,38.656,214111.0,False,180.54,37999.056
2023-03-01,2023,3,Mar,India export,682,Saudi Arabia,37674362.116,37.674,164055.0,False,229.64,37034.338
2023-03-01,2023,3,Mar,India export,251,France,24329809.198,24.33,139670.0,False,174.19,23916.486
2023-03-01,2023,3,Mar,India export,36,Australia,21721984.897,21.722,44030.0,False,493.35,21352.965
2023-03-01,2023,3,Mar,India export,710,South Africa,18055074.253,18.055,175520.0,False,102.87,17748.349
2023-03-01,2023,3,Mar,India export,702,Singapore,17751658.778,17.752,34201.0,False,519.04,17450.088
2023-03-01,2023,3,Mar,India export,724,Spain,15500444.252,15.5,82570.0,False,187.72,15237.118
2023-03-01,2023,3,Mar,India export,392,Japan,14538632.646,14.539,28890.0,False,503.24,14291.646
2023-03-01,2023,3,Mar,India export,124,Canada,13953852.121,13.954,28870.0,False,483.33,13716.8
2023-03-01,2023,3,Mar,India export,792,Türkiye,13202646.172,13.203,31780.0,False,415.44,12978.355
2023-03-01,2023,3,Mar,India export,764,Thailand,8785439.644,8.785,55490.0,False,158.32,8636.19
2023-03-01,2023,3,Mar,India export,524,Nepal,4827382.61,4.827,40100.0,False,120.38,4745.373
2023-03-01,2023,3,Mar,India export,484,Mexico,4180008.43,4.18,9090.0,False,459.85,4108.997
2023-03-01,2023,3,Mar,India export,398,Kazakhstan,2282541.886,2.283,7435.0,False,307.0,2243.765
2023-03-01,2023,3,Mar,India export,170,Colombia,1591680.023,1.592,3500.0,False,454.77,1564.64
2023-03-01,2023,3,Mar,India export,400,Jordan,1530570.436,1.531,14750.0,False,103.77,1504.569
2023-03-01,2023,3,Mar,India export,64,Bhutan,1123516.341,1.124,6502.0,False,172.8,1104.43
2023-03-01,2023,3,Mar,India export,156,China,885260.831,0.885,2859.0,False,309.64,870.222
2023-03-01,2023,3,Mar,India export,376,Israel,575835.678,0.576,1000.0,False,575.84,566.053
2023-03-01,2023,3,Mar,India export,531,Curaçao,528583.938,0.529,1400.0,False,377.56,519.604
2023-03-01,2023,3,Mar,India export,152,Chile,430905.828,0.431,960.0,False,,423.585
2023-03-01,2023,3,Mar,India export,504,Morocco,304126.765,0.304,2950.0,False,103.09,298.96
2023-03-01,2023,3,Mar,India export,31,Azerbaijan,231860.944,0.232,815.0,False,,227.922
2023-03-01,2023,3,Mar,India export,422,Lebanon,221395.498,0.221,3944.0,False,56.13,217.634
2023-03-01,2023,3,Mar,India export,144,Sri Lanka,205000.799,0.205,2500.0,False,82.0,201.518
2023-03-01,2023,3,Mar,India export,344,Hong Kong,191140.534,0.191,1200.0,False,159.28,187.893
2023-03-01,2023,3,Mar,India export,704,Vietnam,93306.412,0.093,1046.0,False,89.2,91.721
2023-03-01,2023,3,Mar,India export,70,Bosnia and Herzegovina,87856.508,0.088,1470.0,False,59.77,86.364
2023-03-01,2023,3,Mar,India export,512,Oman,81278.842,0.081,170.0,False,,79.898
2023-03-01,2023,3,Mar,India export,48,Bahrain,66864.004,0.067,140.0,False,,65.728
2023-03-01,2023,3,Mar,India export,566,Nigeria,54113.126,0.054,154.0,False,,53.194
2023-03-01,2023,3,Mar,India export,410,South Korea,41211.9,0.041,130.0,False,,40.512
2023-03-01,2023,3,Mar,India export,858,Uruguay,27441.404,0.027,60.0,False,,26.975
2023-03-01,2023,3,Mar,India export,554,New Zealand,26669.316,0.027,60.0,False,,26.216
2023-03-01,2023,3,Mar,India export,604,Peru,22990.837,0.023,50.0,False,,22.6
2023-03-01,2023,3,Mar,India export,268,Georgia,15656.432,0.016,75.0,False,,15.39
2023-03-01,2023,3,Mar,India export,414,Kuwait,14798.087,0.015,30.0,False,,14.547
2023-03-01,2023,3,Mar,India export,800,Uganda,6705.813,0.007,3.0,False,,6.592
2023-03-01,2023,3,Mar,India export,729,Sudan,2772.048,0.003,10.0,False,,2.725
2023-03-01,2023,3,Mar,India export,372,Ireland,518.747,0.001,1.0,False,,0.51
2023-03-01,2023,3,Mar,India export,616,Poland,116.334,0.0,2.0,False,,0.114
2023-04-01,2023,4,Apr,India export,842,United States,294012566.32,294.013,681860.0,False,431.19,289017.785
2023-04-01,2023,4,Apr,India export,784,United Arab Emirates,224418033.281,224.418,1027780.0,False,218.35,220605.547
2023-04-01,2023,4,Apr,India export,528,Netherlands,90533491.939,90.533,259535.0,False,348.83,88995.48
2023-04-01,2023,4,Apr,India export,826,United Kingdom,83799229.801,83.799,252021.0,False,332.51,82375.621
2023-04-01,2023,4,Apr,India export,380,Italy,66459391.613,66.459,226780.0,False,293.06,65330.358
2023-04-01,2023,4,Apr,India export,203,Czechia,57212829.483,57.213,119620.0,False,478.29,56240.879
2023-04-01,2023,4,Apr,India export,40,Austria,35140889.095,35.141,182205.0,False,192.86,34543.904
2023-04-01,2023,4,Apr,India export,276,Germany,31861792.456,31.862,171929.0,False,185.32,31320.514
2023-04-01,2023,4,Apr,India export,710,South Africa,28572638.612,28.573,285100.0,False,100.22,28087.237
2023-04-01,2023,4,Apr,India export,682,Saudi Arabia,28043724.759,28.044,103975.0,False,269.72,27567.309
2023-04-01,2023,4,Apr,India export,792,Türkiye,25323274.957,25.323,61154.0,False,414.09,24893.075
2023-04-01,2023,4,Apr,India export,251,France,19936516.355,19.937,117950.0,False,169.03,19597.828
2023-04-01,2023,4,Apr,India export,124,Canada,15013296.149,15.013,31360.0,False,478.74,14758.245
2023-04-01,2023,4,Apr,India export,724,Spain,14865330.978,14.865,80860.0,False,183.84,14612.794
2023-04-01,2023,4,Apr,India export,484,Mexico,8975494.764,8.975,19510.0,False,460.05,8823.016
2023-04-01,2023,4,Apr,India export,36,Australia,7707055.397,7.707,14920.0,False,516.56,7576.125
2023-04-01,2023,4,Apr,India export,392,Japan,7530089.032,7.53,15211.0,False,495.04,7402.165
2023-04-01,2023,4,Apr,India export,524,Nepal,6515767.622,6.516,52540.0,False,124.02,6405.076
2023-04-01,2023,4,Apr,India export,764,Thailand,5639436.461,5.639,50900.0,False,110.79,5543.632
2023-04-01,2023,4,Apr,India export,480,Mauritius,2361718.534,2.362,7380.0,False,320.02,2321.597
2023-04-01,2023,4,Apr,India export,398,Kazakhstan,2308164.091,2.308,7515.0,False,307.14,2268.952
2023-04-01,2023,4,Apr,India export,643,Russia,2162062.692,2.162,3078.0,False,702.42,2125.333
2023-04-01,2023,4,Apr,India export,152,Chile,2093626.06,2.094,4710.0,False,444.51,2058.059
2023-04-01,2023,4,Apr,India export,702,Singapore,1498139.675,1.498,2851.0,False,525.48,1472.689
2023-04-01,2023,4,Apr,India export,400,Jordan,1052683.315,1.053,8990.0,False,117.09,1034.8
2023-04-01,2023,4,Apr,India export,504,Morocco,882440.831,0.882,11695.0,False,75.45,867.45
2023-04-01,2023,4,Apr,India export,50,Bangladesh,822686.985,0.823,11000.0,False,74.79,808.711
2023-04-01,2023,4,Apr,India export,64,Bhutan,693470.023,0.693,3037.0,False,228.34,681.689
2023-04-01,2023,4,Apr,India export,156,China,687835.696,0.688,2024.0,False,339.84,676.151
2023-04-01,2023,4,Apr,India export,170,Colombia,498645.712,0.499,1110.0,False,449.23,490.175
2023-04-01,2023,4,Apr,India export,144,Sri Lanka,278137.036,0.278,3400.0,False,81.81,273.412
2023-04-01,2023,4,Apr,India export,31,Azerbaijan,164341.481,0.164,540.0,False,,161.55
2023-04-01,2023,4,Apr,India export,376,Israel,135218.44,0.135,200.0,False,,132.921
2023-04-01,2023,4,Apr,India export,414,Kuwait,128672.514,0.129,280.0,False,,126.487
2023-04-01,2023,4,Apr,India export,344,Hong Kong,118985.569,0.119,245.0,False,,116.964
2023-04-01,2023,4,Apr,India export,458,Malaysia,112959.255,0.113,1320.0,False,85.58,111.04
2023-04-01,2023,4,Apr,India export,634,Qatar,54580.305,0.055,104.0,False,,53.653
2023-04-01,2023,4,Apr,India export,410,South Korea,33708.22,0.034,126.0,False,,33.136
2023-04-01,2023,4,Apr,India export,268,Georgia,24247.656,0.024,80.0,False,,23.836
2023-04-01,2023,4,Apr,India export,512,Oman,8979.845,0.009,20.0,False,,8.827
2023-04-01,2023,4,Apr,India export,858,Uruguay,4751.295,0.005,10.0,False,,4.671
2023-04-01,2023,4,Apr,India export,616,Poland,1793.131,0.002,2.0,False,,1.763
2023-04-01,2023,4,Apr,India export,372,Ireland,495.606,0.0,1.0,False,,0.487
2023-05-01,2023,5,May,India export,842,United States,518851401.869,518.851,1121350.0,False,462.7,510036.985
2023-05-01,2023,5,May,India export,784,United Arab Emirates,260134296.938,260.134,1232080.0,False,211.13,255715.051
2023-05-01,2023,5,May,India export,528,Netherlands,114435510.308,114.436,278101.0,False,411.49,112491.443
2023-05-01,2023,5,May,India export,380,Italy,70123764.33,70.124,224590.0,False,312.23,68932.479
2023-05-01,2023,5,May,India export,826,United Kingdom,67541221.351,67.541,211789.0,False,318.91,66393.809
2023-05-01,2023,5,May,India export,203,Czechia,58297761.005,58.298,124810.0,False,467.09,57307.38
2023-05-01,2023,5,May,India export,792,Türkiye,35898942.66,35.899,91150.0,False,393.84,35289.08
2023-05-01,2023,5,May,India export,40,Austria,34346149.854,34.346,178500.0,False,192.42,33762.666
2023-05-01,2023,5,May,India export,276,Germany,34072410.043,34.072,141195.0,False,241.31,33493.577
2023-05-01,2023,5,May,India export,682,Saudi Arabia,30266872.124,30.267,100670.0,False,300.65,29752.689
2023-05-01,2023,5,May,India export,710,South Africa,23187657.734,23.188,218510.0,False,106.12,22793.738
2023-05-01,2023,5,May,India export,251,France,19575884.931,19.576,122101.0,False,160.33,19243.323
2023-05-01,2023,5,May,India export,124,Canada,19538324.95,19.538,40590.0,False,481.36,19206.402
2023-05-01,2023,5,May,India export,392,Japan,13907996.861,13.908,28081.0,False,495.28,13671.723
2023-05-01,2023,5,May,India export,724,Spain,9992607.28,9.993,55475.0,False,180.13,9822.85
2023-05-01,2023,5,May,India export,36,Australia,8698858.693,8.699,17510.0,False,496.79,8551.08
2023-05-01,2023,5,May,India export,524,Nepal,7859159.951,7.859,57247.0,False,137.29,7725.646
2023-05-01,2023,5,May,India export,643,Russia,5656759.465,5.657,9449.0,False,598.66,5560.661
2023-05-01,2023,5,May,India export,764,Thailand,4914758.251,4.915,52690.0,False,93.28,4831.265
2023-05-01,2023,5,May,India export,702,Singapore,4753589.205,4.754,9340.0,False,508.95,4672.834
2023-05-01,2023,5,May,India export,484,Mexico,3937930.552,3.938,8340.0,False,472.17,3871.032
2023-05-01,2023,5,May,India export,170,Colombia,3118628.284,3.119,6980.0,False,446.79,3065.648
2023-05-01,2023,5,May,India export,152,Chile,2499253.37,2.499,5610.0,False,445.5,2456.795
2023-05-01,2023,5,May,India export,504,Morocco,2260854.978,2.261,25360.0,False,89.15,2222.447
2023-05-01,2023,5,May,India export,480,Mauritius,1538704.285,1.539,4820.0,False,319.23,1512.564
2023-05-01,2023,5,May,India export,398,Kazakhstan,1212297.292,1.212,3980.0,False,304.6,1191.702
2023-05-01,2023,5,May,India export,400,Jordan,1157403.398,1.157,9200.0,False,125.8,1137.741
2023-05-01,2023,5,May,India export,344,Hong Kong,1145093.616,1.145,1790.0,False,639.72,1125.64
2023-05-01,2023,5,May,India export,64,Bhutan,1004482.704,1.004,5561.0,False,180.63,987.418
2023-05-01,2023,5,May,India export,604,Peru,978301.992,0.978,2180.0,False,448.76,961.682
2023-05-01,2023,5,May,India export,704,Vietnam,879257.228,0.879,4843.0,False,181.55,864.32
2023-05-01,2023,5,May,India export,858,Uruguay,410337.973,0.41,930.0,False,,403.367
2023-05-01,2023,5,May,India export,156,China,359876.879,0.36,1072.0,False,335.71,353.763
2023-05-01,2023,5,May,India export,188,Costa Rica,215744.623,0.216,490.0,False,,212.079
2023-05-01,2023,5,May,India export,458,Malaysia,143410.517,0.143,1880.0,False,76.28,140.974
2023-05-01,2023,5,May,India export,376,Israel,82410.035,0.082,600.0,False,,81.01
2023-05-01,2023,5,May,India export,268,Georgia,54467.419,0.054,180.0,False,,53.542
2023-05-01,2023,5,May,India export,31,Azerbaijan,36406.568,0.036,120.0,False,,35.788
2023-05-01,2023,5,May,India export,410,South Korea,30490.135,0.03,95.0,False,,29.972
2023-05-01,2023,5,May,India export,462,Maldives,10646.708,0.011,80.0,False,,10.466
2023-05-01,2023,5,May,India export,642,Romania,6070.174,0.006,36.0,False,,5.967
2023-06-01,2023,6,Jun,India export,842,United States,526491114.189,526.491,1143910.0,False,460.26,517546.912
2023-06-01,2023,6,Jun,India export,784,United Arab Emirates,159065234.5,159.065,679802.0,False,233.99,156362.983
2023-06-01,2023,6,Jun,India export,826,United Kingdom,141167062.304,141.167,393014.0,False,359.19,138768.87
2023-06-01,2023,6,Jun,India export,528,Netherlands,129627221.014,129.627,362484.0,False,357.61,127425.072
2023-06-01,2023,6,Jun,India export,203,Czechia,72889175.925,72.889,155020.0,False,470.19,71650.911
2023-06-01,2023,6,Jun,India export,380,Italy,70215566.33,70.216,267600.0,False,262.39,69022.721
2023-06-01,2023,6,Jun,India export,40,Austria,49265651.468,49.266,263282.0,False,187.12,48428.711
2023-06-01,2023,6,Jun,India export,276,Germany,28216343.734,28.216,153286.0,False,184.08,27736.995
2023-06-01,2023,6,Jun,India export,710,South Africa,19536131.543,19.536,149270.0,False,130.88,19204.245
2023-06-01,2023,6,Jun,India export,724,Spain,18407530.607,18.408,98973.0,False,185.99,18094.817
2023-06-01,2023,6,Jun,India export,251,France,16373650.408,16.374,93142.0,False,175.79,16095.49
2023-06-01,2023,6,Jun,India export,702,Singapore,9769035.052,9.769,18510.0,False,527.77,9603.076
2023-06-01,2023,6,Jun,India export,36,Australia,8512550.894,8.513,16280.0,False,522.88,8367.937
2023-06-01,2023,6,Jun,India export,124,Canada,5465624.748,5.466,11270.0,False,484.97,5372.773
2023-06-01,2023,6,Jun,India export,682,Saudi Arabia,5062983.028,5.063,32640.0,False,155.12,4976.971
2023-06-01,2023,6,Jun,India export,792,Türkiye,5002291.907,5.002,11670.0,False,428.65,4917.311
2023-06-01,2023,6,Jun,India export,764,Thailand,4671844.996,4.672,35110.0,False,133.06,4592.478
2023-06-01,2023,6,Jun,India export,392,Japan,4604287.9,4.604,9330.0,False,493.49,4526.069
2023-06-01,2023,6,Jun,India export,524,Nepal,4277143.704,4.277,33750.0,False,126.73,4204.482
2023-06-01,2023,6,Jun,India export,504,Morocco,1685307.152,1.685,15200.0,False,110.88,1656.677
2023-06-01,2023,6,Jun,India export,643,Russia,1615621.588,1.616,4382.0,False,368.7,1588.175
2023-06-01,2023,6,Jun,India export,156,China,1464727.745,1.465,4059.0,False,360.86,1439.844
2023-06-01,2023,6,Jun,India export,152,Chile,1394454.256,1.394,3120.0,False,446.94,1370.765
2023-06-01,2023,6,Jun,India export,604,Peru,1231489.98,1.231,2710.0,False,454.42,1210.569
2023-06-01,2023,6,Jun,India export,64,Bhutan,1006075.097,1.006,6111.0,False,164.63,988.984
2023-06-01,2023,6,Jun,India export,170,Colombia,710918.007,0.711,1600.0,False,444.32,698.841
2023-06-01,2023,6,Jun,India export,458,Malaysia,701821.826,0.702,8800.0,False,79.75,689.899
2023-06-01,2023,6,Jun,India export,344,Hong Kong,640289.382,0.64,1336.0,False,479.26,629.412
2023-06-01,2023,6,Jun,India export,484,Mexico,582497.304,0.582,1240.0,False,469.76,572.602
2023-06-01,2023,6,Jun,India export,400,Jordan,444481.284,0.444,2750.0,False,161.63,436.93
2023-06-01,2023,6,Jun,India export,704,Vietnam,193383.715,0.193,610.0,False,,190.098
2023-06-01,2023,6,Jun,India export,858,Uruguay,177310.935,0.177,400.0,False,,174.299
2023-06-01,2023,6,Jun,India export,376,Israel,132130.723,0.132,200.0,False,,129.886
2023-06-01,2023,6,Jun,India export,144,Sri Lanka,117451.482,0.117,2000.0,False,58.73,115.456
2023-06-01,2023,6,Jun,India export,50,Bangladesh,62320.284,0.062,1000.0,False,62.32,61.262
2023-06-01,2023,6,Jun,India export,410,South Korea,33943.271,0.034,228.0,False,,33.367
2023-06-01,2023,6,Jun,India export,372,Ireland,28159.834,0.028,98.0,False,,27.681
2023-06-01,2023,6,Jun,India export,414,Kuwait,27164.457,0.027,60.0,False,,26.703
2023-06-01,2023,6,Jun,India export,490,Taiwan,819.122,0.001,1.0,False,,0.805
2023-07-01,2023,7,Jul,India export,842,United States,338348282.012,338.348,871233.0,False,388.36,332600.311
2023-07-01,2023,7,Jul,India export,784,United Arab Emirates,192687226.93,192.687,684258.0,False,281.6,189413.794
2023-07-01,2023,7,Jul,India export,40,Austria,44907393.233,44.907,243185.0,False,184.66,44144.492
2023-07-01,2023,7,Jul,India export,528,Netherlands,44680152.614,44.68,129670.0,False,344.57,43921.112
2023-07-01,2023,7,Jul,India export,826,United Kingdom,43726459.637,43.726,146952.0,False,297.56,42983.62
2023-07-01,2023,7,Jul,India export,203,Czechia,41832850.546,41.833,88530.0,False,472.53,41122.18
2023-07-01,2023,7,Jul,India export,380,Italy,38878122.931,38.878,200865.0,False,193.55,38217.649
2023-07-01,2023,7,Jul,India export,276,Germany,25639810.69,25.64,136597.0,False,187.7,25204.233
2023-07-01,2023,7,Jul,India export,124,Canada,19992772.21,19.993,51030.0,False,391.78,19653.128
2023-07-01,2023,7,Jul,India export,792,Türkiye,19968724.629,19.969,52280.0,False,381.96,19629.489
2023-07-01,2023,7,Jul,India export,682,Saudi Arabia,17530489.879,17.53,81400.0,False,215.36,17232.676
2023-07-01,2023,7,Jul,India export,251,France,16897576.792,16.898,87444.0,False,193.24,16610.515
2023-07-01,2023,7,Jul,India export,36,Australia,13699120.956,13.699,38050.0,False,360.03,13466.396
2023-07-01,2023,7,Jul,India export,484,Mexico,13165779.352,13.166,28860.0,False,456.19,12942.115
2023-07-01,2023,7,Jul,India export,724,Spain,12150140.278,12.15,67430.0,False,180.19,11943.73
2023-07-01,2023,7,Jul,India export,764,Thailand,9642612.261,9.643,46811.0,False,205.99,9478.8
2023-07-01,2023,7,Jul,India export,392,Japan,8665664.7,8.666,17830.0,False,486.02,8518.45
2023-07-01,2023,7,Jul,India export,398,Kazakhstan,5931480.987,5.931,37150.0,False,159.66,5830.715
2023-07-01,2023,7,Jul,India export,458,Malaysia,5591303.111,5.591,33930.0,False,164.79,5496.316
2023-07-01,2023,7,Jul,India export,710,South Africa,5481046.633,5.481,35986.0,False,152.31,5387.933
2023-07-01,2023,7,Jul,India export,752,Sweden,4654046.08,4.654,25130.0,False,185.2,4574.982
2023-07-01,2023,7,Jul,India export,524,Nepal,4526477.253,4.526,33850.0,False,133.72,4449.58
2023-07-01,2023,7,Jul,India export,702,Singapore,3876554.068,3.877,8491.0,False,456.55,3810.698
2023-07-01,2023,7,Jul,India export,504,Morocco,3708173.397,3.708,34520.0,False,107.42,3645.178
2023-07-01,2023,7,Jul,India export,188,Costa Rica,2063328.521,2.063,13970.0,False,147.7,2028.276
2023-07-01,2023,7,Jul,India export,300,Greece,1660521.131,1.661,9310.0,False,178.36,1632.312
2023-07-01,2023,7,Jul,India export,31,Azerbaijan,1571761.77,1.572,12370.0,False,127.06,1545.06
2023-07-01,2023,7,Jul,India export,156,China,1518645.717,1.519,4528.0,False,335.39,1492.846
2023-07-01,2023,7,Jul,India export,608,Philippines,1241727.446,1.242,6300.0,False,197.1,1220.633
2023-07-01,2023,7,Jul,India export,64,Bhutan,1026357.631,1.026,5823.0,False,176.26,1008.922
2023-07-01,2023,7,Jul,India export,620,Portugal,958248.495,0.958,5300.0,False,180.8,941.969
2023-07-01,2023,7,Jul,India export,591,Panama,869894.358,0.87,5990.0,False,145.22,855.116
2023-07-01,2023,7,Jul,India export,320,Guatemala,807777.556,0.808,6570.0,False,122.95,794.055
2023-07-01,2023,7,Jul,India export,268,Georgia,549360.181,0.549,3440.0,False,159.7,540.027
2023-07-01,2023,7,Jul,India export,218,Ecuador,396795.221,0.397,2140.0,False,185.42,390.054
2023-07-01,2023,7,Jul,India export,170,Colombia,347763.798,0.348,770.0,False,,341.856
2023-07-01,2023,7,Jul,India export,144,Sri Lanka,285546.554,0.286,2550.0,False,111.98,280.696
2023-07-01,2023,7,Jul,India export,152,Chile,247825.265,0.248,550.0,False,,243.615
2023-07-01,2023,7,Jul,India export,604,Peru,217814.251,0.218,480.0,False,,214.114
2023-07-01,2023,7,Jul,India export,400,Jordan,173498.719,0.173,1100.0,False,157.73,170.551
2023-07-01,2023,7,Jul,India export,860,Uzbekistan,157153.601,0.157,800.0,False,,154.484
2023-07-01,2023,7,Jul,India export,214,Dominican Republic,114393.398,0.114,700.0,False,,112.45
2023-07-01,2023,7,Jul,India export,222,El Salvador,99591.939,0.1,750.0,False,,97.9
2023-07-01,2023,7,Jul,India export,208,Denmark,92550.161,0.093,146.0,False,,90.978
2023-07-01,2023,7,Jul,India export,558,Nicaragua,86829.254,0.087,590.0,False,,85.354
2023-07-01,2023,7,Jul,India export,340,Honduras,19304.03,0.019,200.0,False,,18.976
2023-07-01,2023,7,Jul,India export,388,Jamaica,19270.127,0.019,200.0,False,,18.943
2023-07-01,2023,7,Jul,India export,410,South Korea,6030.641,0.006,83.0,False,,5.928
2023-07-01,2023,7,Jul,India export,24,Angola,4948.463,0.005,50.0,False,,4.864
2023-07-01,2023,7,Jul,India export,858,Uruguay,4524.901,0.005,10.0,False,,4.448
2023-07-01,2023,7,Jul,India export,56,Belgium,1969.764,0.002,2.0,False,,1.936
2023-07-01,2023,7,Jul,India export,344,Hong Kong,983.331,0.001,2.0,False,,0.967
2023-07-01,2023,7,Jul,India export,372,Ireland,436.875,0.0,1.0,False,,0.429
2023-08-01,2023,8,Aug,India export,842,United States,220283354.599,220.283,705000.0,False,312.46,216541.109
2023-08-01,2023,8,Aug,India export,784,United Arab Emirates,208721878.639,208.722,776084.0,False,268.94,205176.043
2023-08-01,2023,8,Aug,India export,826,United Kingdom,71403653.167,71.404,217812.0,False,327.82,70190.625
2023-08-01,2023,8,Aug,India export,40,Austria,58928435.376,58.928,321180.0,False,183.47,57927.34
2023-08-01,2023,8,Aug,India export,528,Netherlands,54514610.416,54.515,170344.0,False,320.03,53588.498
2023-08-01,2023,8,Aug,India export,380,Italy,34077441.602,34.077,142625.0,False,238.93,33498.523
2023-08-01,2023,8,Aug,India export,251,France,30334642.447,30.335,133950.0,False,226.46,29819.308
2023-08-01,2023,8,Aug,India export,203,Czechia,27766324.502,27.766,61529.0,False,451.27,27294.621
2023-08-01,2023,8,Aug,India export,792,Türkiye,25189884.958,25.19,65990.0,False,381.72,24761.951
2023-08-01,2023,8,Aug,India export,276,Germany,23410827.147,23.411,118385.0,False,197.75,23013.116
2023-08-01,2023,8,Aug,India export,484,Mexico,22964441.337,22.964,75175.0,False,305.48,22574.314
2023-08-01,2023,8,Aug,India export,398,Kazakhstan,19223520.206,19.224,124980.0,False,153.81,18896.945
2023-08-01,2023,8,Aug,India export,682,Saudi Arabia,18276745.968,18.277,86073.0,False,212.34,17966.255
2023-08-01,2023,8,Aug,India export,710,South Africa,15914156.068,15.914,122890.0,False,129.5,15643.801
2023-08-01,2023,8,Aug,India export,724,Spain,14538450.299,14.538,76050.0,False,191.17,14291.466
2023-08-01,2023,8,Aug,India export,36,Australia,12780667.874,12.781,44130.0,False,289.61,12563.546
2023-08-01,2023,8,Aug,India export,124,Canada,11796174.101,11.796,38000.0,False,310.43,11595.777
2023-08-01,2023,8,Aug,India export,392,Japan,11419765.036,11.42,23440.0,False,487.19,11225.762
2023-08-01,2023,8,Aug,India export,752,Sweden,10765488.349,10.765,52610.0,False,204.63,10582.601
2023-08-01,2023,8,Aug,India export,764,Thailand,9481126.877,9.481,47898.0,False,197.94,9320.058
2023-08-01,2023,8,Aug,India export,524,Nepal,8552460.149,8.552,65200.0,False,131.17,8407.168
2023-08-01,2023,8,Aug,India export,643,Russia,7350859.132,7.351,11300.0,False,650.52,7225.98
2023-08-01,2023,8,Aug,India export,458,Malaysia,6826924.147,6.827,34515.0,False,197.8,6710.946
2023-08-01,2023,8,Aug,India export,702,Singapore,5112350.531,5.112,13942.0,False,366.69,5025.5
2023-08-01,2023,8,Aug,India export,608,Philippines,3995080.801,3.995,19570.0,False,204.14,3927.211
2023-08-01,2023,8,Aug,India export,300,Greece,2862459.058,2.862,15536.0,False,184.25,2813.831
2023-08-01,2023,8,Aug,India export,604,Peru,2594436.514,2.594,11900.0,False,218.02,2550.361
2023-08-01,2023,8,Aug,India export,504,Morocco,2401861.823,2.402,16850.0,False,142.54,2361.058
2023-08-01,2023,8,Aug,India export,31,Azerbaijan,1868457.091,1.868,14115.0,False,132.37,1836.715
2023-08-01,2023,8,Aug,India export,64,Bhutan,1318652.747,1.319,9004.0,False,146.45,1296.251
2023-08-01,2023,8,Aug,India export,860,Uzbekistan,1230605.613,1.231,10250.0,False,120.06,1209.7
2023-08-01,2023,8,Aug,India export,156,China,1102612.973,1.103,3467.0,False,318.03,1083.881
2023-08-01,2023,8,Aug,India export,170,Colombia,1007143.168,1.007,2260.0,False,445.64,990.033
2023-08-01,2023,8,Aug,India export,152,Chile,964242.431,0.964,2130.0,False,452.7,947.862
2023-08-01,2023,8,Aug,India export,268,Georgia,876182.856,0.876,5055.0,False,173.33,861.298
2023-08-01,2023,8,Aug,India export,188,Costa Rica,701738.637,0.702,3610.0,False,194.39,689.817
2023-08-01,2023,8,Aug,India export,400,Jordan,662540.351,0.663,4500.0,False,147.23,651.285
2023-08-01,2023,8,Aug,India export,591,Panama,391804.021,0.392,2040.0,False,192.06,385.148
2023-08-01,2023,8,Aug,India export,218,Ecuador,372209.752,0.372,1910.0,False,194.87,365.887
2023-08-01,2023,8,Aug,India export,320,Guatemala,305998.803,0.306,1650.0,False,185.45,300.8
2023-08-01,2023,8,Aug,India export,144,Sri Lanka,293323.36,0.293,3700.0,False,79.28,288.34
2023-08-01,2023,8,Aug,India export,222,El Salvador,234370.56,0.234,1200.0,False,195.31,230.389
2023-08-01,2023,8,Aug,India export,620,Portugal,232423.285,0.232,1200.0,False,193.69,228.475
2023-08-01,2023,8,Aug,India export,214,Dominican Republic,176348.648,0.176,900.0,False,,173.353
2023-08-01,2023,8,Aug,India export,340,Honduras,175578.392,0.176,900.0,False,,172.596
2023-08-01,2023,8,Aug,India export,376,Israel,118702.443,0.119,280.0,False,,116.686
2023-08-01,2023,8,Aug,India export,410,South Korea,36817.456,0.037,180.0,False,,36.192
2023-08-01,2023,8,Aug,India export,558,Nicaragua,17377.417,0.017,90.0,False,,17.082
2023-08-01,2023,8,Aug,India export,414,Kuwait,15487.882,0.015,30.0,False,,15.225
2023-08-01,2023,8,Aug,India export,858,Uruguay,4597.246,0.005,10.0,False,,4.519
2023-08-01,2023,8,Aug,India export,798,Tuvalu,2233.11,0.002,3.0,False,,2.195
2023-08-01,2023,8,Aug,India export,246,Finland,1723.782,0.002,2.0,False,,1.694
2023-08-01,2023,8,Aug,India export,344,Hong Kong,1417.81,0.001,3.0,False,,1.394
2023-08-01,2023,8,Aug,India export,690,Seychelles,312.555,0.0,2.0,False,,0.307
2023-09-01,2023,9,Sep,India export,842,United States,217900719.014,217.901,597772.0,False,364.52,214198.951
2023-09-01,2023,9,Sep,India export,784,United Arab Emirates,173664398.493,173.664,710877.0,False,244.3,170714.131
2023-09-01,2023,9,Sep,India export,826,United Kingdom,86764714.796,86.765,227779.0,False,380.92,85290.728
2023-09-01,2023,9,Sep,India export,40,Austria,64812405.135,64.812,333685.0,False,194.23,63711.351
2023-09-01,2023,9,Sep,India export,528,Netherlands,50323748.418,50.324,130358.0,False,386.04,49468.832
2023-09-01,2023,9,Sep,India export,203,Czechia,41744639.784,41.745,90210.0,False,462.75,41035.468
2023-09-01,2023,9,Sep,India export,792,Türkiye,41465240.606,41.465,100920.0,False,410.87,40760.816
2023-09-01,2023,9,Sep,India export,380,Italy,39495875.731,39.496,165211.0,False,239.06,38824.907
2023-09-01,2023,9,Sep,India export,276,Germany,20578634.274,20.579,89357.0,False,230.3,20229.038
2023-09-01,2023,9,Sep,India export,484,Mexico,20097320.683,20.097,70690.0,False,284.3,19755.901
2023-09-01,2023,9,Sep,India export,251,France,19781072.823,19.781,86453.0,False,228.81,19445.026
2023-09-01,2023,9,Sep,India export,682,Saudi Arabia,16686506.023,16.687,94172.0,False,177.19,16403.03
2023-09-01,2023,9,Sep,India export,724,Spain,13500847.949,13.501,62860.0,False,214.78,13271.491
2023-09-01,2023,9,Sep,India export,752,Sweden,10059153.987,10.059,46810.0,False,214.89,9888.266
2023-09-01,2023,9,Sep,India export,524,Nepal,9617318.416,9.617,70150.0,False,137.1,9453.936
2023-09-01,2023,9,Sep,India export,392,Japan,9597479.422,9.597,19420.0,False,494.21,9434.434
2023-09-01,2023,9,Sep,India export,764,Thailand,9583581.419,9.584,44622.0,False,214.77,9420.772
2023-09-01,2023,9,Sep,India export,398,Kazakhstan,8996671.363,8.997,47800.0,False,188.21,8843.833
2023-09-01,2023,9,Sep,India export,36,Australia,8360609.088,8.361,25380.0,False,329.42,8218.576
2023-09-01,2023,9,Sep,India export,702,Singapore,8356609.09,8.357,34371.0,False,243.13,8214.644
2023-09-01,2023,9,Sep,India export,710,South Africa,7730906.122,7.731,33270.0,False,232.37,7599.571
2023-09-01,2023,9,Sep,India export,124,Canada,5418706.912,5.419,17740.0,False,305.45,5326.652
2023-09-01,2023,9,Sep,India export,643,Russia,3715822.556,3.716,6496.0,False,572.02,3652.697
2023-09-01,2023,9,Sep,India export,604,Peru,3209642.71,3.21,16270.0,False,197.27,3155.116
2023-09-01,2023,9,Sep,India export,504,Morocco,3135159.082,3.135,19050.0,False,164.58,3081.898
2023-09-01,2023,9,Sep,India export,300,Greece,2890171.269,2.89,13404.0,False,215.62,2841.072
2023-09-01,2023,9,Sep,India export,458,Malaysia,2678505.517,2.679,12100.0,False,221.36,2633.002
2023-09-01,2023,9,Sep,India export,620,Portugal,2227278.799,2.227,10400.0,False,214.16,2189.441
2023-09-01,2023,9,Sep,India export,860,Uzbekistan,1653048.173,1.653,8400.0,False,196.79,1624.966
2023-09-01,2023,9,Sep,India export,170,Colombia,1413501.089,1.414,5880.0,False,240.39,1389.488
2023-09-01,2023,9,Sep,India export,608,Philippines,1084940.842,1.085,4210.0,False,257.71,1066.51
2023-09-01,2023,9,Sep,India export,156,China,963201.777,0.963,3006.0,False,320.43,946.839
2023-09-01,2023,9,Sep,India export,31,Azerbaijan,929083.783,0.929,5340.0,False,173.99,913.3
2023-09-01,2023,9,Sep,India export,64,Bhutan,912540.008,0.913,6526.0,False,139.83,897.037
2023-09-01,2023,9,Sep,India export,400,Jordan,834912.621,0.835,6050.0,False,138.0,820.729
2023-09-01,2023,9,Sep,India export,268,Georgia,603089.45,0.603,3065.0,False,196.77,592.844
2023-09-01,2023,9,Sep,India export,144,Sri Lanka,551309.096,0.551,7350.0,False,75.01,541.943
2023-09-01,2023,9,Sep,India export,376,Israel,268883.198,0.269,642.0,False,,264.315
2023-09-01,2023,9,Sep,India export,152,Chile,222011.43,0.222,490.0,False,,218.24
2023-09-01,2023,9,Sep,India export,422,Lebanon,193267.874,0.193,4010.0,False,48.2,189.985
2023-09-01,2023,9,Sep,India export,410,South Korea,81790.45,0.082,118.0,False,,80.401
2023-09-01,2023,9,Sep,India export,512,Oman,14688.578,0.015,40.0,False,,14.439
2023-09-01,2023,9,Sep,India export,372,Ireland,12805.148,0.013,50.0,False,,12.588
2023-09-01,2023,9,Sep,India export,344,Hong Kong,469.909,0.0,1.0,False,,0.462
2023-09-01,2023,9,Sep,India export,246,Finland,151.965,0.0,3.0,False,,0.149
2023-10-01,2023,10,Oct,India export,842,United States,348911817.635,348.912,944477.0,False,369.42,342984.39
2023-10-01,2023,10,Oct,India export,784,United Arab Emirates,223447127.222,223.447,1216660.0,False,183.66,219651.135
2023-10-01,2023,10,Oct,India export,826,United Kingdom,127609495.182,127.609,279985.0,False,455.77,125441.624
2023-10-01,2023,10,Oct,India export,528,Netherlands,111443061.548,111.443,268280.0,False,415.4,109549.831
2023-10-01,2023,10,Oct,India export,203,Czechia,70583707.157,70.584,152880.0,False,461.69,69384.608
2023-10-01,2023,10,Oct,India export,792,Türkiye,67119304.494,67.119,155230.0,False,432.39,65979.06
2023-10-01,2023,10,Oct,India export,40,Austria,64089864.888,64.09,325715.0,False,196.77,63001.085
2023-10-01,2023,10,Oct,India export,380,Italy,62259321.368,62.259,166610.0,False,373.68,61201.64
2023-10-01,2023,10,Oct,India export,484,Mexico,62169519.458,62.17,220460.0,False,282.0,61113.363
2023-10-01,2023,10,Oct,India export,251,France,16290753.383,16.291,71912.0,False,226.54,16014.001
2023-10-01,2023,10,Oct,India export,682,Saudi Arabia,14918772.719,14.919,67335.0,False,221.56,14665.328
2023-10-01,2023,10,Oct,India export,276,Germany,13026361.176,13.026,48230.0,False,270.09,12805.065
2023-10-01,2023,10,Oct,India export,643,Russia,12364954.467,12.365,18823.0,False,656.91,12154.895
2023-10-01,2023,10,Oct,India export,710,South Africa,11339636.649,11.34,45880.0,False,247.16,11146.995
2023-10-01,2023,10,Oct,India export,392,Japan,9340188.556,9.34,19294.0,False,484.1,9181.514
2023-10-01,2023,10,Oct,India export,752,Sweden,8983904.611,8.984,42540.0,False,211.19,8831.283
2023-10-01,2023,10,Oct,India export,724,Spain,8949558.672,8.95,43271.0,False,206.83,8797.521
2023-10-01,2023,10,Oct,India export,36,Australia,5523470.381,5.523,12640.0,False,436.98,5429.636
2023-10-01,2023,10,Oct,India export,124,Canada,5517709.539,5.518,22290.0,False,247.54,5423.973
2023-10-01,2023,10,Oct,India export,764,Thailand,3187906.566,3.188,11490.0,False,277.45,3133.749
2023-10-01,2023,10,Oct,India export,604,Peru,3100209.195,3.1,15380.0,False,201.57,3047.542
2023-10-01,2023,10,Oct,India export,524,Nepal,2136179.568,2.136,13300.0,False,160.62,2099.889
2023-10-01,2023,10,Oct,India export,170,Colombia,1807922.968,1.808,7840.0,False,230.6,1777.209
2023-10-01,2023,10,Oct,India export,702,Singapore,1485951.669,1.486,5452.0,False,272.55,1460.708
2023-10-01,2023,10,Oct,India export,300,Greece,1478294.122,1.478,6120.0,False,241.55,1453.18
2023-10-01,2023,10,Oct,India export,428,Latvia,1208145.188,1.208,5620.0,False,214.97,1187.621
2023-10-01,2023,10,Oct,India export,620,Portugal,1108148.712,1.108,4030.0,False,274.97,1089.323
2023-10-01,2023,10,Oct,India export,458,Malaysia,966585.17,0.967,9410.0,False,102.72,950.165
2023-10-01,2023,10,Oct,India export,64,Bhutan,951781.378,0.952,6669.0,False,142.72,935.612
2023-10-01,2023,10,Oct,India export,400,Jordan,846465.741,0.846,5950.0,False,142.26,832.086
2023-10-01,2023,10,Oct,India export,634,Qatar,800879.961,0.801,7999.0,False,100.12,787.274
2023-10-01,2023,10,Oct,India export,860,Uzbekistan,609370.755,0.609,3100.0,False,196.57,599.019
2023-10-01,2023,10,Oct,India export,152,Chile,549403.845,0.549,1175.0,False,467.58,540.07
2023-10-01,2023,10,Oct,India export,156,China,525486.845,0.525,1497.0,False,351.03,516.56
2023-10-01,2023,10,Oct,India export,144,Sri Lanka,430197.429,0.43,7300.0,False,58.93,422.889
2023-10-01,2023,10,Oct,India export,504,Morocco,410924.101,0.411,1990.0,False,206.49,403.943
2023-10-01,2023,10,Oct,India export,398,Kazakhstan,285031.624,0.285,1450.0,False,196.57,280.189
2023-10-01,2023,10,Oct,India export,414,Kuwait,255059.011,0.255,580.0,False,,250.726
2023-10-01,2023,10,Oct,India export,344,Hong Kong,216322.11,0.216,716.0,False,,212.647
2023-10-01,2023,10,Oct,India export,608,Philippines,194455.417,0.194,500.0,False,,191.152
2023-10-01,2023,10,Oct,India export,512,Oman,110631.675,0.111,250.0,False,,108.752
2023-10-01,2023,10,Oct,India export,70,Bosnia and Herzegovina,50655.863,0.051,1370.0,False,36.98,49.795
2023-10-01,2023,10,Oct,India export,410,South Korea,45206.887,0.045,3.0,False,,44.439
2023-10-01,2023,10,Oct,India export,376,Israel,10216.419,0.01,20.0,False,,10.043
2023-10-01,2023,10,Oct,India export,800,Uganda,7929.418,0.008,5.0,False,,7.795
2023-10-01,2023,10,Oct,India export,462,Maldives,2365.85,0.002,15.0,False,,2.326
2023-10-01,2023,10,Oct,India export,798,Tuvalu,705.622,0.001,,False,,0.694
2023-11-01,2023,11,Nov,India export,842,United States,497722645.871,497.723,1244730.0,False,399.86,489267.172
2023-11-01,2023,11,Nov,India export,784,United Arab Emirates,274380792.284,274.381,860809.0,False,318.75,269719.522
2023-11-01,2023,11,Nov,India export,528,Netherlands,75132531.969,75.133,172287.0,False,436.09,73856.156
2023-11-01,2023,11,Nov,India export,203,Czechia,71646849.462,71.647,155260.0,False,461.46,70429.689
2023-11-01,2023,11,Nov,India export,826,United Kingdom,61989768.381,61.99,149865.0,False,413.64,60936.666
2023-11-01,2023,11,Nov,India export,380,Italy,48592716.824,48.593,129278.0,False,375.88,47767.208
2023-11-01,2023,11,Nov,India export,484,Mexico,34670060.427,34.67,159710.0,False,217.08,34081.074
2023-11-01,2023,11,Nov,India export,40,Austria,31538968.199,31.539,165750.0,False,190.28,31003.174
2023-11-01,2023,11,Nov,India export,643,Russia,27295597.223,27.296,43927.0,False,621.39,26831.891
2023-11-01,2023,11,Nov,India export,682,Saudi Arabia,23857653.376,23.858,103120.0,False,231.36,23452.352
2023-11-01,2023,11,Nov,India export,792,Türkiye,23608513.555,23.609,52591.0,False,448.91,23207.444
2023-11-01,2023,11,Nov,India export,276,Germany,21823004.784,21.823,92310.0,False,236.41,21452.268
2023-11-01,2023,11,Nov,India export,710,South Africa,11901568.454,11.902,73835.0,False,161.19,11699.381
2023-11-01,2023,11,Nov,India export,251,France,11480121.997,11.48,54614.0,False,210.2,11285.094
2023-11-01,2023,11,Nov,India export,764,Thailand,8707077.602,8.707,35860.0,False,242.81,8559.159
2023-11-01,2023,11,Nov,India export,36,Australia,8312510.411,8.313,21516.0,False,386.34,8171.295
2023-11-01,2023,11,Nov,India export,752,Sweden,5237081.198,5.237,23170.0,False,226.03,5148.112
2023-11-01,2023,11,Nov,India export,724,Spain,4805863.82,4.806,26690.0,False,180.06,4724.22
2023-11-01,2023,11,Nov,India export,524,Nepal,3687728.265,3.688,27250.0,False,135.33,3625.08
2023-11-01,2023,11,Nov,India export,124,Canada,2910989.845,2.911,8910.0,False,326.71,2861.537
2023-11-01,2023,11,Nov,India export,156,China,2292537.181,2.293,7626.0,False,300.62,2253.591
2023-11-01,2023,11,Nov,India export,170,Colombia,2137908.15,2.138,8240.0,False,259.45,2101.589
2023-11-01,2023,11,Nov,India export,458,Malaysia,1889902.234,1.89,23370.0,False,80.87,1857.796
2023-11-01,2023,11,Nov,India export,604,Peru,1708773.556,1.709,8720.0,False,195.96,1679.744
2023-11-01,2023,11,Nov,India export,398,Kazakhstan,1496228.01,1.496,7600.0,False,196.87,1470.81
2023-11-01,2023,11,Nov,India export,702,Singapore,1033363.102,1.033,3636.0,False,284.2,1015.808
2023-11-01,2023,11,Nov,India export,392,Japan,1006682.704,1.007,2078.0,False,484.45,989.581
2023-11-01,2023,11,Nov,India export,400,Jordan,896117.045,0.896,7235.0,False,123.86,880.894
2023-11-01,2023,11,Nov,India export,64,Bhutan,810704.474,0.811,5398.0,False,150.19,796.932
2023-11-01,2023,11,Nov,India export,620,Portugal,736251.884,0.736,2670.0,False,275.75,723.744
2023-11-01,2023,11,Nov,India export,300,Greece,668758.48,0.669,3430.0,False,194.97,657.397
2023-11-01,2023,11,Nov,India export,504,Morocco,501795.896,0.502,2550.0,False,196.78,493.271
2023-11-01,2023,11,Nov,India export,428,Latvia,177565.336,0.178,900.0,False,,174.549
2023-11-01,2023,11,Nov,India export,608,Philippines,157998.823,0.158,400.0,False,,155.315
2023-11-01,2023,11,Nov,India export,410,South Korea,95567.867,0.096,274.0,False,,93.944
2023-11-01,2023,11,Nov,India export,70,Bosnia and Herzegovina,44174.957,0.044,950.0,False,,43.424
2023-11-01,2023,11,Nov,India export,31,Azerbaijan,43864.575,0.044,225.0,False,,43.119
2023-11-01,2023,11,Nov,India export,704,Vietnam,37075.168,0.037,169.0,False,,36.445
2023-11-01,2023,11,Nov,India export,512,Oman,34931.273,0.035,80.0,False,,34.338
2023-11-01,2023,11,Nov,India export,860,Uzbekistan,19662.911,0.02,100.0,False,,19.329
2023-11-01,2023,11,Nov,India export,152,Chile,13971.042,0.014,30.0,False,,13.734
2023-11-01,2023,11,Nov,India export,462,Maldives,4391.295,0.004,29.0,False,,4.317
2023-11-01,2023,11,Nov,India export,634,Qatar,2865.018,0.003,2.0,False,,2.816
2023-11-01,2023,11,Nov,India export,376,Israel,582.897,0.001,1.0,False,,0.573
2023-11-01,2023,11,Nov,India export,344,Hong Kong,452.606,0.0,1.0,False,,0.445
2023-12-01,2023,12,Dec,India export,842,United States,577034370.381,577.034,1435270.0,False,402.04,567231.523
2023-12-01,2023,12,Dec,India export,784,United Arab Emirates,267498071.286,267.498,1119240.0,False,239.0,262953.727
2023-12-01,2023,12,Dec,India export,528,Netherlands,102718236.423,102.718,284620.0,False,360.9,100973.226
2023-12-01,2023,12,Dec,India export,826,United Kingdom,98079677.288,98.08,246280.0,False,398.24,96413.468
2023-12-01,2023,12,Dec,India export,380,Italy,97891788.059,97.892,234256.0,False,417.88,96228.771
2023-12-01,2023,12,Dec,India export,203,Czechia,89270044.765,89.27,190060.0,False,469.69,87753.496
2023-12-01,2023,12,Dec,India export,40,Austria,34338650.584,34.339,182960.0,False,187.68,33755.294
2023-12-01,2023,12,Dec,India export,643,Russia,33297689.67,33.298,75303.0,False,442.18,32732.018
2023-12-01,2023,12,Dec,India export,792,Türkiye,25963885.117,25.964,58300.0,False,445.35,25522.802
2023-12-01,2023,12,Dec,India export,276,Germany,19351649.665,19.352,96233.0,False,201.09,19022.898
2023-12-01,2023,12,Dec,India export,682,Saudi Arabia,13261613.746,13.262,58800.0,False,225.54,13036.321
2023-12-01,2023,12,Dec,India export,764,Thailand,9065075.886,9.065,58170.0,False,155.84,8911.075
2023-12-01,2023,12,Dec,India export,484,Mexico,8749599.598,8.75,24920.0,False,351.11,8600.959
2023-12-01,2023,12,Dec,India export,251,France,8361394.42,8.361,57784.0,False,144.7,8219.348
2023-12-01,2023,12,Dec,India export,710,South Africa,6574664.54,6.575,39500.0,False,166.45,6462.972
2023-12-01,2023,12,Dec,India export,36,Australia,5865843.506,5.866,22140.0,False,264.94,5766.193
2023-12-01,2023,12,Dec,India export,398,Kazakhstan,5409220.888,5.409,27450.0,False,197.06,5317.327
2023-12-01,2023,12,Dec,India export,504,Morocco,4700429.529,4.7,23550.0,False,199.59,4620.577
2023-12-01,2023,12,Dec,India export,724,Spain,4354140.397,4.354,26850.0,False,162.17,4280.171
2023-12-01,2023,12,Dec,India export,392,Japan,4194069.607,4.194,8580.0,False,488.82,4122.819
2023-12-01,2023,12,Dec,India export,524,Nepal,4082450.697,4.082,33250.0,False,122.78,4013.097
2023-12-01,2023,12,Dec,India export,702,Singapore,3919807.115,3.92,19180.0,False,204.37,3853.216
2023-12-01,2023,12,Dec,India export,752,Sweden,3042450.402,3.042,16390.0,False,185.63,2990.764
2023-12-01,2023,12,Dec,India export,124,Canada,2987978.045,2.988,8900.0,False,335.73,2937.217
2023-12-01,2023,12,Dec,India export,458,Malaysia,2714658.933,2.715,31800.0,False,85.37,2668.541
2023-12-01,2023,12,Dec,India export,604,Peru,2243720.328,2.244,11040.0,False,203.24,2205.603
2023-12-01,2023,12,Dec,India export,300,Greece,1618066.782,1.618,8820.0,False,183.45,1590.579
2023-12-01,2023,12,Dec,India export,170,Colombia,1561223.003,1.561,4740.0,False,329.37,1534.7
2023-12-01,2023,12,Dec,India export,156,China,1554600.566,1.555,4503.0,False,345.24,1528.191
2023-12-01,2023,12,Dec,India export,64,Bhutan,884134.098,0.884,5757.0,False,153.58,869.114
2023-12-01,2023,12,Dec,India export,31,Azerbaijan,863352.073,0.863,6375.0,False,135.43,848.685
2023-12-01,2023,12,Dec,India export,620,Portugal,298141.791,0.298,1770.0,False,168.44,293.077
2023-12-01,2023,12,Dec,India export,144,Sri Lanka,227892.668,0.228,4144.0,False,54.99,224.021
2023-12-01,2023,12,Dec,India export,268,Georgia,200928.161,0.201,1025.0,False,196.03,197.515
2023-12-01,2023,12,Dec,India export,860,Uzbekistan,177725.302,0.178,900.0,False,,174.706
2023-12-01,2023,12,Dec,India export,344,Hong Kong,132591.297,0.133,698.0,False,,130.339
2023-12-01,2023,12,Dec,India export,400,Jordan,70390.805,0.07,695.0,False,,69.195
2023-12-01,2023,12,Dec,India export,512,Oman,43659.66,0.044,100.0,False,,42.918
2023-12-01,2023,12,Dec,India export,608,Philippines,38925.748,0.039,100.0,False,,38.264
2023-12-01,2023,12,Dec,India export,414,Kuwait,34925.358,0.035,80.0,False,,34.332
2023-12-01,2023,12,Dec,India export,410,South Korea,10651.567,0.011,38.0,False,,10.471
2024-01-01,2024,1,Jan,India export,842,United States,530626336.773,530.626,1272970.0,False,416.84,521611.884
2024-01-01,2024,1,Jan,India export,784,United Arab Emirates,237041415.163,237.041,1009900.0,False,234.72,233014.478
2024-01-01,2024,1,Jan,India export,826,United Kingdom,68933701.57,68.934,268328.0,False,256.9,67762.633
2024-01-01,2024,1,Jan,India export,380,Italy,67671139.284,67.671,245530.0,False,275.61,66521.52
2024-01-01,2024,1,Jan,India export,40,Austria,59611875.713,59.612,296748.0,False,200.88,58599.17
2024-01-01,2024,1,Jan,India export,528,Netherlands,59315223.209,59.315,174434.0,False,340.04,58307.557
2024-01-01,2024,1,Jan,India export,203,Czechia,42704848.759,42.705,91460.0,False,466.92,41979.365
2024-01-01,2024,1,Jan,India export,276,Germany,34144472.83,34.144,183831.0,False,185.74,33564.415
2024-01-01,2024,1,Jan,India export,710,South Africa,30057806.227,30.058,212750.0,False,141.28,29547.174
2024-01-01,2024,1,Jan,India export,251,France,29344096.678,29.344,200432.0,False,146.4,28845.59
2024-01-01,2024,1,Jan,India export,682,Saudi Arabia,27803305.759,27.803,140912.0,False,197.31,27330.974
2024-01-01,2024,1,Jan,India export,643,Russia,23231760.046,23.232,41276.0,False,562.84,22837.091
2024-01-01,2024,1,Jan,India export,792,Türkiye,17508630.371,17.509,39170.0,False,446.99,17211.188
2024-01-01,2024,1,Jan,India export,724,Spain,16138469.013,16.138,88061.0,False,183.26,15864.303
2024-01-01,2024,1,Jan,India export,484,Mexico,9704250.757,9.704,25890.0,False,374.83,9539.392
2024-01-01,2024,1,Jan,India export,752,Sweden,9290716.736,9.291,43551.0,False,213.33,9132.883
2024-01-01,2024,1,Jan,India export,764,Thailand,9079485.218,9.079,59100.0,False,153.63,8925.24
2024-01-01,2024,1,Jan,India export,524,Nepal,6655005.486,6.655,30500.0,False,218.2,6541.948
2024-01-01,2024,1,Jan,India export,620,Portugal,5865731.536,5.866,29280.0,False,200.33,5766.083
2024-01-01,2024,1,Jan,India export,398,Kazakhstan,5529060.022,5.529,28415.0,False,194.58,5435.131
2024-01-01,2024,1,Jan,India export,300,Greece,4539741.051,4.54,21280.0,False,213.33,4462.618
2024-01-01,2024,1,Jan,India export,36,Australia,3578991.106,3.579,11580.0,False,309.07,3518.19
2024-01-01,2024,1,Jan,India export,170,Colombia,2685200.564,2.685,8090.0,False,331.92,2639.584
2024-01-01,2024,1,Jan,India export,504,Morocco,2554722.876,2.555,13100.0,False,195.02,2511.322
2024-01-01,2024,1,Jan,India export,124,Canada,2459324.482,2.459,6510.0,False,377.78,2417.545
2024-01-01,2024,1,Jan,India export,156,China,1881628.755,1.882,6953.0,False,270.62,1849.663
2024-01-01,2024,1,Jan,India export,64,Bhutan,1358092.808,1.358,6748.0,False,201.26,1335.021
2024-01-01,2024,1,Jan,India export,31,Azerbaijan,1075830.656,1.076,9265.0,False,116.12,1057.554
2024-01-01,2024,1,Jan,India export,268,Georgia,1032468.662,1.032,5375.0,False,192.09,1014.929
2024-01-01,2024,1,Jan,India export,604,Peru,1023913.345,1.024,3910.0,False,261.87,1006.519
2024-01-01,2024,1,Jan,India export,458,Malaysia,985182.072,0.985,11431.0,False,86.19,968.445
2024-01-01,2024,1,Jan,India export,860,Uzbekistan,762672.647,0.763,3900.0,False,195.56,749.716
2024-01-01,2024,1,Jan,India export,702,Singapore,686032.825,0.686,2710.0,False,253.15,674.378
2024-01-01,2024,1,Jan,India export,320,Guatemala,309195.641,0.309,690.0,False,,303.943
2024-01-01,2024,1,Jan,India export,392,Japan,155056.572,0.155,310.0,False,,152.422
2024-01-01,2024,1,Jan,India export,344,Hong Kong,81743.639,0.082,290.0,False,,80.355
2024-01-01,2024,1,Jan,India export,144,Sri Lanka,77820.331,0.078,1045.0,False,74.47,76.498
2024-01-01,2024,1,Jan,India export,70,Bosnia and Herzegovina,44301.919,0.044,500.0,False,,43.549
2024-01-01,2024,1,Jan,India export,410,South Korea,10461.726,0.01,39.0,False,,10.284
2024-01-01,2024,1,Jan,India export,704,Vietnam,3304.719,0.003,45.0,False,,3.249
2024-02-01,2024,2,Feb,India export,842,United States,743318752.839,743.319,1669890.0,False,445.13,730691.012
2024-02-01,2024,2,Feb,India export,528,Netherlands,168710761.31,168.711,437653.0,False,385.49,165844.648
2024-02-01,2024,2,Feb,India export,784,United Arab Emirates,153190388.593,153.19,954906.0,False,160.42,150587.94
2024-02-01,2024,2,Feb,India export,203,Czechia,131791153.124,131.791,283510.0,False,464.86,129552.242
2024-02-01,2024,2,Feb,India export,826,United Kingdom,104299150.431,104.299,308688.0,False,337.88,102527.283
2024-02-01,2024,2,Feb,India export,380,Italy,95081218.532,95.081,285807.0,False,332.68,93465.948
2024-02-01,2024,2,Feb,India export,40,Austria,69475070.031,69.475,369005.0,False,188.28,68294.805
2024-02-01,2024,2,Feb,India export,276,Germany,49542652.942,49.543,186902.0,False,265.07,48701.006
2024-02-01,2024,2,Feb,India export,792,Türkiye,38196227.475,38.196,84880.0,False,450.0,37547.338
2024-02-01,2024,2,Feb,India export,643,Russia,35922109.174,35.922,56787.0,False,632.58,35311.853
2024-02-01,2024,2,Feb,India export,682,Saudi Arabia,29961841.057,29.962,163290.0,False,183.49,29452.84
2024-02-01,2024,2,Feb,India export,251,France,27771276.735,27.771,151373.0,False,183.46,27299.489
2024-02-01,2024,2,Feb,India export,710,South Africa,19940225.17,19.94,128880.0,False,154.72,19601.474
2024-02-01,2024,2,Feb,India export,752,Sweden,12722041.58,12.722,68731.0,False,185.1,12505.915
2024-02-01,2024,2,Feb,India export,724,Spain,12538810.033,12.539,69629.0,False,180.08,12325.797
2024-02-01,2024,2,Feb,India export,124,Canada,12034037.83,12.034,25220.0,False,477.16,11829.6
2024-02-01,2024,2,Feb,India export,300,Greece,7260872.786,7.261,42810.0,False,169.61,7137.523
2024-02-01,2024,2,Feb,India export,764,Thailand,6969449.979,6.969,58480.0,False,119.18,6851.051
2024-02-01,2024,2,Feb,India export,484,Mexico,6240633.866,6.241,15150.0,False,411.92,6134.616
2024-02-01,2024,2,Feb,India export,620,Portugal,5151836.291,5.152,28543.0,False,180.49,5064.315
2024-02-01,2024,2,Feb,India export,152,Chile,3252839.104,3.253,7490.0,False,434.29,3197.579
2024-02-01,2024,2,Feb,India export,524,Nepal,2871271.071,2.871,17988.0,False,159.62,2822.493
2024-02-01,2024,2,Feb,India export,344,Hong Kong,2732182.428,2.732,6482.0,False,421.5,2685.767
2024-02-01,2024,2,Feb,India export,170,Colombia,2645422.286,2.645,12740.0,False,207.65,2600.481
2024-02-01,2024,2,Feb,India export,36,Australia,2598376.846,2.598,8680.0,False,299.35,2554.235
2024-02-01,2024,2,Feb,India export,156,China,2286312.073,2.286,7017.0,False,325.82,2247.471
2024-02-01,2024,2,Feb,India export,458,Malaysia,1550877.062,1.551,19732.0,False,78.6,1524.53
2024-02-01,2024,2,Feb,India export,504,Morocco,1383340.338,1.383,7450.0,False,185.68,1359.84
2024-02-01,2024,2,Feb,India export,604,Peru,1350300.716,1.35,3770.0,False,358.17,1327.361
2024-02-01,2024,2,Feb,India export,702,Singapore,1073882.298,1.074,4954.0,False,216.77,1055.639
2024-02-01,2024,2,Feb,India export,64,Bhutan,1009385.518,1.009,6322.0,False,159.66,992.238
2024-02-01,2024,2,Feb,India export,31,Azerbaijan,698900.678,0.699,5285.0,False,132.24,687.028
2024-02-01,2024,2,Feb,India export,392,Japan,635183.697,0.635,1350.0,False,470.51,624.393
2024-02-01,2024,2,Feb,India export,398,Kazakhstan,387676.985,0.388,2000.0,False,193.84,381.091
2024-02-01,2024,2,Feb,India export,858,Uruguay,264859.671,0.265,610.0,False,,260.36
2024-02-01,2024,2,Feb,India export,268,Georgia,254719.268,0.255,1440.0,False,176.89,250.392
2024-02-01,2024,2,Feb,India export,144,Sri Lanka,158398.506,0.158,2610.0,False,60.69,155.708
2024-02-01,2024,2,Feb,India export,320,Guatemala,117232.965,0.117,270.0,False,,115.241
2024-02-01,2024,2,Feb,India export,410,South Korea,34501.889,0.035,211.0,False,,33.916
2024-02-01,2024,2,Feb,India export,512,Oman,8681.548,0.009,20.0,False,,8.534
2024-02-01,2024,2,Feb,India export,554,New Zealand,1422.623,0.001,15.0,False,,1.398
2024-02-01,2024,2,Feb,India export,490,Taiwan,1133.315,0.001,8.0,False,,1.114
2024-03-01,2024,3,Mar,India export,842,United States,755873453.908,755.873,1612650.0,False,468.72,743032.43
2024-03-01,2024,3,Mar,India export,784,United Arab Emirates,196613586.602,196.614,761551.0,False,258.18,193273.451
2024-03-01,2024,3,Mar,India export,528,Netherlands,186254194.904,186.254,473607.0,False,393.27,183090.048
2024-03-01,2024,3,Mar,India export,826,United Kingdom,183009774.204,183.01,543777.0,False,336.55,179900.745
2024-03-01,2024,3,Mar,India export,380,Italy,107177361.509,107.177,332944.0,False,321.91,105356.598
2024-03-01,2024,3,Mar,India export,40,Austria,90729128.907,90.729,452008.0,False,200.72,89187.793
2024-03-01,2024,3,Mar,India export,203,Czechia,89344591.998,89.345,194276.0,False,459.88,87826.777
2024-03-01,2024,3,Mar,India export,276,Germany,66402856.022,66.403,256074.0,False,259.31,65274.783
2024-03-01,2024,3,Mar,India export,682,Saudi Arabia,59135628.919,59.136,244340.0,False,242.02,58131.014
2024-03-01,2024,3,Mar,India export,251,France,38753286.433,38.753,201481.0,False,192.34,38094.933
2024-03-01,2024,3,Mar,India export,792,Türkiye,36395090.032,36.395,82364.0,False,441.88,35776.798
2024-03-01,2024,3,Mar,India export,724,Spain,33725895.624,33.726,143145.0,False,235.61,33152.949
2024-03-01,2024,3,Mar,India export,484,Mexico,21590487.963,21.59,75640.0,False,285.44,21223.702
2024-03-01,2024,3,Mar,India export,752,Sweden,17423106.816,17.423,81390.0,False,214.07,17127.117
2024-03-01,2024,3,Mar,India export,710,South Africa,16725046.506,16.725,99585.0,False,167.95,16440.916
2024-03-01,2024,3,Mar,India export,643,Russia,13775172.845,13.775,17812.0,False,773.36,13541.156
2024-03-01,2024,3,Mar,India export,392,Japan,10898940.583,10.899,22349.0,False,487.67,10713.786
2024-03-01,2024,3,Mar,India export,764,Thailand,10261843.366,10.262,76522.0,False,134.1,10087.512
2024-03-01,2024,3,Mar,India export,620,Portugal,9497609.457,9.498,54260.0,False,175.04,9336.261
2024-03-01,2024,3,Mar,India export,524,Nepal,8680054.201,8.68,53750.0,False,161.49,8532.595
2024-03-01,2024,3,Mar,India export,300,Greece,8598660.055,8.599,44290.0,False,194.14,8452.583
2024-03-01,2024,3,Mar,India export,398,Kazakhstan,6668473.019,6.668,33600.0,False,198.47,6555.187
2024-03-01,2024,3,Mar,India export,156,China,4068603.925,4.069,12666.0,False,321.22,3999.485
2024-03-01,2024,3,Mar,India export,36,Australia,3429424.107,3.429,10730.0,False,319.61,3371.164
2024-03-01,2024,3,Mar,India export,860,Uzbekistan,2181931.251,2.182,10980.0,False,198.72,2144.864
2024-03-01,2024,3,Mar,India export,604,Peru,1880503.947,1.881,9460.0,False,198.78,1848.557
2024-03-01,2024,3,Mar,India export,458,Malaysia,1803265.424,1.803,17896.0,False,100.76,1772.631
2024-03-01,2024,3,Mar,India export,64,Bhutan,1379750.1,1.38,6991.0,False,197.36,1356.31
2024-03-01,2024,3,Mar,India export,170,Colombia,1285048.389,1.285,6470.0,False,198.62,1263.218
2024-03-01,2024,3,Mar,India export,608,Philippines,1109403.124,1.109,5550.0,False,199.89,1090.556
2024-03-01,2024,3,Mar,India export,124,Canada,883206.6,0.883,1860.0,False,474.84,868.202
2024-03-01,2024,3,Mar,India export,31,Azerbaijan,632654.442,0.633,4340.0,False,145.77,621.907
2024-03-01,2024,3,Mar,India export,702,Singapore,628620.269,0.629,2128.0,False,295.4,617.941
2024-03-01,2024,3,Mar,India export,414,Kuwait,408796.96,0.409,820.0,False,,401.852
2024-03-01,2024,3,Mar,India export,144,Sri Lanka,393689.826,0.394,5305.0,False,74.21,387.002
2024-03-01,2024,3,Mar,India export,112,Belarus,351172.48,0.351,665.0,False,,345.207
2024-03-01,2024,3,Mar,India export,268,Georgia,295051.969,0.295,1500.0,False,196.7,290.04
2024-03-01,2024,3,Mar,India export,410,South Korea,61174.074,0.061,221.0,False,,60.135
2024-03-01,2024,3,Mar,India export,344,Hong Kong,36102.95,0.036,120.0,False,,35.49
2024-03-01,2024,3,Mar,India export,320,Guatemala,19836.832,0.02,100.0,False,,19.5
2024-03-01,2024,3,Mar,India export,222,El Salvador,19799.313,0.02,100.0,False,,19.463
2024-03-01,2024,3,Mar,India export,372,Ireland,6592.305,0.007,29.0,False,,6.48
2024-03-01,2024,3,Mar,India export,368,Iraq,3023.868,0.003,6.0,False,,2.972
2024-03-01,2024,3,Mar,India export,591,Panama,2546.107,0.003,13.0,False,,2.503
2024-03-01,2024,3,Mar,India export,798,Tuvalu,1612.033,0.002,,False,,1.585
2024-03-01,2024,3,Mar,India export,404,Kenya,137.365,0.0,2.0,False,,0.135
2024-03-01,2024,3,Mar,India export,490,Taiwan,133.739,0.0,3.0,False,,0.131
2024-04-01,2024,4,Apr,India export,842,United States,659219266.222,659.219,1422990.0,False,463.26,648020.235
2024-04-01,2024,4,Apr,India export,528,Netherlands,157596957.251,157.597,389996.0,False,404.1,154919.649
2024-04-01,2024,4,Apr,India export,784,United Arab Emirates,107076902.533,107.077,465288.0,False,230.13,105257.845
2024-04-01,2024,4,Apr,India export,826,United Kingdom,96999225.696,96.999,294904.0,False,328.92,95351.371
2024-04-01,2024,4,Apr,India export,380,Italy,90244013.306,90.244,277919.0,False,324.71,88710.919
2024-04-01,2024,4,Apr,India export,40,Austria,88002894.919,88.003,427500.0,False,205.85,86507.873
2024-04-01,2024,4,Apr,India export,203,Czechia,70870747.625,70.871,154518.0,False,458.66,69666.772
2024-04-01,2024,4,Apr,India export,484,Mexico,38111760.334,38.112,168110.0,False,226.71,37464.305
2024-04-01,2024,4,Apr,India export,682,Saudi Arabia,24283505.463,24.284,96862.0,False,250.7,23870.969
2024-04-01,2024,4,Apr,India export,276,Germany,21073147.123,21.073,96658.0,False,218.02,20715.15
2024-04-01,2024,4,Apr,India export,752,Sweden,18912757.761,18.913,80699.0,False,234.36,18591.462
2024-04-01,2024,4,Apr,India export,251,France,18885058.674,18.885,113849.0,False,165.88,18564.233
2024-04-01,2024,4,Apr,India export,392,Japan,17913895.192,17.914,37790.0,False,474.04,17609.568
2024-04-01,2024,4,Apr,India export,724,Spain,17620858.269,17.621,77221.0,False,228.19,17321.509
2024-04-01,2024,4,Apr,India export,792,Türkiye,17340595.458,17.341,39110.0,False,443.38,17046.008
2024-04-01,2024,4,Apr,India export,643,Russia,12304147.076,12.304,18797.0,False,654.58,12095.12
2024-04-01,2024,4,Apr,India export,710,South Africa,11565647.391,11.566,80115.0,False,144.36,11369.166
2024-04-01,2024,4,Apr,India export,398,Kazakhstan,8415219.786,8.415,42170.0,False,199.55,8272.259
2024-04-01,2024,4,Apr,India export,300,Greece,6368369.294,6.368,34450.0,False,184.86,6260.181
2024-04-01,2024,4,Apr,India export,620,Portugal,5464366.814,5.464,26556.0,False,205.77,5371.536
2024-04-01,2024,4,Apr,India export,524,Nepal,5244738.883,5.245,18700.0,False,280.47,5155.64
2024-04-01,2024,4,Apr,India export,36,Australia,3134811.553,3.135,10090.0,False,310.68,3081.556
2024-04-01,2024,4,Apr,India export,860,Uzbekistan,2734038.183,2.734,13690.0,False,199.71,2687.591
2024-04-01,2024,4,Apr,India export,124,Canada,1796188.428,1.796,3792.0,False,473.68,1765.674
2024-04-01,2024,4,Apr,India export,170,Colombia,1520098.037,1.52,7630.0,False,199.23,1494.274
2024-04-01,2024,4,Apr,India export,504,Morocco,1410817.265,1.411,7100.0,False,198.71,1386.85
2024-04-01,2024,4,Apr,India export,764,Thailand,1325206.674,1.325,16432.0,False,80.65,1302.694
2024-04-01,2024,4,Apr,India export,64,Bhutan,1226190.878,1.226,6381.0,False,192.16,1205.36
2024-04-01,2024,4,Apr,India export,156,China,1203990.518,1.204,3975.0,False,302.89,1183.537
2024-04-01,2024,4,Apr,India export,604,Peru,1102894.285,1.103,5560.0,False,198.36,1084.158
2024-04-01,2024,4,Apr,India export,31,Azerbaijan,800717.089,0.801,5620.0,False,142.48,787.114
2024-04-01,2024,4,Apr,India export,458,Malaysia,538711.877,0.539,5674.0,False,94.94,529.56
2024-04-01,2024,4,Apr,India export,702,Singapore,379655.93,0.38,1900.0,False,199.82,373.206
2024-04-01,2024,4,Apr,India export,144,Sri Lanka,308701.341,0.309,10608.0,False,29.1,303.457
2024-04-01,2024,4,Apr,India export,268,Georgia,190202.482,0.19,960.0,False,,186.971
2024-04-01,2024,4,Apr,India export,410,South Korea,95996.482,0.096,436.0,False,,94.366
2024-04-01,2024,4,Apr,India export,566,Nigeria,73906.342,0.074,30.0,False,,72.651
2024-04-01,2024,4,Apr,India export,634,Qatar,22304.417,0.022,1497.0,False,14.9,21.926
2024-04-01,2024,4,Apr,India export,490,Taiwan,2575.809,0.003,9.0,False,,2.532
2024-04-01,2024,4,Apr,India export,591,Panama,239.551,0.0,5.0,False,,0.235
2024-04-01,2024,4,Apr,India export,704,Vietnam,209.817,0.0,12.0,False,,0.206
2024-05-01,2024,5,May,India export,842,United States,757902612.392,757.903,1643420.0,False,461.17,745027.116
2024-05-01,2024,5,May,India export,784,United Arab Emirates,155203921.335,155.204,518540.0,False,299.31,152567.267
2024-05-01,2024,5,May,India export,826,United Kingdom,140841767.827,140.842,429122.0,False,328.21,138449.102
2024-05-01,2024,5,May,India export,528,Netherlands,123795664.499,123.796,337826.0,False,366.45,121692.583
2024-05-01,2024,5,May,India export,380,Italy,109317244.389,109.317,324099.0,False,337.3,107460.127
2024-05-01,2024,5,May,India export,40,Austria,104328492.526,104.328,512573.0,False,203.54,102556.126
2024-05-01,2024,5,May,India export,203,Czechia,85003756.451,85.004,182230.0,False,466.46,83559.685
2024-05-01,2024,5,May,India export,276,Germany,45404225.99,45.404,222086.0,False,204.44,44632.884
2024-05-01,2024,5,May,India export,251,France,36606182.316,36.606,235996.0,False,155.11,35984.305
2024-05-01,2024,5,May,India export,682,Saudi Arabia,32714053.811,32.714,134268.0,False,243.65,32158.297
2024-05-01,2024,5,May,India export,752,Sweden,28481055.75,28.481,122364.0,False,232.76,27997.21
2024-05-01,2024,5,May,India export,643,Russia,22561162.799,22.561,33569.0,False,672.08,22177.886
2024-05-01,2024,5,May,India export,724,Spain,22295406.67,22.295,112871.0,False,197.53,21916.645
2024-05-01,2024,5,May,India export,484,Mexico,22144404.558,22.144,111490.0,False,198.62,21768.208
2024-05-01,2024,5,May,India export,792,Türkiye,21451729.943,21.452,48840.0,False,439.22,21087.301
2024-05-01,2024,5,May,India export,710,South Africa,15269125.831,15.269,112530.0,False,135.69,15009.729
2024-05-01,2024,5,May,India export,36,Australia,8436227.637,8.436,36683.0,False,229.98,8292.91
2024-05-01,2024,5,May,India export,398,Kazakhstan,8137897.452,8.138,39710.0,False,204.93,7999.648
2024-05-01,2024,5,May,India export,524,Nepal,7799396.645,7.799,40000.0,False,194.98,7666.898
2024-05-01,2024,5,May,India export,300,Greece,7475867.702,7.476,35950.0,False,207.95,7348.865
2024-05-01,2024,5,May,India export,620,Portugal,6444810.731,6.445,32280.0,False,199.65,6335.324
2024-05-01,2024,5,May,India export,170,Colombia,2720364.5,2.72,13700.0,False,198.57,2674.15
2024-05-01,2024,5,May,India export,860,Uzbekistan,2001594.468,2.002,9690.0,False,206.56,1967.591
2024-05-01,2024,5,May,India export,392,Japan,1443317.685,1.443,2890.0,False,499.42,1418.798
2024-05-01,2024,5,May,India export,604,Peru,1341539.465,1.342,6760.0,False,198.45,1318.749
2024-05-01,2024,5,May,India export,64,Bhutan,1295447.384,1.295,8240.0,False,157.21,1273.44
2024-05-01,2024,5,May,India export,504,Morocco,1130372.945,1.13,5750.0,False,196.59,1111.17
2024-05-01,2024,5,May,India export,702,Singapore,1054871.331,1.055,4432.0,False,238.01,1036.951
2024-05-01,2024,5,May,India export,112,Belarus,1036266.379,1.036,1635.0,False,633.8,1018.662
2024-05-01,2024,5,May,India export,31,Azerbaijan,1017632.552,1.018,7690.0,False,132.33,1000.345
2024-05-01,2024,5,May,India export,124,Canada,933825.693,0.934,1920.0,False,486.37,917.962
2024-05-01,2024,5,May,India export,156,China,861842.494,0.862,2575.0,False,334.7,847.201
2024-05-01,2024,5,May,India export,50,Bangladesh,570880.46,0.571,9000.0,False,63.43,561.182
2024-05-01,2024,5,May,India export,608,Philippines,480461.268,0.48,2400.0,False,200.19,472.299
2024-05-01,2024,5,May,India export,268,Georgia,445988.742,0.446,2140.0,False,208.41,438.412
2024-05-01,2024,5,May,India export,188,Costa Rica,443850.888,0.444,1000.0,False,443.85,436.311
2024-05-01,2024,5,May,India export,458,Malaysia,411887.638,0.412,4604.0,False,89.46,404.89
2024-05-01,2024,5,May,India export,144,Sri Lanka,192494.428,0.192,7992.0,False,24.09,189.224
2024-05-01,2024,5,May,India export,764,Thailand,79950.826,0.08,431.0,False,,78.593
2024-05-01,2024,5,May,India export,152,Chile,65411.997,0.065,120.0,False,,64.301
2024-05-01,2024,5,May,India export,372,Ireland,43679.695,0.044,394.0,False,,42.938
2024-05-01,2024,5,May,India export,148,Chad,41006.339,0.041,414.0,False,,40.31
2024-05-01,2024,5,May,India export,410,South Korea,6246.582,0.006,45.0,False,,6.14
2024-05-01,2024,5,May,India export,344,Hong Kong,240.5,0.0,3.0,False,,0.236
2024-06-01,2024,6,Jun,India export,842,United States,587118256.547,587.118,1294160.0,False,453.67,577144.101
2024-06-01,2024,6,Jun,India export,826,United Kingdom,146640011.047,146.64,409939.0,False,357.71,144148.843
2024-06-01,2024,6,Jun,India export,528,Netherlands,145741113.839,145.741,381617.0,False,381.9,143265.216
2024-06-01,2024,6,Jun,India export,784,United Arab Emirates,140485510.804,140.486,530421.0,False,264.86,138098.897
2024-06-01,2024,6,Jun,India export,203,Czechia,116639482.252,116.639,251130.0,False,464.46,114657.973
2024-06-01,2024,6,Jun,India export,380,Italy,109695411.234,109.695,341872.0,False,320.87,107831.87
2024-06-01,2024,6,Jun,India export,40,Austria,85848354.397,85.848,415195.0,False,206.77,84389.935
2024-06-01,2024,6,Jun,India export,484,Mexico,32584321.207,32.584,108920.0,False,299.16,32030.768
2024-06-01,2024,6,Jun,India export,792,Türkiye,32044615.208,32.045,74060.0,False,432.68,31500.231
2024-06-01,2024,6,Jun,India export,724,Spain,27754268.705,27.754,135916.0,False,204.2,27282.77
2024-06-01,2024,6,Jun,India export,392,Japan,25708531.896,25.709,55880.0,False,460.07,25271.787
2024-06-01,2024,6,Jun,India export,251,France,25693509.336,25.694,166332.0,False,154.47,25257.02
2024-06-01,2024,6,Jun,India export,276,Germany,25032206.858,25.032,114271.0,False,219.06,24606.952
2024-06-01,2024,6,Jun,India export,682,Saudi Arabia,18942252.099,18.942,64751.0,False,292.54,18620.455
2024-06-01,2024,6,Jun,India export,752,Sweden,16779042.633,16.779,73788.0,False,227.4,16493.995
2024-06-01,2024,6,Jun,India export,643,Russia,11563387.893,11.563,15801.0,False,731.81,11366.945
2024-06-01,2024,6,Jun,India export,710,South Africa,9624273.593,9.624,63170.0,False,152.36,9460.773
2024-06-01,2024,6,Jun,India export,398,Kazakhstan,9335077.204,9.335,46810.0,False,199.42,9176.49
2024-06-01,2024,6,Jun,India export,620,Portugal,7582028.096,7.582,40260.0,False,188.33,7453.222
2024-06-01,2024,6,Jun,India export,300,Greece,7198707.288,7.199,24160.0,False,297.96,7076.413
2024-06-01,2024,6,Jun,India export,124,Canada,4880899.803,4.881,10050.0,False,485.66,4797.981
2024-06-01,2024,6,Jun,India export,524,Nepal,4562904.451,4.563,32840.0,False,138.94,4485.388
2024-06-01,2024,6,Jun,India export,764,Thailand,2918124.784,2.918,55210.0,False,52.86,2868.551
2024-06-01,2024,6,Jun,India export,170,Colombia,2526487.103,2.526,12110.0,False,208.63,2483.566
2024-06-01,2024,6,Jun,India export,440,Lithuania,2348971.931,2.349,3767.0,False,623.57,2309.067
2024-06-01,2024,6,Jun,India export,36,Australia,1757568.778,1.758,6130.0,False,286.72,1727.711
2024-06-01,2024,6,Jun,India export,31,Azerbaijan,1399753.654,1.4,12350.0,False,113.34,1375.974
2024-06-01,2024,6,Jun,India export,860,Uzbekistan,1336481.691,1.336,6700.0,False,199.47,1313.777
2024-06-01,2024,6,Jun,India export,64,Bhutan,1266147.88,1.266,7215.0,False,175.49,1244.638
2024-06-01,2024,6,Jun,India export,504,Morocco,1230725.269,1.231,6200.0,False,198.5,1209.817
2024-06-01,2024,6,Jun,India export,156,China,1115028.247,1.115,3546.0,False,314.45,1096.086
2024-06-01,2024,6,Jun,India export,458,Malaysia,983481.442,0.983,16320.0,False,60.26,966.774
2024-06-01,2024,6,Jun,India export,112,Belarus,719794.128,0.72,1190.0,False,604.87,707.566
2024-06-01,2024,6,Jun,India export,702,Singapore,419785.375,0.42,2100.0,False,199.9,412.654
2024-06-01,2024,6,Jun,India export,144,Sri Lanka,364355.749,0.364,16005.0,False,22.77,358.166
2024-06-01,2024,6,Jun,India export,268,Georgia,340234.906,0.34,1720.0,False,197.81,334.455
2024-06-01,2024,6,Jun,India export,604,Peru,267421.632,0.267,1350.0,False,198.09,262.879
2024-06-01,2024,6,Jun,India export,634,Qatar,74089.418,0.074,1500.0,False,49.39,72.831
2024-06-01,2024,6,Jun,India export,788,Tunisia,47585.757,0.048,6112.0,False,7.79,46.777
2024-06-01,2024,6,Jun,India export,410,South Korea,40363.985,0.04,171.0,False,,39.678
2024-06-01,2024,6,Jun,India export,76,Brazil,8640.123,0.009,42.0,False,,8.493
2024-06-01,2024,6,Jun,India export,24,Angola,2522.148,0.003,30.0,False,,2.479
2024-06-01,2024,6,Jun,India export,462,Maldives,360.173,0.0,1.0,False,,0.354
2024-07-01,2024,7,Jul,India export,842,United States,489674631.429,489.675,1185870.0,False,412.92,464021.807
2024-07-01,2024,7,Jul,India export,528,Netherlands,368593296.564,368.593,838363.0,False,439.66,349283.62
2024-07-01,2024,7,Jul,India export,784,United Arab Emirates,172886347.877,172.886,734988.0,False,235.22,163829.266
2024-07-01,2024,7,Jul,India export,380,Italy,82931534.211,82.932,279246.0,False,296.98,78586.959
2024-07-01,2024,7,Jul,India export,40,Austria,67807792.173,67.808,389785.0,False,173.96,64255.512
2024-07-01,2024,7,Jul,India export,826,United Kingdom,66971346.814,66.971,232963.0,False,287.48,63462.886
2024-07-01,2024,7,Jul,India export,392,Japan,63264519.858,63.265,136663.0,False,462.92,59950.251
2024-07-01,2024,7,Jul,India export,203,Czechia,38935486.077,38.935,83820.0,False,464.51,36895.754
2024-07-01,2024,7,Jul,India export,724,Spain,25323832.697,25.324,119111.0,False,212.61,23997.181
2024-07-01,2024,7,Jul,India export,682,Saudi Arabia,19844557.486,19.845,55960.0,False,354.62,18804.951
2024-07-01,2024,7,Jul,India export,36,Australia,15468307.35,15.468,45120.0,False,342.83,14657.962
2024-07-01,2024,7,Jul,India export,752,Sweden,14254299.194,14.254,67400.0,False,211.49,13507.552
2024-07-01,2024,7,Jul,India export,251,France,13970827.523,13.971,99040.0,False,141.06,13238.931
2024-07-01,2024,7,Jul,India export,398,Kazakhstan,11277039.55,11.277,56551.0,False,199.41,10686.264
2024-07-01,2024,7,Jul,India export,276,Germany,10989745.041,10.99,48910.0,False,224.69,10414.02
2024-07-01,2024,7,Jul,India export,484,Mexico,10316929.015,10.317,47460.0,False,217.38,9776.451
2024-07-01,2024,7,Jul,India export,710,South Africa,10252645.411,10.253,65290.0,False,157.03,9715.535
2024-07-01,2024,7,Jul,India export,524,Nepal,9496942.437,9.497,58681.0,False,161.84,8999.421
2024-07-01,2024,7,Jul,India export,643,Russia,8978330.685,8.978,21252.0,False,422.47,8507.978
2024-07-01,2024,7,Jul,India export,764,Thailand,7684390.566,7.684,48830.0,False,157.37,7281.825
2024-07-01,2024,7,Jul,India export,300,Greece,6211608.595,6.212,27020.0,False,229.89,5886.198
2024-07-01,2024,7,Jul,India export,792,Türkiye,5366041.223,5.366,11800.0,False,454.75,5084.928
2024-07-01,2024,7,Jul,India export,620,Portugal,4718288.458,4.718,25698.0,False,183.61,4471.109
2024-07-01,2024,7,Jul,India export,124,Canada,4444792.216,4.445,9451.0,False,470.3,4211.941
2024-07-01,2024,7,Jul,India export,170,Colombia,3979492.404,3.979,19880.0,False,200.18,3771.017
2024-07-01,2024,7,Jul,India export,702,Singapore,3504693.175,3.505,7974.0,False,439.52,3321.091
2024-07-01,2024,7,Jul,India export,860,Uzbekistan,2846300.119,2.846,14270.0,False,199.46,2697.19
2024-07-01,2024,7,Jul,India export,458,Malaysia,2060307.142,2.06,11580.0,False,177.92,1952.373
2024-07-01,2024,7,Jul,India export,440,Lithuania,1749146.373,1.749,2963.0,False,590.33,1657.513
2024-07-01,2024,7,Jul,India export,64,Bhutan,1201749.401,1.202,7110.0,False,169.02,1138.793
2024-07-01,2024,7,Jul,India export,152,Chile,1033791.325,1.034,2340.0,False,441.79,979.634
2024-07-01,2024,7,Jul,India export,504,Morocco,763949.477,0.764,3850.0,False,198.43,723.928
2024-07-01,2024,7,Jul,India export,31,Azerbaijan,627346.281,0.627,3559.0,False,176.27,594.481
2024-07-01,2024,7,Jul,India export,156,China,544269.178,0.544,1542.0,False,352.96,515.756
2024-07-01,2024,7,Jul,India export,268,Georgia,376094.593,0.376,1900.0,False,197.94,356.392
2024-07-01,2024,7,Jul,India export,899,Unspecified,303520.799,0.304,640.0,False,,287.62
2024-07-01,2024,7,Jul,India export,233,Estonia,213501.247,0.214,331.0,False,,202.316
2024-07-01,2024,7,Jul,India export,144,Sri Lanka,107170.566,0.107,1500.0,False,71.45,101.556
2024-07-01,2024,7,Jul,India export,320,Guatemala,75196.867,0.075,170.0,False,,71.257
2024-07-01,2024,7,Jul,India export,410,South Korea,39906.893,0.04,57.0,False,,37.816
2024-07-01,2024,7,Jul,India export,344,Hong Kong,35253.488,0.035,9028.0,False,3.9,33.407
2024-07-01,2024,7,Jul,India export,604,Peru,31620.447,0.032,160.0,False,,29.964
2024-07-01,2024,7,Jul,India export,76,Brazil,24167.679,0.024,35.0,False,,22.902
2024-07-01,2024,7,Jul,India export,554,New Zealand,8505.323,0.009,16.0,False,,8.06
2024-07-01,2024,7,Jul,India export,24,Angola,2600.571,0.003,4.0,False,,2.464
2024-08-01,2024,8,Aug,India export,842,United States,387570407.542,387.57,1009770.0,False,383.82,367266.567
2024-08-01,2024,8,Aug,India export,784,United Arab Emirates,201343837.103,201.344,529802.0,False,380.04,190795.939
2024-08-01,2024,8,Aug,India export,40,Austria,75917373.337,75.917,411015.0,False,184.71,71940.253
2024-08-01,2024,8,Aug,India export,826,United Kingdom,66156725.918,66.157,222275.0,False,297.63,62690.941
2024-08-01,2024,8,Aug,India export,380,Italy,57311167.476,57.311,270250.0,False,212.07,54308.779
2024-08-01,2024,8,Aug,India export,528,Netherlands,37715450.627,37.715,143285.0,False,263.22,35739.633
2024-08-01,2024,8,Aug,India export,724,Spain,30055982.363,30.056,135305.0,False,222.14,28481.425
2024-08-01,2024,8,Aug,India export,251,France,27967636.64,27.968,174434.0,False,160.33,26502.482
2024-08-01,2024,8,Aug,India export,484,Mexico,22592866.377,22.593,114000.0,False,198.18,21409.283
2024-08-01,2024,8,Aug,India export,643,Russia,21618246.716,21.618,46004.0,False,469.92,20485.721
2024-08-01,2024,8,Aug,India export,392,Japan,20922426.95,20.922,44955.0,False,465.41,19826.354
2024-08-01,2024,8,Aug,India export,752,Sweden,20346393.675,20.346,94640.0,False,214.99,19280.497
2024-08-01,2024,8,Aug,India export,682,Saudi Arabia,17192242.581,17.192,95340.0,False,180.33,16291.584
2024-08-01,2024,8,Aug,India export,276,Germany,17077077.556,17.077,66700.0,False,256.03,16182.452
2024-08-01,2024,8,Aug,India export,792,Türkiye,16765244.577,16.765,35665.0,False,470.08,15886.956
2024-08-01,2024,8,Aug,India export,398,Kazakhstan,10228975.445,10.229,51320.0,False,199.32,9693.105
2024-08-01,2024,8,Aug,India export,710,South Africa,9005117.485,9.005,44440.0,False,202.64,8533.362
2024-08-01,2024,8,Aug,India export,203,Czechia,7930289.815,7.93,16976.0,False,467.15,7514.842
2024-08-01,2024,8,Aug,India export,300,Greece,7862528.236,7.863,26900.0,False,292.29,7450.63
2024-08-01,2024,8,Aug,India export,620,Portugal,7188833.82,7.189,37930.0,False,189.53,6812.229
2024-08-01,2024,8,Aug,India export,152,Chile,4747890.269,4.748,10730.0,False,442.49,4499.16
2024-08-01,2024,8,Aug,India export,524,Nepal,4311087.75,4.311,29850.0,False,144.43,4085.241
2024-08-01,2024,8,Aug,India export,170,Colombia,4296724.705,4.297,21690.0,False,198.1,4071.63
2024-08-01,2024,8,Aug,India export,36,Australia,3399796.757,3.4,14203.0,False,239.37,3221.69
2024-08-01,2024,8,Aug,India export,440,Lithuania,3196974.603,3.197,5404.0,False,591.59,3029.493
2024-08-01,2024,8,Aug,India export,860,Uzbekistan,2838932.259,2.839,14250.0,False,199.22,2690.208
2024-08-01,2024,8,Aug,India export,124,Canada,2669781.463,2.67,5590.0,False,477.6,2529.918
2024-08-01,2024,8,Aug,India export,702,Singapore,1499100.454,1.499,5831.0,False,257.09,1420.566
2024-08-01,2024,8,Aug,India export,64,Bhutan,1464662.233,1.465,8227.0,False,178.03,1387.932
2024-08-01,2024,8,Aug,India export,112,Belarus,826123.59,0.826,1405.0,False,587.99,782.845
2024-08-01,2024,8,Aug,India export,344,Hong Kong,773240.096,0.773,1350.0,False,572.77,732.732
2024-08-01,2024,8,Aug,India export,31,Azerbaijan,739864.043,0.74,3720.0,False,198.89,701.104
2024-08-01,2024,8,Aug,India export,764,Thailand,679270.249,0.679,6327.0,False,107.36,643.685
2024-08-01,2024,8,Aug,India export,156,China,658653.797,0.659,1736.0,False,379.41,624.149
2024-08-01,2024,8,Aug,India export,268,Georgia,625109.452,0.625,3160.0,False,197.82,592.362
2024-08-01,2024,8,Aug,India export,233,Estonia,431077.859,0.431,600.0,False,,408.495
2024-08-01,2024,8,Aug,India export,458,Malaysia,240093.372,0.24,2953.0,False,81.3,227.515
2024-08-01,2024,8,Aug,India export,504,Morocco,233824.934,0.234,1370.0,False,170.68,221.575
2024-08-01,2024,8,Aug,India export,144,Sri Lanka,202248.888,0.202,13300.0,False,15.21,191.654
2024-08-01,2024,8,Aug,India export,858,Uruguay,170727.515,0.171,390.0,False,,161.784
2024-08-01,2024,8,Aug,India export,410,South Korea,88177.474,0.088,451.0,False,,83.558
2024-08-01,2024,8,Aug,India export,320,Guatemala,79708.75,0.08,180.0,False,,75.533
2024-08-01,2024,8,Aug,India export,490,Taiwan,23586.796,0.024,206.0,False,,22.351
2024-08-01,2024,8,Aug,India export,554,New Zealand,4683.505,0.005,8.0,False,,4.438
2024-08-01,2024,8,Aug,India export,462,Maldives,474.013,0.0,3.0,False,,0.449
2024-08-01,2024,8,Aug,India export,704,Vietnam,13.517,0.0,18.0,False,,0.013
2024-09-01,2024,9,Sep,India export,842,United States,257560322.034,257.56,687806.0,False,374.47,244067.384
2024-09-01,2024,9,Sep,India export,784,United Arab Emirates,198850746.584,198.851,691627.0,False,287.51,188433.455
2024-09-01,2024,9,Sep,India export,826,United Kingdom,63408651.894,63.409,197408.0,False,321.21,60086.832
2024-09-01,2024,9,Sep,India export,40,Austria,54319859.479,54.32,281386.0,False,193.04,51474.178
2024-09-01,2024,9,Sep,India export,380,Italy,52365896.391,52.366,212322.0,False,246.63,49622.579
2024-09-01,2024,9,Sep,India export,203,Czechia,33820990.944,33.821,72396.0,False,467.17,32049.194
2024-09-01,2024,9,Sep,India export,392,Japan,32508811.96,32.509,70960.0,False,458.13,30805.757
2024-09-01,2024,9,Sep,India export,528,Netherlands,32494175.781,32.494,108799.0,False,298.66,30791.888
2024-09-01,2024,9,Sep,India export,484,Mexico,30344765.114,30.345,152907.0,False,198.45,28755.079
2024-09-01,2024,9,Sep,India export,276,Germany,24869593.813,24.87,114420.0,False,217.35,23566.738
2024-09-01,2024,9,Sep,India export,643,Russia,22347302.943,22.347,41441.0,False,539.26,21176.584
2024-09-01,2024,9,Sep,India export,251,France,16986099.555,16.986,107348.0,False,158.23,16096.24
2024-09-01,2024,9,Sep,India export,724,Spain,16809207.796,16.809,80230.0,False,209.51,15928.616
2024-09-01,2024,9,Sep,India export,682,Saudi Arabia,15060004.034,15.06,69910.0,False,215.42,14271.048
2024-09-01,2024,9,Sep,India export,752,Sweden,13665669.031,13.666,67874.0,False,201.34,12949.759
2024-09-01,2024,9,Sep,India export,524,Nepal,11313918.848,11.314,92800.0,False,121.92,10721.211
2024-09-01,2024,9,Sep,India export,398,Kazakhstan,5675708.273,5.676,28446.0,False,199.53,5378.372
2024-09-01,2024,9,Sep,India export,124,Canada,5653263.014,5.653,28190.0,False,200.54,5357.103
2024-09-01,2024,9,Sep,India export,710,South Africa,5352526.159,5.353,30365.0,False,176.27,5072.121
2024-09-01,2024,9,Sep,India export,300,Greece,4640141.479,4.64,17030.0,False,272.47,4397.056
2024-09-01,2024,9,Sep,India export,620,Portugal,3485680.751,3.486,16989.0,False,205.17,3303.075
2024-09-01,2024,9,Sep,India export,344,Hong Kong,3372424.403,3.372,7245.0,False,465.48,3195.752
2024-09-01,2024,9,Sep,India export,860,Uzbekistan,3040197.435,3.04,15230.0,False,199.62,2880.929
2024-09-01,2024,9,Sep,India export,792,Türkiye,2547248.27,2.547,5236.0,False,486.49,2413.804
2024-09-01,2024,9,Sep,India export,36,Australia,2434830.204,2.435,12220.0,False,199.25,2307.276
2024-09-01,2024,9,Sep,India export,170,Colombia,1973700.152,1.974,9930.0,False,198.76,1870.303
2024-09-01,2024,9,Sep,India export,112,Belarus,1766120.827,1.766,5240.0,False,337.05,1673.598
2024-09-01,2024,9,Sep,India export,64,Bhutan,1170338.719,1.17,7624.0,False,153.51,1109.028
2024-09-01,2024,9,Sep,India export,504,Morocco,1054427.308,1.054,5710.0,False,184.66,999.189
2024-09-01,2024,9,Sep,India export,144,Sri Lanka,1038721.031,1.039,19200.0,False,54.1,984.305
2024-09-01,2024,9,Sep,India export,702,Singapore,668975.759,0.669,3082.0,False,217.06,633.93
2024-09-01,2024,9,Sep,India export,156,China,587499.567,0.587,1310.0,False,448.47,556.722
2024-09-01,2024,9,Sep,India export,31,Azerbaijan,535188.189,0.535,2690.0,False,198.95,507.151
2024-09-01,2024,9,Sep,India export,233,Estonia,420246.469,0.42,678.0,False,,398.231
2024-09-01,2024,9,Sep,India export,268,Georgia,283723.224,0.284,1440.0,False,197.03,268.86
2024-09-01,2024,9,Sep,India export,764,Thailand,235333.061,0.235,2404.0,False,97.89,223.005
2024-09-01,2024,9,Sep,India export,458,Malaysia,115221.084,0.115,1618.0,False,71.21,109.185
2024-09-01,2024,9,Sep,India export,76,Brazil,96285.899,0.096,200.0,False,,91.242
2024-09-01,2024,9,Sep,India export,410,South Korea,57931.328,0.058,141.0,False,,54.896
2024-09-01,2024,9,Sep,India export,604,Peru,19789.135,0.02,100.0,False,,18.752
2024-09-01,2024,9,Sep,India export,376,Israel,6362.491,0.006,1.0,False,,6.029
2024-09-01,2024,9,Sep,India export,490,Taiwan,3089.769,0.003,11.0,False,,2.928
2024-09-01,2024,9,Sep,India export,616,Poland,650.951,0.001,1.0,False,,0.617
2024-10-01,2024,10,Oct,India export,842,United States,463527881.319,463.528,1208220.0,False,383.65,439244.82
2024-10-01,2024,10,Oct,India export,784,United Arab Emirates,386413297.39,386.413,1592430.0,False,242.66,366170.075
2024-10-01,2024,10,Oct,India export,528,Netherlands,346016922.59,346.017,753644.0,False,459.13,327889.965
2024-10-01,2024,10,Oct,India export,826,United Kingdom,258831511.808,258.832,551764.0,False,469.1,245271.979
2024-10-01,2024,10,Oct,India export,380,Italy,130945386.38,130.945,339420.0,False,385.79,124085.486
2024-10-01,2024,10,Oct,India export,203,Czechia,116136125.336,116.136,237902.0,False,488.17,110052.045
2024-10-01,2024,10,Oct,India export,276,Germany,99244483.786,99.244,266752.0,False,372.05,94045.315
2024-10-01,2024,10,Oct,India export,40,Austria,90941943.214,90.942,476460.0,False,190.87,86177.723
2024-10-01,2024,10,Oct,India export,392,Japan,36284521.255,36.285,79060.0,False,458.95,34383.666
2024-10-01,2024,10,Oct,India export,792,Türkiye,33456764.557,33.457,74330.0,False,450.11,31704.049
2024-10-01,2024,10,Oct,India export,643,Russia,32723266.093,32.723,61783.0,False,529.65,31008.976
2024-10-01,2024,10,Oct,India export,124,Canada,28568936.488,28.569,61820.0,False,462.13,27072.282
2024-10-01,2024,10,Oct,India export,484,Mexico,28384780.141,28.385,142893.0,False,198.64,26897.773
2024-10-01,2024,10,Oct,India export,752,Sweden,28066284.61,28.066,95000.0,False,295.43,26595.962
2024-10-01,2024,10,Oct,India export,724,Spain,22725243.081,22.725,93006.0,False,244.34,21534.725
2024-10-01,2024,10,Oct,India export,251,France,20348055.564,20.348,94505.0,False,215.31,19282.072
2024-10-01,2024,10,Oct,India export,682,Saudi Arabia,17830014.948,17.83,89270.0,False,199.73,16895.945
2024-10-01,2024,10,Oct,India export,710,South Africa,12214378.105,12.214,55240.0,False,221.11,11574.498
2024-10-01,2024,10,Oct,India export,398,Kazakhstan,8584067.299,8.584,42855.0,False,200.3,8134.37
2024-10-01,2024,10,Oct,India export,300,Greece,7291969.669,7.292,26240.0,False,277.9,6909.962
2024-10-01,2024,10,Oct,India export,344,Hong Kong,5718937.379,5.719,13594.0,False,420.7,5419.337
2024-10-01,2024,10,Oct,India export,524,Nepal,5576878.404,5.577,33700.0,False,165.49,5284.72
2024-10-01,2024,10,Oct,India export,620,Portugal,5345313.943,5.345,24793.0,False,215.6,5065.286
2024-10-01,2024,10,Oct,India export,36,Australia,5316800.979,5.317,26670.0,False,199.36,5038.267
2024-10-01,2024,10,Oct,India export,376,Israel,4143981.636,4.144,6780.0,False,611.21,3926.889
2024-10-01,2024,10,Oct,India export,504,Morocco,2711477.659,2.711,16270.0,False,166.66,2569.43
2024-10-01,2024,10,Oct,India export,860,Uzbekistan,2523714.979,2.524,12670.0,False,199.19,2391.504
2024-10-01,2024,10,Oct,India export,170,Colombia,2016193.731,2.016,10200.0,False,197.67,1910.57
2024-10-01,2024,10,Oct,India export,702,Singapore,1539323.635,1.539,6893.0,False,223.32,1458.682
2024-10-01,2024,10,Oct,India export,156,China,1291584.683,1.292,2537.0,False,509.1,1223.922
2024-10-01,2024,10,Oct,India export,31,Azerbaijan,1185432.439,1.185,5960.0,False,198.9,1123.331
2024-10-01,2024,10,Oct,India export,112,Belarus,1073530.89,1.074,1800.0,False,596.41,1017.291
2024-10-01,2024,10,Oct,India export,64,Bhutan,1012815.179,1.013,5800.0,False,174.62,959.756
2024-10-01,2024,10,Oct,India export,764,Thailand,657045.72,0.657,3459.0,False,189.95,622.625
2024-10-01,2024,10,Oct,India export,144,Sri Lanka,594067.737,0.594,10600.0,False,56.04,562.946
2024-10-01,2024,10,Oct,India export,268,Georgia,567664.447,0.568,2870.0,False,197.79,537.926
2024-10-01,2024,10,Oct,India export,604,Peru,324125.513,0.324,1640.0,False,197.64,307.145
2024-10-01,2024,10,Oct,India export,410,South Korea,109754.828,0.11,277.0,False,,104.005
2024-10-01,2024,10,Oct,India export,458,Malaysia,86469.167,0.086,1059.0,False,81.65,81.939
2024-10-01,2024,10,Oct,India export,208,Denmark,45878.404,0.046,63.0,False,,43.475
2024-10-01,2024,10,Oct,India export,70,Bosnia and Herzegovina,39444.584,0.039,500.0,False,,37.378
2024-10-01,2024,10,Oct,India export,24,Angola,7168.155,0.007,90.0,False,,6.793
2024-10-01,2024,10,Oct,India export,616,Poland,4502.025,0.005,7.0,False,,4.266
2024-10-01,2024,10,Oct,India export,490,Taiwan,3358.31,0.003,9.0,False,,3.182
2024-10-01,2024,10,Oct,India export,214,Dominican Republic,291.76,0.0,1.0,False,,0.276
2024-11-01,2024,11,Nov,India export,842,United States,579934071.824,579.934,1360620.0,False,426.23,549552.782
2024-11-01,2024,11,Nov,India export,528,Netherlands,380772983.136,380.773,785034.0,False,485.04,360825.243
2024-11-01,2024,11,Nov,India export,203,Czechia,279999193.237,279.999,538012.0,False,520.43,265330.739
2024-11-01,2024,11,Nov,India export,784,United Arab Emirates,255513769.499,255.514,943313.0,False,270.87,242128.045
2024-11-01,2024,11,Nov,India export,380,Italy,224836889.719,224.837,588417.0,False,382.1,213058.25
2024-11-01,2024,11,Nov,India export,826,United Kingdom,162125357.52,162.125,431803.0,False,375.46,153632.017
2024-11-01,2024,11,Nov,India export,276,Germany,91192799.99,91.193,289698.0,False,314.79,86415.438
2024-11-01,2024,11,Nov,India export,40,Austria,90429049.322,90.429,506976.0,False,178.37,85691.699
2024-11-01,2024,11,Nov,India export,392,Japan,54988915.306,54.989,118706.0,False,463.24,52108.184
2024-11-01,2024,11,Nov,India export,792,Türkiye,43773234.919,43.773,95770.0,False,457.07,41480.065
2024-11-01,2024,11,Nov,India export,124,Canada,35404618.422,35.405,76700.0,False,461.6,33549.859
2024-11-01,2024,11,Nov,India export,251,France,34553726.4,34.554,189198.0,False,182.63,32743.543
2024-11-01,2024,11,Nov,India export,724,Spain,24452997.496,24.453,108861.0,False,224.63,23171.966
2024-11-01,2024,11,Nov,India export,752,Sweden,21567812.82,21.568,101416.0,False,212.67,20437.929
2024-11-01,2024,11,Nov,India export,484,Mexico,19580612.071,19.581,115740.0,False,169.18,18554.833
2024-11-01,2024,11,Nov,India export,682,Saudi Arabia,15676499.669,15.676,56770.0,False,276.14,14855.247
2024-11-01,2024,11,Nov,India export,643,Russia,14819616.452,14.82,22760.0,False,651.13,14043.254
2024-11-01,2024,11,Nov,India export,710,South Africa,10921806.859,10.922,69990.0,False,156.05,10349.641
2024-11-01,2024,11,Nov,India export,398,Kazakhstan,8342438.789,8.342,44530.0,False,187.34,7905.399
2024-11-01,2024,11,Nov,India export,344,Hong Kong,7335540.843,7.336,61605.0,False,119.07,6951.25
2024-11-01,2024,11,Nov,India export,300,Greece,7255176.642,7.255,35598.0,False,203.81,6875.096
2024-11-01,2024,11,Nov,India export,764,Thailand,7204970.072,7.205,38580.0,False,186.75,6827.52
2024-11-01,2024,11,Nov,India export,36,Australia,7026032.808,7.026,30201.0,False,232.64,6657.957
2024-11-01,2024,11,Nov,India export,620,Portugal,6430107.31,6.43,34812.0,False,184.71,6093.25
2024-11-01,2024,11,Nov,India export,524,Nepal,2969295.767,2.969,16500.0,False,179.96,2813.742
2024-11-01,2024,11,Nov,India export,604,Peru,2938412.085,2.938,18830.0,False,156.05,2784.476
2024-11-01,2024,11,Nov,India export,170,Colombia,2434331.722,2.434,13240.0,False,183.86,2306.803
2024-11-01,2024,11,Nov,India export,376,Israel,1562694.872,1.563,1659.0,False,941.95,1480.829
2024-11-01,2024,11,Nov,India export,156,China,1535232.535,1.535,2438.0,False,629.71,1454.806
2024-11-01,2024,11,Nov,India export,860,Uzbekistan,1447608.112,1.448,7630.0,False,189.73,1371.772
2024-11-01,2024,11,Nov,India export,31,Azerbaijan,906501.701,0.907,4850.0,False,186.91,859.012
2024-11-01,2024,11,Nov,India export,702,Singapore,828131.261,0.828,4252.0,False,194.76,784.748
2024-11-01,2024,11,Nov,India export,504,Morocco,796458.86,0.796,4080.0,False,195.21,754.734
2024-11-01,2024,11,Nov,India export,616,Poland,771345.373,0.771,1460.0,False,528.32,730.937
2024-11-01,2024,11,Nov,India export,64,Bhutan,697895.863,0.698,4423.0,False,157.79,661.335
2024-11-01,2024,11,Nov,India export,268,Georgia,691360.482,0.691,3700.0,False,186.85,655.142
2024-11-01,2024,11,Nov,India export,608,Philippines,439882.382,0.44,800.0,False,,416.838
2024-11-01,2024,11,Nov,India export,410,South Korea,95607.436,0.096,394.0,False,,90.599
2024-11-01,2024,11,Nov,India export,144,Sri Lanka,43230.74,0.043,800.0,False,,40.966
2024-11-01,2024,11,Nov,India export,554,New Zealand,39982.878,0.04,30.0,False,,37.888
2024-11-01,2024,11,Nov,India export,490,Taiwan,1546.935,0.002,5.0,False,,1.466
2024-11-01,2024,11,Nov,India export,704,Vietnam,40.546,0.0,1.0,False,,0.038
2024-12-01,2024,12,Dec,India export,842,United States,860723558.6,860.724,1766920.0,False,487.13,815632.413
2024-12-01,2024,12,Dec,India export,528,Netherlands,337485682.007,337.486,757011.0,False,445.81,319805.655
2024-12-01,2024,12,Dec,India export,784,United Arab Emirates,293219457.336,293.219,1047500.0,False,279.92,277858.426
2024-12-01,2024,12,Dec,India export,203,Czechia,221719780.763,221.72,435884.0,False,508.67,210104.438
2024-12-01,2024,12,Dec,India export,380,Italy,204093929.939,204.094,491907.0,False,414.9,193401.962
2024-12-01,2024,12,Dec,India export,826,United Kingdom,147766898.108,147.767,361977.0,False,408.22,140025.761
2024-12-01,2024,12,Dec,India export,40,Austria,45031572.651,45.032,278971.0,False,161.42,42672.482
2024-12-01,2024,12,Dec,India export,792,Türkiye,26481131.183,26.481,58610.0,False,451.82,25093.851
2024-12-01,2024,12,Dec,India export,392,Japan,26062230.831,26.062,57401.0,False,454.04,24696.896
2024-12-01,2024,12,Dec,India export,251,France,25235218.694,25.235,157169.0,False,160.56,23913.209
2024-12-01,2024,12,Dec,India export,276,Germany,24067014.086,24.067,139985.0,False,171.93,22806.204
2024-12-01,2024,12,Dec,India export,724,Spain,20043407.465,20.043,114875.0,False,174.48,18993.384
2024-12-01,2024,12,Dec,India export,752,Sweden,14132801.047,14.133,77570.0,False,182.19,13392.419
2024-12-01,2024,12,Dec,India export,682,Saudi Arabia,7831178.906,7.831,27124.0,False,288.72,7420.923
2024-12-01,2024,12,Dec,India export,344,Hong Kong,6670178.558,6.67,12071.0,False,552.58,6320.745
2024-12-01,2024,12,Dec,India export,643,Russia,5040195.212,5.04,11039.0,False,456.58,4776.152
2024-12-01,2024,12,Dec,India export,764,Thailand,3759018.205,3.759,23320.0,False,161.19,3562.093
2024-12-01,2024,12,Dec,India export,524,Nepal,3639518.514,3.64,22975.0,False,158.41,3448.853
2024-12-01,2024,12,Dec,India export,484,Mexico,3586793.229,3.587,26850.0,False,133.59,3398.89
2024-12-01,2024,12,Dec,India export,620,Portugal,3488600.668,3.489,19080.0,False,182.84,3305.842
2024-12-01,2024,12,Dec,India export,398,Kazakhstan,2912759.413,2.913,15710.0,False,185.41,2760.167
2024-12-01,2024,12,Dec,India export,300,Greece,2713327.104,2.713,16374.0,False,165.71,2571.183
2024-12-01,2024,12,Dec,India export,604,Peru,2131341.69,2.131,14830.0,False,143.72,2019.686
2024-12-01,2024,12,Dec,India export,710,South Africa,2026306.328,2.026,11940.0,False,169.71,1920.153
2024-12-01,2024,12,Dec,India export,36,Australia,1784595.578,1.785,7351.0,False,242.77,1691.105
2024-12-01,2024,12,Dec,India export,124,Canada,1661533.393,1.662,3620.0,False,458.99,1574.49
2024-12-01,2024,12,Dec,India export,64,Bhutan,1008247.911,1.008,6125.0,False,164.61,955.428
2024-12-01,2024,12,Dec,India export,170,Colombia,961104.059,0.961,7940.0,False,121.05,910.754
2024-12-01,2024,12,Dec,India export,702,Singapore,745860.839,0.746,3011.0,False,247.71,706.787
2024-12-01,2024,12,Dec,India export,504,Morocco,691555.581,0.692,3940.0,False,175.52,655.327
2024-12-01,2024,12,Dec,India export,156,China,463491.992,0.463,594.0,False,,439.211
2024-12-01,2024,12,Dec,India export,608,Philippines,395426.919,0.395,600.0,False,,374.711
2024-12-01,2024,12,Dec,India export,268,Georgia,379058.964,0.379,2060.0,False,184.01,359.201
2024-12-01,2024,12,Dec,India export,458,Malaysia,370396.362,0.37,6480.0,False,57.16,350.992
2024-12-01,2024,12,Dec,India export,31,Azerbaijan,355982.983,0.356,1930.0,False,184.45,337.334
2024-12-01,2024,12,Dec,India export,50,Bangladesh,346637.212,0.347,5142.0,False,67.41,328.478
2024-12-01,2024,12,Dec,India export,860,Uzbekistan,205634.865,0.206,1110.0,False,185.26,194.862
2024-12-01,2024,12,Dec,India export,144,Sri Lanka,51169.516,0.051,800.0,False,,48.489
2024-12-01,2024,12,Dec,India export,410,South Korea,28498.353,0.028,196.0,False,,27.005
2024-12-01,2024,12,Dec,India export,372,Ireland,22916.967,0.023,84.0,False,,21.716
2025-01-01,2025,1,Jan,India export,842,United States,1631991618.208,1631.992,3297650.0,False,494.9,1546495.677
2025-01-01,2025,1,Jan,India export,784,United Arab Emirates,306742767.548,306.743,977213.0,False,313.9,290673.284
2025-01-01,2025,1,Jan,India export,826,United Kingdom,155390153.171,155.39,404212.0,False,384.43,147249.653
2025-01-01,2025,1,Jan,India export,392,Japan,141580350.719,141.58,307260.0,False,460.78,134163.312
2025-01-01,2025,1,Jan,India export,528,Netherlands,123190258.886,123.19,301550.0,False,408.52,116736.631
2025-01-01,2025,1,Jan,India export,40,Austria,97773814.278,97.774,467045.0,False,209.35,92651.69
2025-01-01,2025,1,Jan,India export,203,Czechia,86986792.619,86.987,169723.0,False,512.52,82429.773
2025-01-01,2025,1,Jan,India export,380,Italy,79489442.122,79.489,223357.0,False,355.89,75325.19
2025-01-01,2025,1,Jan,India export,276,Germany,62917778.12,62.918,235920.0,False,266.69,59621.674
2025-01-01,2025,1,Jan,India export,792,Türkiye,42622681.28,42.623,95490.0,False,446.36,40389.786
2025-01-01,2025,1,Jan,India export,251,France,37854867.899,37.855,211108.0,False,179.32,35871.746
2025-01-01,2025,1,Jan,India export,724,Spain,27827622.774,27.828,148841.0,False,186.96,26369.804
2025-01-01,2025,1,Jan,India export,752,Sweden,25775863.529,25.776,115559.0,False,223.05,24425.531
2025-01-01,2025,1,Jan,India export,484,Mexico,11203409.845,11.203,74598.0,False,150.18,10616.491
2025-01-01,2025,1,Jan,India export,682,Saudi Arabia,10735713.676,10.736,38120.0,False,281.63,10173.297
2025-01-01,2025,1,Jan,India export,124,Canada,10556827.155,10.557,23140.0,False,456.22,10003.781
2025-01-01,2025,1,Jan,India export,170,Colombia,9074058.572,9.074,60112.0,False,150.95,8598.691
2025-01-01,2025,1,Jan,India export,710,South Africa,8175876.485,8.176,51200.0,False,159.69,7747.563
2025-01-01,2025,1,Jan,India export,344,Hong Kong,7445785.899,7.446,15060.0,False,494.41,7055.72
2025-01-01,2025,1,Jan,India export,398,Kazakhstan,7395272.588,7.395,40100.0,False,184.42,7007.853
2025-01-01,2025,1,Jan,India export,643,Russia,7347648.892,7.348,10432.0,False,704.34,6962.724
2025-01-01,2025,1,Jan,India export,300,Greece,6728296.055,6.728,39326.0,False,171.09,6375.818
2025-01-01,2025,1,Jan,India export,524,Nepal,5878787.698,5.879,20700.0,False,284.0,5570.813
2025-01-01,2025,1,Jan,India export,764,Thailand,5875569.366,5.876,31724.0,False,185.21,5567.763
2025-01-01,2025,1,Jan,India export,620,Portugal,5413489.362,5.413,29442.0,False,183.87,5129.89
2025-01-01,2025,1,Jan,India export,156,China,3748501.64,3.749,10118.0,False,370.48,3552.127
2025-01-01,2025,1,Jan,India export,36,Australia,1950788.287,1.951,6700.0,False,291.16,1848.591
2025-01-01,2025,1,Jan,India export,64,Bhutan,1295626.182,1.296,7215.0,False,179.57,1227.752
2025-01-01,2025,1,Jan,India export,860,Uzbekistan,1291619.461,1.292,7000.0,False,184.52,1223.955
2025-01-01,2025,1,Jan,India export,504,Morocco,1249974.578,1.25,6950.0,False,179.85,1184.492
2025-01-01,2025,1,Jan,India export,604,Peru,667158.25,0.667,5320.0,False,125.41,632.208
2025-01-01,2025,1,Jan,India export,702,Singapore,641697.127,0.642,2882.0,False,222.66,608.08
2025-01-01,2025,1,Jan,India export,458,Malaysia,631745.129,0.632,9670.0,False,65.33,598.65
2025-01-01,2025,1,Jan,India export,268,Georgia,393218.226,0.393,2150.0,False,182.89,372.619
2025-01-01,2025,1,Jan,India export,608,Philippines,216678.499,0.217,400.0,False,,205.327
2025-01-01,2025,1,Jan,India export,31,Azerbaijan,160183.082,0.16,870.0,False,,151.791
2025-01-01,2025,1,Jan,India export,554,New Zealand,53069.47,0.053,3.0,False,,50.289
2025-01-01,2025,1,Jan,India export,410,South Korea,32702.591,0.033,207.0,False,,30.989
2025-01-01,2025,1,Jan,India export,704,Vietnam,2896.084,0.003,8.0,False,,2.744
2025-01-01,2025,1,Jan,India export,24,Angola,1733.746,0.002,20.0,False,,1.643
2025-02-01,2025,2,Feb,India export,842,United States,1542431533.211,1542.432,3227470.0,False,477.91,1461627.419
2025-02-01,2025,2,Feb,India export,784,United Arab Emirates,293007994.993,293.008,1028540.0,False,284.88,277658.042
2025-02-01,2025,2,Feb,India export,826,United Kingdom,107638296.647,107.638,256436.0,False,419.75,101999.397
2025-02-01,2025,2,Feb,India export,528,Netherlands,103526325.833,103.526,272137.0,False,380.42,98102.842
2025-02-01,2025,2,Feb,India export,203,Czechia,99153050.792,99.153,202853.0,False,488.79,93958.672
2025-02-01,2025,2,Feb,India export,392,Japan,85860772.943,85.861,185014.0,False,464.08,81362.743
2025-02-01,2025,2,Feb,India export,380,Italy,84725054.607,84.725,230155.0,False,368.12,80286.522
2025-02-01,2025,2,Feb,India export,40,Austria,55742410.341,55.742,265557.0,False,209.91,52822.205
2025-02-01,2025,2,Feb,India export,276,Germany,41775674.503,41.776,149593.0,False,279.26,39587.152
2025-02-01,2025,2,Feb,India export,792,Türkiye,41160347.453,41.16,93360.0,False,440.88,39004.06
2025-02-01,2025,2,Feb,India export,682,Saudi Arabia,38440720.63,38.441,118603.0,False,324.11,36426.908
2025-02-01,2025,2,Feb,India export,124,Canada,30309324.063,30.309,62800.0,False,482.63,28721.495
2025-02-01,2025,2,Feb,India export,251,France,23562942.274,23.563,104128.0,False,226.29,22328.539
2025-02-01,2025,2,Feb,India export,484,Mexico,18193331.398,18.193,79040.0,False,230.18,17240.228
2025-02-01,2025,2,Feb,India export,643,Russia,12314444.168,12.314,32865.0,False,374.7,11669.321
2025-02-01,2025,2,Feb,India export,752,Sweden,12260286.372,12.26,57732.0,False,212.37,11618.001
2025-02-01,2025,2,Feb,India export,724,Spain,11148726.112,11.149,47901.0,False,232.75,10564.672
2025-02-01,2025,2,Feb,India export,170,Colombia,9411857.811,9.412,64762.0,False,145.33,8918.794
2025-02-01,2025,2,Feb,India export,710,South Africa,6398859.619,6.399,45240.0,False,141.44,6063.639
2025-02-01,2025,2,Feb,India export,398,Kazakhstan,5602588.996,5.603,28845.0,False,194.23,5309.083
2025-02-01,2025,2,Feb,India export,300,Greece,5437427.416,5.437,32455.0,False,167.54,5152.574
2025-02-01,2025,2,Feb,India export,344,Hong Kong,5019444.947,5.019,16365.0,False,306.72,4756.489
2025-02-01,2025,2,Feb,India export,524,Nepal,4670083.166,4.67,21990.0,False,212.37,4425.429
2025-02-01,2025,2,Feb,India export,764,Thailand,4366913.311,4.367,42080.0,False,103.78,4138.142
2025-02-01,2025,2,Feb,India export,36,Australia,3455493.227,3.455,12922.0,False,267.41,3274.469
2025-02-01,2025,2,Feb,India export,620,Portugal,3332719.28,3.333,16910.0,False,197.09,3158.126
2025-02-01,2025,2,Feb,India export,156,China,2659943.667,2.66,932.0,False,,2520.596
2025-02-01,2025,2,Feb,India export,376,Israel,2219553.318,2.22,126.0,False,,2103.276
2025-02-01,2025,2,Feb,India export,702,Singapore,1223924.739,1.224,4535.0,False,269.88,1159.806
2025-02-01,2025,2,Feb,India export,64,Bhutan,1194199.8,1.194,6588.0,False,181.27,1131.639
2025-02-01,2025,2,Feb,India export,604,Peru,1023223.101,1.023,5580.0,False,183.37,969.619
2025-02-01,2025,2,Feb,India export,860,Uzbekistan,1019597.383,1.02,5510.0,False,185.04,966.183
2025-02-01,2025,2,Feb,India export,703,Slovakia,942921.18,0.943,7370.0,False,127.94,893.524
2025-02-01,2025,2,Feb,India export,504,Morocco,720241.633,0.72,4540.0,False,158.64,682.51
2025-02-01,2025,2,Feb,India export,458,Malaysia,685692.812,0.686,9298.0,False,73.75,649.771
2025-02-01,2025,2,Feb,India export,144,Sri Lanka,427968.734,0.428,4500.0,False,95.1,405.549
2025-02-01,2025,2,Feb,India export,268,Georgia,259765.862,0.26,1420.0,False,182.93,246.157
2025-02-01,2025,2,Feb,India export,31,Azerbaijan,217059.155,0.217,1180.0,False,183.95,205.688
2025-02-01,2025,2,Feb,India export,410,South Korea,168881.8,0.169,131.0,False,,160.035
2025-02-01,2025,2,Feb,India export,608,Philippines,165893.36,0.166,300.0,False,,157.203
2025-02-01,2025,2,Feb,India export,152,Chile,151294.334,0.151,296.0,False,,143.368
2025-02-01,2025,2,Feb,India export,490,Taiwan,35853.287,0.036,140.0,False,,33.975
2025-02-01,2025,2,Feb,India export,757,Switzerland,35853.287,0.036,2.0,False,,33.975
2025-02-01,2025,2,Feb,India export,372,Ireland,17926.643,0.018,1.0,False,,16.988
2025-02-01,2025,2,Feb,India export,104,Myanmar,4313.973,0.004,22.0,False,,4.088
2025-02-01,2025,2,Feb,India export,554,New Zealand,3023.947,0.003,8.0,False,,2.866
2025-02-01,2025,2,Feb,India export,208,Denmark,2407.886,0.002,12.0,False,,2.282
2025-03-01,2025,3,Mar,India export,842,United States,2344926670.553,2344.927,5639090.0,False,415.83,2222081.852
2025-03-01,2025,3,Mar,India export,784,United Arab Emirates,255303036.992,255.303,964832.0,False,264.61,241928.352
2025-03-01,2025,3,Mar,India export,40,Austria,116119149.378,116.119,619027.0,False,187.58,110035.959
2025-03-01,2025,3,Mar,India export,826,United Kingdom,65162821.698,65.163,236344.0,False,275.71,61749.105
2025-03-01,2025,3,Mar,India export,276,Germany,58415903.767,58.416,233453.0,False,250.23,55355.641
2025-03-01,2025,3,Mar,India export,528,Netherlands,47550301.54,47.55,182102.0,False,261.12,45059.261
2025-03-01,2025,3,Mar,India export,484,Mexico,47495527.922,47.496,286210.0,False,165.95,45007.357
2025-03-01,2025,3,Mar,India export,251,France,33591884.679,33.592,163105.0,False,205.95,31832.09
2025-03-01,2025,3,Mar,India export,380,Italy,31886694.554,31.887,136400.0,False,233.77,30216.231
2025-03-01,2025,3,Mar,India export,724,Spain,23748631.638,23.749,128942.0,False,184.18,22504.5
2025-03-01,2025,3,Mar,India export,752,Sweden,16856252.116,16.856,73032.0,False,230.81,15973.195
2025-03-01,2025,3,Mar,India export,203,Czechia,15793077.478,15.793,34973.0,False,451.58,14965.718
2025-03-01,2025,3,Mar,India export,710,South Africa,12521813.175,12.522,85060.0,False,147.21,11865.827
2025-03-01,2025,3,Mar,India export,682,Saudi Arabia,12086406.474,12.086,69420.0,False,174.11,11453.23
2025-03-01,2025,3,Mar,India export,124,Canada,10905313.995,10.905,25700.0,False,424.33,10334.012
2025-03-01,2025,3,Mar,India export,392,Japan,10164310.094,10.164,24402.0,False,416.54,9631.827
2025-03-01,2025,3,Mar,India export,792,Türkiye,7852289.616,7.852,18620.0,False,421.71,7440.928
2025-03-01,2025,3,Mar,India export,300,Greece,7286212.472,7.286,38641.0,False,188.56,6904.506
2025-03-01,2025,3,Mar,India export,620,Portugal,7124371.416,7.124,38594.0,False,184.6,6751.143
2025-03-01,2025,3,Mar,India export,643,Russia,6476719.503,6.477,19095.0,False,339.18,6137.42
2025-03-01,2025,3,Mar,India export,524,Nepal,5975774.423,5.976,22999.0,False,259.83,5662.719
2025-03-01,2025,3,Mar,India export,344,Hong Kong,5495770.321,5.496,15795.0,False,347.94,5207.861
2025-03-01,2025,3,Mar,India export,768,Togo,4907590.534,4.908,96660.0,False,50.77,4650.494
2025-03-01,2025,3,Mar,India export,764,Thailand,3512809.66,3.513,56400.0,False,62.28,3328.782
2025-03-01,2025,3,Mar,India export,608,Philippines,3139181.888,3.139,17330.0,False,181.14,2974.728
2025-03-01,2025,3,Mar,India export,458,Malaysia,2300662.003,2.301,30960.0,False,74.31,2180.136
2025-03-01,2025,3,Mar,India export,604,Peru,2096800.705,2.097,16580.0,False,126.47,1986.955
2025-03-01,2025,3,Mar,India export,156,China,1597694.202,1.598,1850.0,False,863.62,1513.995
2025-03-01,2025,3,Mar,India export,170,Colombia,1393989.914,1.394,16190.0,False,86.1,1320.962
2025-03-01,2025,3,Mar,India export,566,Nigeria,1363502.445,1.364,27180.0,False,50.17,1292.072
2025-03-01,2025,3,Mar,India export,64,Bhutan,827876.261,0.828,4752.0,False,174.22,784.506
2025-03-01,2025,3,Mar,India export,144,Sri Lanka,480738.978,0.481,5250.0,False,91.57,455.554
2025-03-01,2025,3,Mar,India export,36,Australia,374215.727,0.374,840.0,False,,354.612
2025-03-01,2025,3,Mar,India export,686,Senegal,265630.705,0.266,5580.0,False,47.6,251.715
2025-03-01,2025,3,Mar,India export,702,Singapore,257115.335,0.257,410.0,False,,243.646
2025-03-01,2025,3,Mar,India export,410,South Korea,129454.31,0.129,384.0,False,,122.673
2025-03-01,2025,3,Mar,India export,398,Kazakhstan,125051.711,0.125,675.0,False,,118.501
2025-03-01,2025,3,Mar,India export,288,Ghana,72033.819,0.072,1500.0,False,48.02,68.26
2025-03-01,2025,3,Mar,India export,31,Azerbaijan,59420.741,0.059,320.0,False,,56.308
2025-03-01,2025,3,Mar,India export,554,New Zealand,35730.371,0.036,2.0,False,,33.859
2025-03-01,2025,3,Mar,India export,376,Israel,35725.697,0.036,2.0,False,,33.854
2025-03-01,2025,3,Mar,India export,504,Morocco,12671.551,0.013,100.0,False,,12.008
2025-03-01,2025,3,Mar,India export,462,Maldives,2774.324,0.003,21.0,False,,2.629
2025-03-01,2025,3,Mar,India export,616,Poland,1585.003,0.002,3.0,False,,1.502
2025-03-01,2025,3,Mar,India export,490,Taiwan,297.019,0.0,1.0,False,,0.281
2025-04-01,2025,4,Apr,India export,842,United States,1654448966.205,1654.449,4117850.0,False,401.77,1567776.541
2025-04-01,2025,4,Apr,India export,784,United Arab Emirates,235448521.185,235.449,979269.0,False,240.43,223113.965
2025-04-01,2025,4,Apr,India export,40,Austria,61570478.988,61.57,371640.0,False,165.67,58344.956
2025-04-01,2025,4,Apr,India export,203,Czechia,49511311.866,49.511,129004.0,False,383.8,46917.539
2025-04-01,2025,4,Apr,India export,528,Netherlands,48753419.677,48.753,177456.0,False,274.74,46199.35
2025-04-01,2025,4,Apr,India export,276,Germany,44462522.137,44.463,282716.0,False,157.27,42133.242
2025-04-01,2025,4,Apr,India export,826,United Kingdom,38192193.779,38.192,145410.0,False,262.65,36191.401
2025-04-01,2025,4,Apr,India export,380,Italy,34854733.847,34.855,125387.0,False,277.98,33028.782
2025-04-01,2025,4,Apr,India export,484,Mexico,28440101.18,28.44,160813.0,False,176.85,26950.196
2025-04-01,2025,4,Apr,India export,724,Spain,21865848.036,21.866,90187.0,False,242.45,20720.351
2025-04-01,2025,4,Apr,India export,251,France,19779149.803,19.779,131022.0,False,150.96,18742.97
2025-04-01,2025,4,Apr,India export,392,Japan,12931559.143,12.932,33500.0,False,386.02,12254.107
2025-04-01,2025,4,Apr,India export,682,Saudi Arabia,10740976.522,10.741,41401.0,False,259.44,10178.284
2025-04-01,2025,4,Apr,India export,752,Sweden,8939349.453,8.939,48245.0,False,185.29,8471.039
2025-04-01,2025,4,Apr,India export,524,Nepal,7700713.228,7.701,37740.0,False,204.05,7297.292
2025-04-01,2025,4,Apr,India export,156,China,7664748.419,7.665,14000.0,False,547.48,7263.212
2025-04-01,2025,4,Apr,India export,620,Portugal,6409741.81,6.41,33361.0,False,192.13,6073.952
2025-04-01,2025,4,Apr,India export,792,Türkiye,6397921.252,6.398,16059.0,False,398.4,6062.75
2025-04-01,2025,4,Apr,India export,124,Canada,5709568.278,5.71,14000.0,False,407.83,5410.458
2025-04-01,2025,4,Apr,India export,710,South Africa,5175696.821,5.176,38140.0,False,135.7,4904.555
2025-04-01,2025,4,Apr,India export,643,Russia,4064361.149,4.064,11778.0,False,345.08,3851.439
2025-04-01,2025,4,Apr,India export,300,Greece,4023238.447,4.023,27311.0,False,147.31,3812.471
2025-04-01,2025,4,Apr,India export,344,Hong Kong,1387116.347,1.387,3758.0,False,369.11,1314.449
2025-04-01,2025,4,Apr,India export,764,Thailand,1299426.516,1.299,18286.0,False,71.06,1231.353
2025-04-01,2025,4,Apr,India export,458,Malaysia,1255841.87,1.256,17893.0,False,70.19,1190.051
2025-04-01,2025,4,Apr,India export,64,Bhutan,1160645.851,1.161,5236.0,False,221.67,1099.843
2025-04-01,2025,4,Apr,India export,170,Colombia,1025103.637,1.025,11310.0,False,90.64,971.401
2025-04-01,2025,4,Apr,India export,768,Togo,1021395.909,1.021,15377.0,False,66.42,967.888
2025-04-01,2025,4,Apr,India export,144,Sri Lanka,733642.714,0.734,8330.0,False,88.07,695.209
2025-04-01,2025,4,Apr,India export,566,Nigeria,414606.747,0.415,6601.0,False,62.81,392.887
2025-04-01,2025,4,Apr,India export,410,South Korea,102361.538,0.102,225.0,False,,96.999
2025-04-01,2025,4,Apr,India export,608,Philippines,61897.252,0.062,400.0,False,,58.655
2025-04-01,2025,4,Apr,India export,490,Taiwan,2640.236,0.003,9.0,False,,2.502
2025-04-01,2025,4,Apr,India export,24,Angola,2086.493,0.002,20.0,False,,1.977
2025-04-01,2025,4,Apr,India export,288,Ghana,123.748,0.0,2500.0,False,0.05,0.117
2025-05-01,2025,5,May,India export,842,United States,2294779907.478,2294.78,5675090.0,False,404.36,2174562.152
2025-05-01,2025,5,May,India export,784,United Arab Emirates,252455649.508,252.456,992115.0,False,254.46,239230.132
2025-05-01,2025,5,May,India export,40,Austria,90748415.333,90.748,495434.0,False,183.17,85994.334
2025-05-01,2025,5,May,India export,826,United Kingdom,47649813.675,47.65,177728.0,False,268.11,45153.56
2025-05-01,2025,5,May,India export,276,Germany,47224252.448,47.224,266897.0,False,176.94,44750.292
2025-05-01,2025,5,May,India export,528,Netherlands,41630633.04,41.631,161147.0,False,258.34,39449.709
2025-05-01,2025,5,May,India export,724,Spain,31442386.712,31.442,157547.0,False,199.57,29795.199
2025-05-01,2025,5,May,India export,251,France,22571924.616,22.572,114102.0,False,197.82,21389.438
2025-05-01,2025,5,May,India export,752,Sweden,21611563.212,21.612,88344.0,False,244.63,20479.388
2025-05-01,2025,5,May,India export,484,Mexico,19831093.495,19.831,100060.0,False,198.19,18792.192
2025-05-01,2025,5,May,India export,380,Italy,16195252.754,16.195,93516.0,False,173.18,15346.824
2025-05-01,2025,5,May,India export,643,Russia,11676312.46,11.676,35849.0,False,325.71,11064.62
2025-05-01,2025,5,May,India export,156,China,10875223.456,10.875,441.0,False,,10305.498
2025-05-01,2025,5,May,India export,524,Nepal,7078203.088,7.078,39315.0,False,180.04,6707.394
2025-05-01,2025,5,May,India export,376,Israel,6244384.207,6.244,253.0,False,,5917.257
2025-05-01,2025,5,May,India export,300,Greece,5987807.237,5.988,35554.0,False,168.41,5674.121
2025-05-01,2025,5,May,India export,620,Portugal,5327809.512,5.328,27299.0,False,195.17,5048.699
2025-05-01,2025,5,May,India export,203,Czechia,5057837.105,5.058,11816.0,False,428.05,4792.87
2025-05-01,2025,5,May,India export,710,South Africa,4492658.157,4.493,28860.0,False,155.67,4257.299
2025-05-01,2025,5,May,India export,344,Hong Kong,3558713.026,3.559,9210.0,False,386.4,3372.281
2025-05-01,2025,5,May,India export,682,Saudi Arabia,3147380.188,3.147,16517.0,False,190.55,2982.497
2025-05-01,2025,5,May,India export,392,Japan,2607978.245,2.608,2676.0,False,974.58,2471.353
2025-05-01,2025,5,May,India export,170,Colombia,2168991.261,2.169,21180.0,False,102.41,2055.363
2025-05-01,2025,5,May,India export,703,Slovakia,1182400.744,1.182,5115.0,False,231.16,1120.458
2025-05-01,2025,5,May,India export,64,Bhutan,1136685.973,1.137,5624.0,False,202.11,1077.138
2025-05-01,2025,5,May,India export,764,Thailand,1130459.75,1.13,18427.0,False,61.35,1071.238
2025-05-01,2025,5,May,India export,458,Malaysia,1008951.581,1.009,16362.0,False,61.66,956.095
2025-05-01,2025,5,May,India export,124,Canada,853225.162,0.853,2120.0,False,402.46,808.527
2025-05-01,2025,5,May,India export,410,South Korea,607857.858,0.608,411.0,False,,576.014
2025-05-01,2025,5,May,India export,36,Australia,535979.392,0.536,915.0,False,,507.901
2025-05-01,2025,5,May,India export,144,Sri Lanka,415155.296,0.415,3750.0,False,110.71,393.406
2025-05-01,2025,5,May,India export,702,Singapore,339791.245,0.34,14.0,False,,321.99
2025-05-01,2025,5,May,India export,757,Switzerland,247712.811,0.248,10.0,False,,234.736
2025-05-01,2025,5,May,India export,566,Nigeria,208607.057,0.209,3091.0,False,67.49,197.679
2025-05-01,2025,5,May,India export,768,Togo,207373.093,0.207,3739.0,False,55.46,196.509
2025-05-01,2025,5,May,India export,372,Ireland,198799.449,0.199,8.0,False,,188.385
2025-05-01,2025,5,May,India export,554,New Zealand,173917.729,0.174,7.0,False,,164.807
2025-05-01,2025,5,May,India export,716,Zimbabwe,160052.271,0.16,1440.0,False,111.15,151.668
2025-05-01,2025,5,May,India export,490,Taiwan,156473.376,0.156,23.0,False,,148.276
2025-05-01,2025,5,May,India export,634,Qatar,88102.636,0.088,800.0,False,,83.487
2025-05-01,2025,5,May,India export,792,Türkiye,74805.697,0.075,190.0,False,,70.887
2025-05-01,2025,5,May,India export,894,Zambia,65465.518,0.065,600.0,False,,62.036
2025-05-01,2025,5,May,India export,400,Jordan,56454.216,0.056,370.0,False,,53.497
2025-05-01,2025,5,May,India export,180,DR Congo,15.87,0.0,1995.0,False,0.01,0.015
2025-06-01,2025,6,Jun,India export,842,United States,1994915924.466,1994.916,4858360.0,False,410.62,1890407.29
2025-06-01,2025,6,Jun,India export,784,United Arab Emirates,244825144.295,244.825,1004930.0,False,243.62,231999.37
2025-06-01,2025,6,Jun,India export,40,Austria,89640759.493,89.641,516836.0,False,173.44,84944.705
2025-06-01,2025,6,Jun,India export,528,Netherlands,56962329.134,56.962,214666.0,False,265.35,53978.216
2025-06-01,2025,6,Jun,India export,826,United Kingdom,47672622.52,47.673,163916.0,False,290.84,45175.174
2025-06-01,2025,6,Jun,India export,724,Spain,34581306.576,34.581,136515.0,False,253.32,32769.679
2025-06-01,2025,6,Jun,India export,251,France,31604418.574,31.604,157053.0,False,201.23,29948.742
2025-06-01,2025,6,Jun,India export,380,Italy,28619239.825,28.619,141655.0,False,202.03,27119.95
2025-06-01,2025,6,Jun,India export,752,Sweden,28120963.173,28.121,123043.0,False,228.55,26647.777
2025-06-01,2025,6,Jun,India export,203,Czechia,21813404.025,21.813,54580.0,False,399.66,20670.655
2025-06-01,2025,6,Jun,India export,276,Germany,21225168.68,21.225,124670.0,False,170.25,20113.235
2025-06-01,2025,6,Jun,India export,484,Mexico,20091060.124,20.091,108291.0,False,185.53,19038.54
2025-06-01,2025,6,Jun,India export,156,China,12428163.274,12.428,553.0,False,,11777.083
2025-06-01,2025,6,Jun,India export,643,Russia,7836195.277,7.836,17592.0,False,445.44,7425.677
2025-06-01,2025,6,Jun,India export,300,Greece,6894297.049,6.894,42364.0,False,162.74,6533.122
2025-06-01,2025,6,Jun,India export,620,Portugal,6044632.212,6.045,32161.0,False,187.95,5727.969
2025-06-01,2025,6,Jun,India export,344,Hong Kong,4547247.578,4.547,63721.0,False,71.36,4309.029
2025-06-01,2025,6,Jun,India export,524,Nepal,4021264.515,4.021,20850.0,False,192.87,3810.601
2025-06-01,2025,6,Jun,India export,702,Singapore,3651843.312,3.652,167.0,False,,3460.532
2025-06-01,2025,6,Jun,India export,682,Saudi Arabia,3432561.393,3.433,17983.0,False,190.88,3252.738
2025-06-01,2025,6,Jun,India export,710,South Africa,2292184.924,2.292,14020.0,False,163.49,2172.103
2025-06-01,2025,6,Jun,India export,792,Türkiye,2284217.537,2.284,6416.0,False,356.02,2164.553
2025-06-01,2025,6,Jun,India export,170,Colombia,1843912.124,1.844,17810.0,False,103.53,1747.314
2025-06-01,2025,6,Jun,India export,392,Japan,1474505.852,1.475,79.0,False,,1397.26
2025-06-01,2025,6,Jun,India export,376,Israel,1397173.932,1.397,56.0,False,,1323.979
2025-06-01,2025,6,Jun,India export,490,Taiwan,1126267.393,1.126,86.0,False,,1067.265
2025-06-01,2025,6,Jun,India export,64,Bhutan,980772.903,0.981,4944.0,False,198.38,929.393
2025-06-01,2025,6,Jun,India export,410,South Korea,979807.233,0.98,261.0,False,,928.478
2025-06-01,2025,6,Jun,India export,124,Canada,975261.899,0.975,2408.0,False,405.01,924.17
2025-06-01,2025,6,Jun,India export,36,Australia,649554.147,0.65,26.0,False,,615.526
2025-06-01,2025,6,Jun,India export,144,Sri Lanka,547524.143,0.548,7350.0,False,74.49,518.841
2025-06-01,2025,6,Jun,India export,764,Thailand,541517.784,0.542,10088.0,False,53.68,513.149
2025-06-01,2025,6,Jun,India export,458,Malaysia,309337.37,0.309,5216.0,False,59.31,293.132
2025-06-01,2025,6,Jun,India export,554,New Zealand,175175.951,0.175,7.0,False,,165.999
2025-06-01,2025,6,Jun,India export,372,Ireland,150150.825,0.15,6.0,False,,142.285
2025-06-01,2025,6,Jun,India export,834,Tanzania,64951.654,0.065,600.0,False,,61.549
2025-06-01,2025,6,Jun,India export,686,Senegal,27175.023,0.027,250.0,False,,25.751
2025-06-01,2025,6,Jun,India export,462,Maldives,1065.829,0.001,58.0,False,,1.01
2025-07-01,2025,7,Jul,India export,842,United States,1524748240.138,1524.748,3606140.0,False,422.82,1290965.981
2025-07-01,2025,7,Jul,India export,784,United Arab Emirates,318412124.518,318.412,1107980.0,False,287.38,269591.536
2025-07-01,2025,7,Jul,India export,703,Slovakia,44582209.333,44.582,239472.0,False,186.17,37746.635
2025-07-01,2025,7,Jul,India export,826,United Kingdom,40820424.586,40.82,136189.0,False,299.73,34561.627
2025-07-01,2025,7,Jul,India export,528,Netherlands,36662055.975,36.662,150791.0,False,243.13,31040.841
2025-07-01,2025,7,Jul,India export,724,Spain,28164970.293,28.165,109541.0,False,257.12,23846.572
2025-07-01,2025,7,Jul,India export,380,Italy,28022846.238,28.023,144969.0,False,193.3,23726.239
2025-07-01,2025,7,Jul,India export,40,Austria,26341243.305,26.341,124119.0,False,212.23,22302.468
2025-07-01,2025,7,Jul,India export,276,Germany,22446419.594,22.446,120733.0,False,185.92,19004.819
2025-07-01,2025,7,Jul,India export,484,Mexico,22192937.735,22.193,109745.0,False,202.22,18790.202
2025-07-01,2025,7,Jul,India export,251,France,16829528.996,16.83,88453.0,False,190.27,14249.139
2025-07-01,2025,7,Jul,India export,203,Czechia,14478108.478,14.478,40720.0,False,355.55,12258.25
2025-07-01,2025,7,Jul,India export,643,Russia,12985762.48,12.986,23764.0,False,546.45,10994.718
2025-07-01,2025,7,Jul,India export,752,Sweden,10350629.557,10.351,44210.0,False,234.12,8763.618
2025-07-01,2025,7,Jul,India export,300,Greece,7422839.744,7.423,38640.0,False,192.1,6284.732
2025-07-01,2025,7,Jul,India export,156,China,6957801.103,6.958,377.0,False,,5890.995
2025-07-01,2025,7,Jul,India export,620,Portugal,6655271.243,6.655,21600.0,False,308.11,5634.851
2025-07-01,2025,7,Jul,India export,524,Nepal,6164757.323,6.165,29145.0,False,211.52,5219.545
2025-07-01,2025,7,Jul,India export,682,Saudi Arabia,5132776.926,5.133,25651.0,False,200.1,4345.793
2025-07-01,2025,7,Jul,India export,428,Latvia,3758159.938,3.758,14685.0,False,255.92,3181.939
2025-07-01,2025,7,Jul,India export,124,Canada,3446410.563,3.446,9280.0,False,371.38,2917.989
2025-07-01,2025,7,Jul,India export,704,Vietnam,2506293.859,2.506,7496.0,False,334.35,2122.016
2025-07-01,2025,7,Jul,India export,792,Türkiye,2411880.902,2.412,6880.0,False,350.56,2042.079
2025-07-01,2025,7,Jul,India export,344,Hong Kong,2189645.444,2.19,15061.0,False,145.39,1853.918
2025-07-01,2025,7,Jul,India export,710,South Africa,2049026.953,2.049,12910.0,False,158.72,1734.86
2025-07-01,2025,7,Jul,India export,170,Colombia,1738701.065,1.739,16630.0,False,104.55,1472.114
2025-07-01,2025,7,Jul,India export,764,Thailand,1634564.114,1.635,29974.0,False,54.53,1383.944
2025-07-01,2025,7,Jul,India export,64,Bhutan,1224069.904,1.224,5520.0,False,221.75,1036.389
2025-07-01,2025,7,Jul,India export,392,Japan,892336.56,0.892,1719.0,False,519.1,755.519
2025-07-01,2025,7,Jul,India export,372,Ireland,763467.269,0.763,116.0,False,,646.409
2025-07-01,2025,7,Jul,India export,458,Malaysia,647114.297,0.647,10970.0,False,58.99,547.895
2025-07-01,2025,7,Jul,India export,702,Singapore,595593.197,0.596,28.0,False,,504.274
2025-07-01,2025,7,Jul,India export,410,South Korea,493047.834,0.493,298.0,False,,417.451
2025-07-01,2025,7,Jul,India export,144,Sri Lanka,298777.918,0.299,4150.0,False,71.99,252.968
2025-07-01,2025,7,Jul,India export,554,New Zealand,74116.334,0.074,3.0,False,,62.752
2025-07-01,2025,7,Jul,India export,757,Switzerland,49410.89,0.049,2.0,False,,41.835
2025-07-01,2025,7,Jul,India export,490,Taiwan,24952.209,0.025,1.0,False,,21.126
2025-07-01,2025,7,Jul,India export,36,Australia,10910.203,0.011,42.0,False,,9.237
2025-07-01,2025,7,Jul,India export,376,Israel,5384.8,0.005,7.0,False,,4.559
2025-08-01,2025,8,Aug,India export,842,United States,964785612.319,964.786,2841580.0,False,339.52,816859.71
2025-08-01,2025,8,Aug,India export,784,United Arab Emirates,250712943.162,250.713,932337.0,False,268.91,212272.343
2025-08-01,2025,8,Aug,India export,528,Netherlands,49436533.702,49.437,170839.0,False,289.37,41856.67
2025-08-01,2025,8,Aug,India export,826,United Kingdom,44065364.351,44.065,136194.0,False,323.55,37309.036
2025-08-01,2025,8,Aug,India export,40,Austria,43750165.064,43.75,241155.0,False,181.42,37042.164
2025-08-01,2025,8,Aug,India export,203,Czechia,29698793.429,29.699,78769.0,False,377.04,25145.221
2025-08-01,2025,8,Aug,India export,380,Italy,29144991.033,29.145,138987.0,False,209.7,24676.331
2025-08-01,2025,8,Aug,India export,643,Russia,18648111.485,18.648,34863.0,False,534.9,15788.887
2025-08-01,2025,8,Aug,India export,276,Germany,18325111.038,18.325,91836.0,False,199.54,15515.411
2025-08-01,2025,8,Aug,India export,724,Spain,14738499.393,14.738,78992.0,False,186.58,12478.717
2025-08-01,2025,8,Aug,India export,251,France,13715200.962,13.715,76869.0,False,178.42,11612.316
2025-08-01,2025,8,Aug,India export,524,Nepal,11897411.839,11.897,63270.0,False,188.04,10073.239
2025-08-01,2025,8,Aug,India export,752,Sweden,8252789.507,8.253,42987.0,False,191.98,6987.429
2025-08-01,2025,8,Aug,India export,156,China,5931124.626,5.931,340.0,False,,5021.734
2025-08-01,2025,8,Aug,India export,484,Mexico,4923948.749,4.924,27320.0,False,180.23,4168.984
2025-08-01,2025,8,Aug,India export,620,Portugal,2550738.142,2.551,12390.0,False,205.87,2159.646
2025-08-01,2025,8,Aug,India export,376,Israel,2474714.154,2.475,121.0,False,,2095.278
2025-08-01,2025,8,Aug,India export,344,Hong Kong,2382883.534,2.383,42264.0,False,56.38,2017.528
2025-08-01,2025,8,Aug,India export,300,Greece,1969338.494,1.969,12710.0,False,154.94,1667.389
2025-08-01,2025,8,Aug,India export,392,Japan,1875825.794,1.876,1239.0,False,1513.98,1588.215
2025-08-01,2025,8,Aug,India export,792,Türkiye,1538461.052,1.538,4390.0,False,350.45,1302.576
2025-08-01,2025,8,Aug,India export,64,Bhutan,1334233.242,1.334,6974.0,False,191.32,1129.662
2025-08-01,2025,8,Aug,India export,144,Sri Lanka,675048.251,0.675,8670.0,False,77.86,571.546
2025-08-01,2025,8,Aug,India export,410,South Korea,615602.985,0.616,209.0,False,,521.216
2025-08-01,2025,8,Aug,India export,682,Saudi Arabia,559856.77,0.56,1455.0,False,384.78,474.017
2025-08-01,2025,8,Aug,India export,372,Ireland,535456.801,0.535,22.0,False,,453.358
2025-08-01,2025,8,Aug,India export,710,South Africa,532769.205,0.533,3150.0,False,169.13,451.082
2025-08-01,2025,8,Aug,India export,36,Australia,512400.069,0.512,21.0,False,,433.836
2025-08-01,2025,8,Aug,India export,702,Singapore,477796.725,0.478,34.0,False,,404.538
2025-08-01,2025,8,Aug,India export,764,Thailand,149144.174,0.149,2833.0,False,52.65,126.277
2025-08-01,2025,8,Aug,India export,757,Switzerland,145855.06,0.146,6.0,False,,123.492
2025-08-01,2025,8,Aug,India export,490,Taiwan,122060.061,0.122,5.0,False,,103.345
2025-08-01,2025,8,Aug,India export,554,New Zealand,7633.481,0.008,10.0,False,,6.463
2025-08-01,2025,8,Aug,India export,24,Angola,1809.026,0.002,20.0,False,,1.532
2025-09-01,2025,9,Sep,India export,842,United States,884579442.549,884.579,2865620.0,False,308.69,748951.163
2025-09-01,2025,9,Sep,India export,784,United Arab Emirates,422915032.989,422.915,1412390.0,False,299.43,358071.52
2025-09-01,2025,9,Sep,India export,40,Austria,79886225.243,79.886,384451.0,False,207.79,67637.657
2025-09-01,2025,9,Sep,India export,528,Netherlands,57296992.912,57.297,172960.0,False,331.27,48511.923
2025-09-01,2025,9,Sep,India export,826,United Kingdom,44794748.268,44.795,117571.0,False,381.0,37926.587
2025-09-01,2025,9,Sep,India export,276,Germany,42628654.129,42.629,175862.0,False,242.4,36092.609
2025-09-01,2025,9,Sep,India export,380,Italy,39006813.321,39.007,120092.0,False,324.81,33026.088
2025-09-01,2025,9,Sep,India export,643,Russia,20701071.269,20.701,46285.0,False,447.25,17527.076
2025-09-01,2025,9,Sep,India export,724,Spain,20647711.429,20.648,92408.0,False,223.44,17481.898
2025-09-01,2025,9,Sep,India export,752,Sweden,19457463.365,19.457,92422.0,False,210.53,16474.145
2025-09-01,2025,9,Sep,India export,203,Czechia,13119611.749,13.12,32720.0,False,400.97,11108.045
2025-09-01,2025,9,Sep,India export,251,France,8977751.137,8.978,45073.0,False,199.18,7601.236
2025-09-01,2025,9,Sep,India export,620,Portugal,8047371.499,8.047,28110.0,False,286.28,6813.507
2025-09-01,2025,9,Sep,India export,300,Greece,6744134.114,6.744,21484.0,False,313.91,5710.089
2025-09-01,2025,9,Sep,India export,484,Mexico,4083729.864,4.084,19460.0,False,209.85,3457.591
2025-09-01,2025,9,Sep,India export,344,Hong Kong,2839910.575,2.84,22384.0,False,126.87,2404.481
2025-09-01,2025,9,Sep,India export,524,Nepal,1858651.187,1.859,9200.0,False,202.03,1573.673
2025-09-01,2025,9,Sep,India export,764,Thailand,1631296.0,1.631,29808.0,False,54.73,1381.177
2025-09-01,2025,9,Sep,India export,682,Saudi Arabia,840729.111,0.841,2481.0,False,338.87,711.824
2025-09-01,2025,9,Sep,India export,64,Bhutan,799506.481,0.8,5284.0,False,151.31,676.922
2025-09-01,2025,9,Sep,India export,792,Türkiye,307377.454,0.307,880.0,False,,260.249
2025-09-01,2025,9,Sep,India export,156,China,291515.602,0.292,227.0,False,,246.819
2025-09-01,2025,9,Sep,India export,458,Malaysia,243942.718,0.244,4132.0,False,59.04,206.54
2025-09-01,2025,9,Sep,India export,144,Sri Lanka,75050.89,0.075,650.0,False,,63.544
2025-09-01,2025,9,Sep,India export,398,Kazakhstan,63991.014,0.064,410.0,False,,54.18
2025-09-01,2025,9,Sep,India export,410,South Korea,30070.298,0.03,55.0,False,,25.46
2025-09-01,2025,9,Sep,India export,702,Singapore,23257.772,0.023,23.0,False,,19.692
2025-09-01,2025,9,Sep,India export,392,Japan,19507.237,0.02,36.0,False,,16.516
2025-09-01,2025,9,Sep,India export,376,Israel,10360.598,0.01,7.0,False,,8.772
2025-09-01,2025,9,Sep,India export,36,Australia,9991.406,0.01,53.0,False,,8.459
2025-09-01,2025,9,Sep,India export,372,Ireland,7400.427,0.007,5.0,False,,6.266
2025-09-01,2025,9,Sep,India export,124,Canada,3854.37,0.004,100.0,False,,3.263
2025-09-01,2025,9,Sep,India export,716,Zimbabwe,1966.677,0.002,5.0,False,,1.665
2025-09-01,2025,9,Sep,India export,616,Poland,1460.634,0.001,2.0,False,,1.237
2025-10-01,2025,10,Oct,India export,842,United States,1467679017.757,1467.679,3888810.0,False,377.41,1242646.906
2025-10-01,2025,10,Oct,India export,784,United Arab Emirates,503094441.989,503.094,1433660.0,False,350.92,425957.409
2025-10-01,2025,10,Oct,India export,40,Austria,123187139.053,123.187,569724.0,False,216.22,104299.452
2025-10-01,2025,10,Oct,India export,792,Türkiye,67255794.469,67.256,175554.0,False,383.11,56943.789
2025-10-01,2025,10,Oct,India export,528,Netherlands,62046138.794,62.046,212048.0,False,292.6,52532.905
2025-10-01,2025,10,Oct,India export,203,Czechia,59993995.485,59.994,150450.0,False,398.76,50795.407
2025-10-01,2025,10,Oct,India export,276,Germany,56722151.739,56.722,280882.0,False,201.94,48025.219
2025-10-01,2025,10,Oct,India export,826,United Kingdom,35772902.456,35.773,94341.0,False,379.19,30288.017
2025-10-01,2025,10,Oct,India export,380,Italy,35645822.806,35.646,98540.0,False,361.74,30180.422
2025-10-01,2025,10,Oct,India export,643,Russia,33039681.526,33.04,71954.0,False,459.18,27973.867
2025-10-01,2025,10,Oct,India export,752,Sweden,31147082.904,31.147,161473.0,False,192.89,26371.452
2025-10-01,2025,10,Oct,India export,484,Mexico,22893499.424,22.893,58120.0,False,393.9,19383.35
2025-10-01,2025,10,Oct,India export,724,Spain,18133264.362,18.133,93338.0,False,194.28,15352.979
2025-10-01,2025,10,Oct,India export,392,Japan,14652534.612,14.653,42720.0,False,342.99,12405.932
2025-10-01,2025,10,Oct,India export,620,Portugal,7700570.313,7.701,39000.0,False,197.45,6519.879
2025-10-01,2025,10,Oct,India export,344,Hong Kong,7606930.27,7.607,19258.0,False,395.0,6440.597
2025-10-01,2025,10,Oct,India export,251,France,5667609.098,5.668,21510.0,False,263.49,4798.622
2025-10-01,2025,10,Oct,India export,300,Greece,5469249.075,5.469,30830.0,False,177.4,4630.676
2025-10-01,2025,10,Oct,India export,524,Nepal,3670763.53,3.671,23450.0,False,156.54,3107.943
2025-10-01,2025,10,Oct,India export,144,Sri Lanka,1904890.359,1.905,22450.0,False,84.85,1612.823
2025-10-01,2025,10,Oct,India export,156,China,1347529.608,1.348,558.0,False,,1140.919
2025-10-01,2025,10,Oct,India export,64,Bhutan,851296.915,0.851,4418.0,False,192.69,720.772
2025-10-01,2025,10,Oct,India export,124,Canada,210219.838,0.21,440.0,False,,177.988
2025-10-01,2025,10,Oct,India export,702,Singapore,201682.164,0.202,404.0,False,,170.759
2025-10-01,2025,10,Oct,India export,112,Belarus,102096.08,0.102,200.0,False,,86.442
2025-10-01,2025,10,Oct,India export,170,Colombia,39712.058,0.04,100.0,False,,33.623
2025-10-01,2025,10,Oct,India export,682,Saudi Arabia,39380.57,0.039,113.0,False,,33.343
2025-10-01,2025,10,Oct,India export,490,Taiwan,31895.63,0.032,62.0,False,,27.005
2025-10-01,2025,10,Oct,India export,410,South Korea,27298.161,0.027,75.0,False,,23.113
2025-10-01,2025,10,Oct,India export,372,Ireland,5971.738,0.006,4.0,False,,5.056
2025-10-01,2025,10,Oct,India export,462,Maldives,3439.721,0.003,27.0,False,,2.912
2025-10-01,2025,10,Oct,India export,757,Switzerland,1478.514,0.001,1.0,False,,1.252
2025-11-01,2025,11,Nov,India export,842,United States,1765459938.903,1765.46,4374970.0,False,403.54,1494770.522
2025-11-01,2025,11,Nov,India export,784,United Arab Emirates,400756469.904,400.756,1478940.0,False,270.98,339310.422
2025-11-01,2025,11,Nov,India export,528,Netherlands,117944531.52,117.945,420906.0,False,280.22,99860.668
2025-11-01,2025,11,Nov,India export,40,Austria,114200676.76,114.201,584295.0,False,195.45,96690.84
2025-11-01,2025,11,Nov,India export,276,Germany,75313881.827,75.314,395149.0,False,190.6,63766.369
2025-11-01,2025,11,Nov,India export,826,United Kingdom,72640999.622,72.641,255947.0,False,283.81,61503.307
2025-11-01,2025,11,Nov,India export,203,Czechia,69266982.221,69.267,175757.0,False,394.11,58646.612
2025-11-01,2025,11,Nov,India export,380,Italy,65518199.942,65.518,208480.0,False,314.27,55472.612
2025-11-01,2025,11,Nov,India export,251,France,46144313.961,46.144,268854.0,False,171.63,39069.23
2025-11-01,2025,11,Nov,India export,792,Türkiye,37411743.95,37.412,95050.0,False,393.6,31675.583
2025-11-01,2025,11,Nov,India export,724,Spain,33249029.602,33.249,178679.0,False,186.08,28151.117
2025-11-01,2025,11,Nov,India export,764,Thailand,18079404.765,18.079,47090.0,False,383.93,15307.377
2025-11-01,2025,11,Nov,India export,752,Sweden,16886261.085,16.886,74083.0,False,227.94,14297.173
2025-11-01,2025,11,Nov,India export,484,Mexico,16414152.597,16.414,43190.0,False,380.05,13897.45
2025-11-01,2025,11,Nov,India export,643,Russia,12693840.271,12.694,23500.0,False,540.16,10747.555
2025-11-01,2025,11,Nov,India export,300,Greece,11145481.259,11.145,46296.0,False,240.74,9436.599
2025-11-01,2025,11,Nov,India export,702,Singapore,9719492.2,9.719,25397.0,False,382.7,8229.25
2025-11-01,2025,11,Nov,India export,620,Portugal,8631569.675,8.632,47498.0,False,181.72,7308.133
2025-11-01,2025,11,Nov,India export,156,China,6362938.111,6.363,16521.0,False,385.14,5387.34
2025-11-01,2025,11,Nov,India export,524,Nepal,4563452.783,4.563,29950.0,False,152.37,3863.761
2025-11-01,2025,11,Nov,India export,458,Malaysia,4533573.822,4.534,11740.0,False,386.16,3838.463
2025-11-01,2025,11,Nov,India export,36,Australia,4029198.796,4.029,10440.0,False,385.94,3411.421
2025-11-01,2025,11,Nov,India export,344,Hong Kong,3214261.781,3.214,29957.0,False,107.3,2721.435
2025-11-01,2025,11,Nov,India export,124,Canada,2819914.968,2.82,5449.0,False,517.51,2387.551
2025-11-01,2025,11,Nov,India export,144,Sri Lanka,743879.068,0.744,7200.0,False,103.32,629.824
2025-11-01,2025,11,Nov,India export,64,Bhutan,674777.65,0.675,4060.0,False,166.2,571.317
2025-11-01,2025,11,Nov,India export,392,Japan,126310.842,0.126,331.0,False,,106.944
2025-11-01,2025,11,Nov,India export,410,South Korea,61756.737,0.062,76.0,False,,52.288
2025-11-01,2025,11,Nov,India export,490,Taiwan,7406.859,0.007,6.0,False,,6.271
2025-11-01,2025,11,Nov,India export,704,Vietnam,3286.607,0.003,10.0,False,,2.783
2025-11-01,2025,11,Nov,India export,462,Maldives,121.091,0.0,1.0,False,,0.103
2025-12-01,2025,12,Dec,India export,842,United States,1631511075.665,1631.511,3605807.0,False,452.47,1381359.389
2025-12-01,2025,12,Dec,India export,784,United Arab Emirates,488275608.636,488.276,1362140.0,False,358.46,413410.676
2025-12-01,2025,12,Dec,India export,528,Netherlands,64833507.599,64.834,250219.0,False,259.11,54892.9
2025-12-01,2025,12,Dec,India export,203,Czechia,45101027.457,45.101,109088.0,False,413.44,38185.905
2025-12-01,2025,12,Dec,India export,40,Austria,42669011.628,42.669,247580.0,False,172.34,36126.779
2025-12-01,2025,12,Dec,India export,826,United Kingdom,31695973.407,31.696,131432.0,False,241.16,26836.183
2025-12-01,2025,12,Dec,India export,380,Italy,30342111.904,30.342,98530.0,False,307.95,25689.903
2025-12-01,2025,12,Dec,India export,276,Germany,25308329.563,25.308,159254.0,False,158.92,21427.926
2025-12-01,2025,12,Dec,India export,643,Russia,19120079.229,19.12,39343.0,False,485.98,16188.49
2025-12-01,2025,12,Dec,India export,792,Türkiye,16866792.019,16.867,42850.0,False,393.62,14280.689
2025-12-01,2025,12,Dec,India export,724,Spain,16105086.868,16.105,97960.0,False,164.4,13635.772
2025-12-01,2025,12,Dec,India export,251,France,14922452.995,14.922,103030.0,False,144.84,12634.466
2025-12-01,2025,12,Dec,India export,702,Singapore,13674433.146,13.674,34748.0,False,393.53,11577.799
2025-12-01,2025,12,Dec,India export,156,China,12637706.235,12.638,87801.0,False,143.94,10700.028
2025-12-01,2025,12,Dec,India export,764,Thailand,11393238.105,11.393,29170.0,False,390.58,9646.368
2025-12-01,2025,12,Dec,India export,752,Sweden,10708398.006,10.708,61894.0,False,173.01,9066.531
2025-12-01,2025,12,Dec,India export,682,Saudi Arabia,9647160.361,9.647,53720.0,False,179.58,8168.008
2025-12-01,2025,12,Dec,India export,344,Hong Kong,4378886.862,4.379,20380.0,False,214.86,3707.493
2025-12-01,2025,12,Dec,India export,484,Mexico,3347731.265,3.348,11520.0,False,290.6,2834.44
2025-12-01,2025,12,Dec,India export,524,Nepal,3040397.786,3.04,28105.0,False,108.18,2574.228
2025-12-01,2025,12,Dec,India export,620,Portugal,2963705.892,2.964,19614.0,False,151.1,2509.295
2025-12-01,2025,12,Dec,India export,36,Australia,2610894.885,2.611,6714.0,False,388.87,2210.579
2025-12-01,2025,12,Dec,India export,300,Greece,1757489.999,1.757,10887.0,False,161.43,1488.023
2025-12-01,2025,12,Dec,India export,458,Malaysia,1676547.706,1.677,4290.0,False,390.8,1419.491
2025-12-01,2025,12,Dec,India export,64,Bhutan,803523.503,0.804,4213.0,False,190.72,680.323
2025-12-01,2025,12,Dec,India export,710,South Africa,651545.289,0.652,7180.0,False,90.74,551.647
2025-12-01,2025,12,Dec,India export,124,Canada,615067.941,0.615,1543.0,False,398.62,520.763
2025-12-01,2025,12,Dec,India export,144,Sri Lanka,207929.86,0.208,1550.0,False,134.15,176.049
2025-12-01,2025,12,Dec,India export,410,South Korea,20642.391,0.021,66.0,False,,17.477
2025-12-01,2025,12,Dec,India export,24,Angola,3527.033,0.004,30.0,False,,2.986
2025-12-01,2025,12,Dec,India export,704,Vietnam,3034.688,0.003,34059.0,False,0.09,2.569
2025-12-01,2025,12,Dec,India export,490,Taiwan,2134.368,0.002,13.0,False,,1.807
2026-01-01,2026,1,Jan,India export,842,United States,1690615844.863,1690.616,3651742.0,False,462.96,1431401.91
2026-01-01,2026,1,Jan,India export,784,United Arab Emirates,445164504.716,445.165,1172445.0,False,379.69,376909.588
2026-01-01,2026,1,Jan,India export,40,Austria,82038484.753,82.038,513148.0,False,159.87,69459.921
2026-01-01,2026,1,Jan,India export,528,Netherlands,63617208.022,63.617,222169.0,False,286.35,53863.09
2026-01-01,2026,1,Jan,India export,826,United Kingdom,51971605.644,51.972,205358.0,False,253.08,44003.051
2026-01-01,2026,1,Jan,India export,276,Germany,39936120.006,39.936,220654.0,False,180.99,33812.908
2026-01-01,2026,1,Jan,India export,380,Italy,36827087.013,36.827,163061.0,False,225.85,31180.568
2026-01-01,2026,1,Jan,India export,203,Czechia,25203196.093,25.203,64750.0,False,389.24,21338.912
2026-01-01,2026,1,Jan,India export,251,France,25036941.826,25.037,153426.0,False,163.19,21198.149
2026-01-01,2026,1,Jan,India export,724,Spain,19904715.398,19.905,112255.0,False,177.32,16852.822
2026-01-01,2026,1,Jan,India export,792,Türkiye,13316439.519,13.316,34530.0,False,385.65,11274.694
2026-01-01,2026,1,Jan,India export,752,Sweden,12369050.152,12.369,67927.0,False,182.09,10472.564
2026-01-01,2026,1,Jan,India export,344,Hong Kong,11644284.226,11.644,26549.0,False,438.6,9858.923
2026-01-01,2026,1,Jan,India export,620,Portugal,8087147.063,8.087,42690.0,False,189.44,6847.184
2026-01-01,2026,1,Jan,India export,300,Greece,7787846.186,7.788,47305.0,False,164.63,6593.773
2026-01-01,2026,1,Jan,India export,524,Nepal,7046441.333,7.046,36700.0,False,192.0,5966.045
2026-01-01,2026,1,Jan,India export,643,Russia,4428379.816,4.428,5605.0,False,790.08,3749.398
2026-01-01,2026,1,Jan,India export,484,Mexico,4412818.223,4.413,26495.0,False,166.55,3736.222
2026-01-01,2026,1,Jan,India export,682,Saudi Arabia,1715390.322,1.715,8360.0,False,205.19,1452.378
2026-01-01,2026,1,Jan,India export,36,Australia,848199.231,0.848,2200.0,False,385.55,718.149
2026-01-01,2026,1,Jan,India export,710,South Africa,791998.395,0.792,8380.0,False,94.51,670.565
2026-01-01,2026,1,Jan,India export,64,Bhutan,726652.487,0.727,3739.0,False,194.34,615.238
2026-01-01,2026,1,Jan,India export,442,Luxembourg,647070.473,0.647,1160.0,False,557.82,547.858
2026-01-01,2026,1,Jan,India export,702,Singapore,606161.381,0.606,1202.0,False,504.29,513.222
2026-01-01,2026,1,Jan,India export,124,Canada,325857.782,0.326,592.0,False,,275.896
2026-01-01,2026,1,Jan,India export,144,Sri Lanka,203241.996,0.203,2150.0,False,94.53,172.08
2026-01-01,2026,1,Jan,India export,156,China,113323.047,0.113,292.0,False,,95.948
2026-01-01,2026,1,Jan,India export,764,Thailand,45140.016,0.045,120.0,False,,38.219
2026-01-01,2026,1,Jan,India export,490,Taiwan,35220.057,0.035,71.0,False,,29.82
2026-01-01,2026,1,Jan,India export,410,South Korea,18297.007,0.018,143.0,False,,15.492
2026-01-01,2026,1,Jan,India export,170,Colombia,12985.641,0.013,130.0,False,,10.995
2026-01-01,2026,1,Jan,India export,392,Japan,8905.478,0.009,17.0,False,,7.54
2026-01-01,2026,1,Jan,India export,604,Peru,3987.696,0.004,25.0,False,,3.376
2026-01-01,2026,1,Jan,India export,462,Maldives,818.984,0.001,4.0,False,,0.693
2026-02-01,2026,2,Feb,India export,842,United States,1771518944.878,1771.519,3572717.0,False,495.85,1499900.53
2026-02-01,2026,2,Feb,India export,784,United Arab Emirates,368062469.957,368.062,1245568.0,False,295.5,311629.235
2026-02-01,2026,2,Feb,India export,528,Netherlands,90631310.906,90.631,249224.0,False,363.65,76735.251
2026-02-01,2026,2,Feb,India export,826,United Kingdom,77198928.786,77.199,259254.0,False,297.77,65362.391
2026-02-01,2026,2,Feb,India export,40,Austria,50203933.909,50.204,293442.0,False,171.09,42506.408
2026-02-01,2026,2,Feb,India export,276,Germany,40751333.945,40.751,124004.0,False,328.63,34503.129
2026-02-01,2026,2,Feb,India export,203,Czechia,34801057.412,34.801,84610.0,False,411.31,29465.18
2026-02-01,2026,2,Feb,India export,792,Türkiye,34248405.561,34.248,80910.0,False,423.29,28997.264
2026-02-01,2026,2,Feb,India export,251,France,34082557.091,34.083,204287.0,False,166.84,28856.844
2026-02-01,2026,2,Feb,India export,380,Italy,28647295.253,28.647,104405.0,False,274.39,24254.944
2026-02-01,2026,2,Feb,India export,724,Spain,18108650.914,18.109,111059.0,False,163.05,15332.139
2026-02-01,2026,2,Feb,India export,484,Mexico,17781654.007,17.782,132724.0,False,133.97,15055.279
2026-02-01,2026,2,Feb,India export,682,Saudi Arabia,15549556.756,15.55,94369.0,False,164.77,13165.419
2026-02-01,2026,2,Feb,India export,752,Sweden,11926439.323,11.926,72327.0,False,164.9,10097.816
2026-02-01,2026,2,Feb,India export,643,Russia,7425255.891,7.425,10996.0,False,675.27,6286.777
2026-02-01,2026,2,Feb,India export,170,Colombia,7099873.319,7.1,52450.0,False,135.36,6011.284
2026-02-01,2026,2,Feb,India export,344,Hong Kong,6525335.163,6.525,9814.0,False,664.9,5524.837
2026-02-01,2026,2,Feb,India export,620,Portugal,5080283.499,5.08,31297.0,False,162.32,4301.348
2026-02-01,2026,2,Feb,India export,124,Canada,4905521.093,4.906,8760.0,False,559.99,4153.381
2026-02-01,2026,2,Feb,India export,392,Japan,4041926.048,4.042,6550.0,False,617.09,3422.197
2026-02-01,2026,2,Feb,India export,524,Nepal,3374981.898,3.375,17567.0,False,192.12,2857.512
2026-02-01,2026,2,Feb,India export,710,South Africa,2349379.647,2.349,22956.0,False,102.34,1989.161
2026-02-01,2026,2,Feb,India export,300,Greece,1927095.355,1.927,12422.0,False,155.14,1631.623
2026-02-01,2026,2,Feb,India export,64,Bhutan,1346347.514,1.346,4435.0,False,303.57,1139.919
2026-02-01,2026,2,Feb,India export,144,Sri Lanka,1237933.337,1.238,14650.0,False,84.5,1048.127
2026-02-01,2026,2,Feb,India export,156,China,648728.46,0.649,104.0,False,,549.262
2026-02-01,2026,2,Feb,India export,442,Luxembourg,506816.392,0.507,840.0,False,,429.109
2026-02-01,2026,2,Feb,India export,410,South Korea,84322.403,0.084,270.0,False,,71.394
2026-02-01,2026,2,Feb,India export,512,Oman,72305.884,0.072,120.0,False,,61.22
2026-02-01,2026,2,Feb,India export,554,New Zealand,39422.844,0.039,4.0,False,,33.378
2026-02-01,2026,2,Feb,India export,458,Malaysia,4201.647,0.004,10.0,False,,3.557
2026-02-01,2026,2,Feb,India export,702,Singapore,2688.887,0.003,5.0,False,,2.277
2026-02-01,2026,2,Feb,India export,246,Finland,753.426,0.001,1.0,False,,0.638
2026-02-01,2026,2,Feb,India export,490,Taiwan,583.561,0.001,2.0,False,,0.494
2026-02-01,2026,2,Feb,India export,462,Maldives,441.922,0.0,10.0,False,,0.374
2026-03-01,2026,3,Mar,India export,842,United States,2034288467.101,2034.288,4039606.0,False,503.59,1722380.875
2026-03-01,2026,3,Mar,India export,784,United Arab Emirates,142098900.845,142.099,468740.0,False,303.15,120311.565
2026-03-01,2026,3,Mar,India export,528,Netherlands,95115579.371,95.116,238918.0,False,398.11,80531.969
2026-03-01,2026,3,Mar,India export,826,United Kingdom,86891082.26,86.891,327224.0,False,265.54,73568.494
2026-03-01,2026,3,Mar,India export,484,Mexico,70108478.401,70.108,334107.0,False,209.84,59359.085
2026-03-01,2026,3,Mar,India export,276,Germany,42038478.513,42.038,155958.0,False,269.55,35592.922
2026-03-01,2026,3,Mar,India export,40,Austria,40238703.359,40.239,243028.0,False,165.57,34069.098
2026-03-01,2026,3,Mar,India export,380,Italy,37609703.27,37.61,155539.0,False,241.8,31843.19
2026-03-01,2026,3,Mar,India export,792,Türkiye,31584543.759,31.585,77840.0,False,405.76,26741.839
2026-03-01,2026,3,Mar,India export,251,France,30134304.384,30.134,177697.0,False,169.58,25513.958
2026-03-01,2026,3,Mar,India export,203,Czechia,28504332.079,28.504,71260.0,False,400.0,24133.901
2026-03-01,2026,3,Mar,India export,724,Spain,25036059.679,25.036,129598.0,False,193.18,21197.402
2026-03-01,2026,3,Mar,India export,643,Russia,24629628.585,24.63,37102.0,False,663.84,20853.287
2026-03-01,2026,3,Mar,India export,344,Hong Kong,21200888.945,21.201,33104.0,False,640.43,17950.259
2026-03-01,2026,3,Mar,India export,392,Japan,17646591.834,17.647,29034.0,False,607.79,14940.925
2026-03-01,2026,3,Mar,India export,682,Saudi Arabia,15221302.679,15.221,84331.0,False,180.49,12887.494
2026-03-01,2026,3,Mar,India export,524,Nepal,14316136.033,14.316,31583.0,False,453.29,12121.112
2026-03-01,2026,3,Mar,India export,752,Sweden,8956160.551,8.956,57732.0,False,155.13,7582.956
2026-03-01,2026,3,Mar,India export,124,Canada,7925280.301,7.925,13380.0,False,592.32,6710.135
2026-03-01,2026,3,Mar,India export,300,Greece,4281427.837,4.281,26016.0,False,164.57,3624.977
2026-03-01,2026,3,Mar,India export,620,Portugal,2797437.824,2.797,17892.0,False,156.35,2368.52
2026-03-01,2026,3,Mar,India export,156,China,2184161.367,2.184,3831.0,False,570.13,1849.274
2026-03-01,2026,3,Mar,India export,372,Ireland,1579751.05,1.58,2248.0,False,702.74,1337.535
2026-03-01,2026,3,Mar,India export,144,Sri Lanka,1200270.197,1.2,12400.0,False,96.8,1016.239
2026-03-01,2026,3,Mar,India export,616,Poland,1131258.013,1.131,1672.0,False,676.59,957.808
2026-03-01,2026,3,Mar,India export,376,Israel,894474.054,0.894,56.0,False,,757.329
2026-03-01,2026,3,Mar,India export,710,South Africa,842053.205,0.842,8030.0,False,104.86,712.945
2026-03-01,2026,3,Mar,India export,64,Bhutan,767258.597,0.767,3175.0,False,241.66,649.619
2026-03-01,2026,3,Mar,India export,702,Singapore,378420.06,0.378,483.0,False,,320.399
2026-03-01,2026,3,Mar,India export,442,Luxembourg,376680.617,0.377,640.0,False,,318.926
2026-03-01,2026,3,Mar,India export,170,Colombia,256253.548,0.256,1970.0,False,130.08,216.963
2026-03-01,2026,3,Mar,India export,70,Bosnia and Herzegovina,153386.651,0.153,665.0,False,,129.869
2026-03-01,2026,3,Mar,India export,36,Australia,138334.619,0.138,384.0,False,,117.124
2026-03-01,2026,3,Mar,India export,233,Estonia,134912.439,0.135,174.0,False,,114.227
2026-03-01,2026,3,Mar,India export,764,Thailand,72243.454,0.072,180.0,False,,61.167
2026-03-01,2026,3,Mar,India export,554,New Zealand,31248.416,0.031,2.0,False,,26.457
2026-03-01,2026,3,Mar,India export,410,South Korea,18268.521,0.018,51.0,False,,15.467
2026-03-01,2026,3,Mar,India export,583,FS Micronesia,7542.133,0.008,115.0,False,,6.386
2026-03-01,2026,3,Mar,India export,490,Taiwan,6720.902,0.007,23.0,False,,5.69
2026-03-01,2026,3,Mar,India export,76,Brazil,4599.542,0.005,21.0,False,,3.894
2026-03-01,2026,3,Mar,India export,566,Nigeria,1226.273,0.001,6.0,False,,1.038
2026-03-01,2026,3,Mar,India export,462,Maldives,219.263,0.0,5.0,False,,0.186
2026-03-01,2026,3,Mar,India export,706,Somalia,114.456,0.0,1.0,False,,0.097
2026-04-01,2026,4,Apr,India export,842,United States,2434650860.894,2434.651,4928227.0,False,494.02,2061357.643
2026-04-01,2026,4,Apr,India export,784,United Arab Emirates,245546748.807,245.547,631134.0,False,389.06,207898.256
2026-04-01,2026,4,Apr,India export,528,Netherlands,146870957.289,146.871,337023.0,False,435.79,124351.945
2026-04-01,2026,4,Apr,India export,276,Germany,120961086.751,120.961,374532.0,False,322.97,102414.709
2026-04-01,2026,4,Apr,India export,826,United Kingdom,104874693.262,104.875,259274.0,False,404.49,88794.765
2026-04-01,2026,4,Apr,India export,484,Mexico,80597835.453,80.598,376556.0,False,214.04,68240.16
2026-04-01,2026,4,Apr,India export,40,Austria,78367195.182,78.367,461903.0,False,169.66,66351.533
2026-04-01,2026,4,Apr,India export,380,Italy,43322823.296,43.323,188828.0,False,229.43,36680.345
2026-04-01,2026,4,Apr,India export,251,France,36579588.34,36.58,243267.0,False,150.37,30971.017
2026-04-01,2026,4,Apr,India export,203,Czechia,35082314.951,35.082,86270.0,False,406.66,29703.314
2026-04-01,2026,4,Apr,India export,724,Spain,22208606.807,22.209,124282.0,False,178.7,18803.469
2026-04-01,2026,4,Apr,India export,792,Türkiye,17136073.985,17.136,43260.0,False,396.12,14508.683
2026-04-01,2026,4,Apr,India export,524,Nepal,9071422.984,9.071,37050.0,False,244.84,7680.546
2026-04-01,2026,4,Apr,India export,682,Saudi Arabia,8321181.719,8.321,64983.0,False,128.05,7045.335
2026-04-01,2026,4,Apr,India export,643,Russia,8288595.314,8.289,14401.0,False,575.56,7017.745
2026-04-01,2026,4,Apr,India export,344,Hong Kong,7690448.116,7.69,12383.0,False,621.05,6511.309
2026-04-01,2026,4,Apr,India export,300,Greece,6244907.769,6.245,33200.0,False,188.1,5287.406
2026-04-01,2026,4,Apr,India export,752,Sweden,5886302.348,5.886,25008.0,False,235.38,4983.784
2026-04-01,2026,4,Apr,India export,620,Portugal,4319740.993,4.32,22318.0,False,193.55,3657.416
2026-04-01,2026,4,Apr,India export,156,China,3531294.772,3.531,5987.0,False,589.83,2989.858
2026-04-01,2026,4,Apr,India export,710,South Africa,1086413.891,1.086,9100.0,False,119.39,919.839
2026-04-01,2026,4,Apr,India export,442,Luxembourg,1007069.117,1.007,1700.0,False,592.39,852.66
2026-04-01,2026,4,Apr,India export,144,Sri Lanka,752590.675,0.753,6500.0,False,115.78,637.2
2026-04-01,2026,4,Apr,India export,392,Japan,692643.259,0.693,1131.0,False,612.42,586.444
2026-04-01,2026,4,Apr,India export,64,Bhutan,600383.076,0.6,2521.0,False,238.15,508.329
2026-04-01,2026,4,Apr,India export,372,Ireland,579350.459,0.579,958.0,False,,490.521
2026-04-01,2026,4,Apr,India export,170,Colombia,571513.732,0.572,2260.0,False,252.88,483.886
2026-04-01,2026,4,Apr,India export,124,Canada,447614.859,0.448,898.0,False,,378.984
2026-04-01,2026,4,Apr,India export,428,Latvia,346938.549,0.347,505.0,False,,293.744
2026-04-01,2026,4,Apr,India export,50,Bangladesh,258905.078,0.259,2602.0,False,99.5,219.208
2026-04-01,2026,4,Apr,India export,616,Poland,160839.45,0.161,223.0,False,,136.179
2026-04-01,2026,4,Apr,India export,376,Israel,153895.098,0.154,10.0,False,,130.299
2026-04-01,2026,4,Apr,India export,410,South Korea,57113.122,0.057,95.0,False,,48.356
2026-04-01,2026,4,Apr,India export,36,Australia,27555.687,0.028,2.0,False,,23.331
2026-04-01,2026,4,Apr,India export,348,Hungary,24200.133,0.024,40.0,False,,20.49
2026-04-01,2026,4,Apr,India export,208,Denmark,18144.48,0.018,30.0,False,,15.362
2026-04-01,2026,4,Apr,India export,702,Singapore,13777.844,0.014,1.0,False,,11.665
2026-04-01,2026,4,Apr,India export,490,Taiwan,2907.218,0.003,10.0,False,,2.461
2026-05-01,2026,5,May,India export,842,United States,2502238873.673,2502.239,4629873.0,False,540.46,2118582.713
2026-05-01,2026,5,May,India export,784,United Arab Emirates,269085081.78,269.085,721458.0,False,372.97,227827.57
2026-05-01,2026,5,May,India export,40,Austria,105081089.631,105.081,602252.0,False,174.48,88969.515
2026-05-01,2026,5,May,India export,528,Netherlands,95548562.309,95.549,234644.0,False,407.21,80898.564
2026-05-01,2026,5,May,India export,276,Germany,90546782.012,90.547,321580.0,False,281.57,76663.683
2026-05-01,2026,5,May,India export,484,Mexico,74961693.589,74.962,301477.0,False,248.65,63468.18
2026-05-01,2026,5,May,India export,826,United Kingdom,59648415.283,59.648,221775.0,False,268.96,50502.813
2026-05-01,2026,5,May,India export,380,Italy,52519165.349,52.519,218332.0,False,240.55,44466.656
2026-05-01,2026,5,May,India export,251,France,43658929.119,43.659,226940.0,False,192.38,36964.917
2026-05-01,2026,5,May,India export,724,Spain,28802427.442,28.802,136669.0,False,210.75,24386.291
2026-05-01,2026,5,May,India export,752,Sweden,21780041.699,21.78,113162.0,False,192.47,18440.613
2026-05-01,2026,5,May,India export,682,Saudi Arabia,19663068.472,19.663,142793.0,False,137.7,16648.225
2026-05-01,2026,5,May,India export,792,Türkiye,16882591.333,16.883,39340.0,False,429.15,14294.065
2026-05-01,2026,5,May,India export,203,Czechia,15472982.245,15.473,36680.0,False,421.84,13100.585
2026-05-01,2026,5,May,India export,300,Greece,9816429.318,9.816,50027.0,False,196.22,8311.324
2026-05-01,2026,5,May,India export,344,Hong Kong,9389251.483,9.389,18954.0,False,495.37,7949.643
2026-05-01,2026,5,May,India export,620,Portugal,9371503.328,9.372,39467.0,False,237.45,7934.616
2026-05-01,2026,5,May,India export,170,Colombia,9001637.95,9.002,46970.0,False,191.65,7621.46
2026-05-01,2026,5,May,India export,643,Russia,6770378.291,6.77,11588.0,False,584.26,5732.309
2026-05-01,2026,5,May,India export,524,Nepal,3825017.164,3.825,17350.0,False,220.46,3238.546
2026-05-01,2026,5,May,India export,768,Togo,2323765.092,2.324,48512.0,False,47.9,1967.473
2026-05-01,2026,5,May,India export,710,South Africa,1572853.432,1.573,11580.0,False,135.82,1331.695
2026-05-01,2026,5,May,India export,50,Bangladesh,1055796.56,1.056,9880.0,False,106.86,893.916
2026-05-01,2026,5,May,India export,616,Poland,952722.341,0.953,1414.0,False,673.78,806.646
2026-05-01,2026,5,May,India export,64,Bhutan,854807.899,0.855,2803.0,False,304.96,723.744
2026-05-01,2026,5,May,India export,392,Japan,511634.002,0.512,940.0,False,,433.188
2026-05-01,2026,5,May,India export,144,Sri Lanka,320923.889,0.321,3250.0,False,98.75,271.718
2026-05-01,2026,5,May,India export,156,China,244794.85,0.245,263.0,False,,207.262
2026-05-01,2026,5,May,India export,410,South Korea,42803.475,0.043,176.0,False,,36.241
2026-05-01,2026,5,May,India export,36,Australia,2580.694,0.003,60.0,False,,2.185
2026-05-01,2026,5,May,India export,702,Singapore,1195.449,0.001,3.0,False,,1.012
2026-05-01,2026,5,May,India export,834,Tanzania,1105.761,0.001,16.0,False,,0.936
2026-06-01,2026,6,Jun,India export,842,United States,2121715707.776,2121.716,3927507.0,False,540.22,1796403.32
2026-06-01,2026,6,Jun,India export,784,United Arab Emirates,259239013.415,259.239,541030.0,False,479.16,219491.152
2026-06-01,2026,6,Jun,India export,528,Netherlands,104236553.672,104.237,287963.0,False,361.98,88254.468
2026-06-01,2026,6,Jun,India export,826,United Kingdom,102031635.98,102.032,374635.0,False,272.35,86387.62
2026-06-01,2026,6,Jun,India export,40,Austria,71145304.508,71.145,495005.0,False,143.73,60236.94
2026-06-01,2026,6,Jun,India export,380,Italy,52787389.117,52.787,151978.0,False,347.34,44693.755
2026-06-01,2026,6,Jun,India export,276,Germany,38656324.932,38.656,85929.0,False,449.86,32729.338
2026-06-01,2026,6,Jun,India export,752,Sweden,34090924.093,34.091,155401.0,False,219.37,28863.928
2026-06-01,2026,6,Jun,India export,203,Czechia,32908212.436,32.908,70655.0,False,465.76,27862.556
2026-06-01,2026,6,Jun,India export,792,Türkiye,23710988.484,23.711,54460.0,False,435.38,20075.498
2026-06-01,2026,6,Jun,India export,251,France,23401766.337,23.402,131818.0,False,177.53,19813.687
2026-06-01,2026,6,Jun,India export,484,Mexico,22027591.864,22.028,108500.0,False,203.02,18650.208
2026-06-01,2026,6,Jun,India export,724,Spain,18973509.81,18.974,77253.0,False,245.6,16064.393
2026-06-01,2026,6,Jun,India export,170,Colombia,17117699.798,17.118,86569.0,False,197.73,14493.126
2026-06-01,2026,6,Jun,India export,643,Russia,8962875.688,8.963,13086.0,False,684.92,7588.641
2026-06-01,2026,6,Jun,India export,620,Portugal,8569476.835,8.569,38327.0,False,223.59,7255.56
2026-06-01,2026,6,Jun,India export,682,Saudi Arabia,7075188.25,7.075,46253.0,False,152.97,5990.384
2026-06-01,2026,6,Jun,India export,524,Nepal,6959307.147,6.959,41200.0,False,168.92,5892.27
2026-06-01,2026,6,Jun,India export,300,Greece,6023356.532,6.023,32782.0,False,183.74,5099.824
2026-06-01,2026,6,Jun,India export,344,Hong Kong,4895086.798,4.895,8770.0,False,558.16,4144.547
2026-06-01,2026,6,Jun,India export,156,China,3201504.701,3.202,217.0,False,,2710.633
2026-06-01,2026,6,Jun,India export,376,Israel,2255981.203,2.256,141.0,False,,1910.083
2026-06-01,2026,6,Jun,India export,710,South Africa,1869117.106,1.869,12510.0,False,149.41,1582.534
2026-06-01,2026,6,Jun,India export,616,Poland,1105246.264,1.105,1538.0,False,718.63,935.784
2026-06-01,2026,6,Jun,India export,64,Bhutan,917791.706,0.918,4026.0,False,227.97,777.071
2026-06-01,2026,6,Jun,India export,392,Japan,544871.404,0.545,58.0,False,,461.329
2026-06-01,2026,6,Jun,India export,50,Bangladesh,296071.398,0.296,3000.0,False,98.69,250.676
2026-06-01,2026,6,Jun,India export,144,Sri Lanka,287723.398,0.288,2800.0,False,102.76,243.608
2026-06-01,2026,6,Jun,India export,860,Uzbekistan,254323.27,0.254,209.0,False,,215.329
2026-06-01,2026,6,Jun,India export,410,South Korea,238454.666,0.238,84.0,False,,201.894
2026-06-01,2026,6,Jun,India export,36,Australia,190804.135,0.191,41.0,False,,161.549
2026-06-01,2026,6,Jun,India export,702,Singapore,161972.941,0.162,16.0,False,,137.138
2026-06-01,2026,6,Jun,India export,757,Switzerland,107890.903,0.108,7.0,False,,91.349
2026-06-01,2026,6,Jun,India export,372,Ireland,77541.451,0.078,51.0,False,,65.652
2026-06-01,2026,6,Jun,India export,554,New Zealand,63767.634,0.064,4.0,False,,53.99
2026-06-01,2026,6,Jun,India export,490,Taiwan,62878.971,0.063,4.0,False,,53.238
2026-06-01,2026,6,Jun,India export,152,Chile,31439.485,0.031,2.0,False,,26.619
2026-06-01,2026,6,Jun,India export,124,Canada,21553.131,0.022,40.0,False,,18.248
2026-07-01,2026,7,Jul,India export,842,United States,2345694482.568,2345.694,4337002.0,False,540.86,1986040.515
2026-07-01,2026,7,Jul,India export,784,United Arab Emirates,277146819.893,277.147,591178.0,False,468.8,234653.241
2026-07-01,2026,7,Jul,India export,528,Netherlands,129924233.832,129.924,304822.0,False,426.23,110003.581
2026-07-01,2026,7,Jul,India export,484,Mexico,110623502.582,110.624,597866.0,False,185.03,93662.137
2026-07-01,2026,7,Jul,India export,392,Japan,102709049.692,102.709,203701.0,False,504.21,86961.169
2026-07-01,2026,7,Jul,India export,276,Germany,96196444.119,96.196,266757.0,False,360.61,81447.11
2026-07-01,2026,7,Jul,India export,826,United Kingdom,82976634.902,82.977,212582.0,False,390.33,70254.23
2026-07-01,2026,7,Jul,India export,40,Austria,57083779.196,57.084,343084.0,False,166.38,48331.4
2026-07-01,2026,7,Jul,India export,380,Italy,54073341.727,54.073,248276.0,False,217.8,45782.538
2026-07-01,2026,7,Jul,India export,792,Türkiye,53225229.031,53.225,124890.0,False,426.18,45064.463
2026-07-01,2026,7,Jul,India export,203,Czechia,44631196.984,44.631,100130.0,False,445.73,37788.112
2026-07-01,2026,7,Jul,India export,682,Saudi Arabia,35705815.413,35.706,202125.0,False,176.65,30231.216
2026-07-01,2026,7,Jul,India export,724,Spain,18964883.133,18.965,81980.0,False,231.34,16057.09
2026-07-01,2026,7,Jul,India export,251,France,15682594.946,15.683,73901.0,False,212.21,13278.059
2026-07-01,2026,7,Jul,India export,170,Colombia,14826743.606,14.827,61430.0,False,241.36,12553.431
2026-07-01,2026,7,Jul,India export,344,Hong Kong,11433893.482,11.434,19865.0,False,575.58,9680.79
2026-07-01,2026,7,Jul,India export,710,South Africa,8325271.286,8.325,39890.0,False,208.71,7048.798
2026-07-01,2026,7,Jul,India export,524,Nepal,6995588.225,6.996,38400.0,False,182.18,5922.989
2026-07-01,2026,7,Jul,India export,752,Sweden,5856042.234,5.856,21312.0,False,274.78,4958.164
2026-07-01,2026,7,Jul,India export,300,Greece,5156975.563,5.157,19840.0,False,259.93,4366.281
2026-07-01,2026,7,Jul,India export,620,Portugal,3657890.784,3.658,13810.0,False,264.87,3097.044
2026-07-01,2026,7,Jul,India export,124,Canada,2893567.618,2.894,6601.0,False,438.35,2449.911
2026-07-01,2026,7,Jul,India export,643,Russia,2600367.947,2.6,4391.0,False,592.2,2201.666
2026-07-01,2026,7,Jul,India export,156,China,2441736.252,2.442,2295.0,False,1063.94,2067.357
2026-07-01,2026,7,Jul,India export,616,Poland,1491764.467,1.492,2044.0,False,729.83,1263.039
2026-07-01,2026,7,Jul,India export,64,Bhutan,1065829.185,1.066,4679.0,False,227.79,902.411
2026-07-01,2026,7,Jul,India export,144,Sri Lanka,540849.926,0.541,2600.0,False,208.02,457.924
2026-07-01,2026,7,Jul,India export,410,South Korea,269738.731,0.27,475.0,False,,228.381
2026-07-01,2026,7,Jul,India export,768,Togo,198079.54,0.198,4180.0,False,47.39,167.709
2026-07-01,2026,7,Jul,India export,76,Brazil,183083.869,0.183,12.0,False,,155.013
2026-07-01,2026,7,Jul,India export,376,Israel,149878.285,0.15,9.0,False,,126.898
2026-07-01,2026,7,Jul,India export,702,Singapore,47128.13,0.047,39.0,False,,39.902
2026-07-01,2026,7,Jul,India export,24,Angola,14187.477,0.014,148.0,False,,12.012
2026-07-01,2026,7,Jul,India export,372,Ireland,13615.922,0.014,1.0,False,,11.528
2026-07-01,2026,7,Jul,India export,462,Maldives,5042.733,0.005,22.0,False,,4.27
2026-07-01,2026,7,Jul,India export,757,Switzerland,3817.647,0.004,200.0,False,,3.232
2026-07-01,2026,7,Jul,India export,50,Bangladesh,2386.741,0.002,1.0,False,,2.021
2026-07-01,2026,7,Jul,India export,504,Morocco,205.717,0.0,5.0,False,,0.174
2026-07-01,2026,7,Jul,India export,324,Guinea,188.341,0.0,1.0,False,,0.159
