date,year,month,month_name,flow,country_code,country,value_usd,value_usd_mn,quantity,qty_estimated,price_per_phone,net_weight_kg
2022-01-01,2022,1,Jan,US import,156,China,4962411095.0,4962.411,17510873.301,True,,5526355.62
2022-01-01,2022,1,Jan,US import,704,Vietnam,1531797551.0,1531.798,5405258.115,True,,1705876.003
2022-01-01,2022,1,Jan,US import,410,South Korea,120303839.0,120.304,424516.478,True,,133975.558
2022-01-01,2022,1,Jan,US import,699,India,28928083.0,28.928,102078.604,True,,32215.564
2022-01-01,2022,1,Jan,US import,344,Hong Kong,21459174.0,21.459,75723.045,True,,23897.864
2022-01-01,2022,1,Jan,US import,392,Japan,3239654.0,3.24,11431.776,True,,3607.819
2022-01-01,2022,1,Jan,US import,360,Indonesia,2799596.0,2.8,9878.942,True,,3117.751
2022-01-01,2022,1,Jan,US import,124,Canada,2151822.0,2.152,7593.14,True,,2396.362
2022-01-01,2022,1,Jan,US import,764,Thailand,1085383.0,1.085,3829.994,True,,1208.729
2022-01-01,2022,1,Jan,US import,554,New Zealand,706507.0,0.707,2493.053,True,,786.797
2022-01-01,2022,1,Jan,US import,784,United Arab Emirates,623705.0,0.624,2200.87,True,,694.585
2022-01-01,2022,1,Jan,US import,458,Malaysia,596110.0,0.596,2103.495,True,,663.854
2022-01-01,2022,1,Jan,US import,490,Taiwan,536118.0,0.536,1891.801,True,,597.044
2022-01-01,2022,1,Jan,US import,208,Denmark,219974.0,0.22,776.223,True,,244.973
2022-01-01,2022,1,Jan,US import,152,Chile,176313.0,0.176,622.156,True,,196.35
2022-01-01,2022,1,Jan,US import,251,France,151056.0,0.151,533.032,True,,168.222
2022-01-01,2022,1,Jan,US import,616,Poland,144454.0,0.144,509.735,True,,160.87
2022-01-01,2022,1,Jan,US import,76,Brazil,137008.0,0.137,483.46,True,,152.578
2022-01-01,2022,1,Jan,US import,702,Singapore,107921.0,0.108,380.821,True,,120.185
2022-01-01,2022,1,Jan,US import,826,United Kingdom,102059.0,0.102,360.136,True,,113.657
2022-01-01,2022,1,Jan,US import,586,Pakistan,98408.0,0.098,347.253,True,,109.591
2022-01-01,2022,1,Jan,US import,233,Estonia,86419.0,0.086,304.947,True,,96.24
2022-01-01,2022,1,Jan,US import,380,Italy,84010.0,0.084,296.446,True,,93.557
2022-01-01,2022,1,Jan,US import,724,Spain,47564.0,0.048,167.839,True,,52.969
2022-01-01,2022,1,Jan,US import,528,Netherlands,46238.0,0.046,163.16,True,,51.493
2022-01-01,2022,1,Jan,US import,372,Ireland,38245.0,0.038,134.955,True,,42.591
2022-01-01,2022,1,Jan,US import,276,Germany,34443.0,0.034,121.539,True,,38.357
2022-01-01,2022,1,Jan,US import,218,Ecuador,30445.0,0.03,107.431,True,,33.905
2022-01-01,2022,1,Jan,US import,56,Belgium,29236.0,0.029,103.165,True,,32.558
2022-01-01,2022,1,Jan,US import,188,Costa Rica,21482.0,0.021,75.804,True,,23.923
2022-01-01,2022,1,Jan,US import,484,Mexico,16805.0,0.017,59.3,True,,18.715
2022-01-01,2022,1,Jan,US import,703,Slovakia,16702.0,0.017,58.936,True,,18.6
2022-01-01,2022,1,Jan,US import,608,Philippines,7352.0,0.007,25.943,True,,8.188
2022-01-01,2022,1,Jan,US import,566,Nigeria,6819.0,0.007,24.062,True,,7.594
2022-01-01,2022,1,Jan,US import,376,Israel,5800.0,0.006,20.466,True,,6.459
2022-02-01,2022,2,Feb,US import,156,China,3733244475.0,3733.244,13173509.762,True,,4157502.51
2022-02-01,2022,2,Feb,US import,704,Vietnam,473301592.0,473.302,1670140.593,True,,527089.123
2022-02-01,2022,2,Feb,US import,410,South Korea,46881354.0,46.881,165430.359,True,,52209.103
2022-02-01,2022,2,Feb,US import,699,India,37086368.0,37.086,130866.766,True,,41300.983
2022-02-01,2022,2,Feb,US import,392,Japan,17301078.0,17.301,61050.36,True,,19267.229
2022-02-01,2022,2,Feb,US import,344,Hong Kong,12356931.0,12.357,43603.935,True,,13761.213
2022-02-01,2022,2,Feb,US import,586,Pakistan,1839850.0,1.84,6492.284,True,,2048.937
2022-02-01,2022,2,Feb,US import,360,Indonesia,1188063.0,1.188,4192.321,True,,1323.078
2022-02-01,2022,2,Feb,US import,764,Thailand,771522.0,0.772,2722.472,True,,859.2
2022-02-01,2022,2,Feb,US import,702,Singapore,571924.0,0.572,2018.15,True,,636.919
2022-02-01,2022,2,Feb,US import,784,United Arab Emirates,434959.0,0.435,1534.841,True,,484.389
2022-02-01,2022,2,Feb,US import,490,Taiwan,405898.0,0.406,1432.293,True,,452.026
2022-02-01,2022,2,Feb,US import,380,Italy,395805.0,0.396,1396.678,True,,440.786
2022-02-01,2022,2,Feb,US import,124,Canada,349350.0,0.349,1232.752,True,,389.051
2022-02-01,2022,2,Feb,US import,276,Germany,272294.0,0.272,960.845,True,,303.238
2022-02-01,2022,2,Feb,US import,152,Chile,226356.0,0.226,798.743,True,,252.08
2022-02-01,2022,2,Feb,US import,616,Poland,208946.0,0.209,737.308,True,,232.691
2022-02-01,2022,2,Feb,US import,251,France,163733.0,0.164,577.765,True,,182.34
2022-02-01,2022,2,Feb,US import,826,United Kingdom,137203.0,0.137,484.149,True,,152.795
2022-02-01,2022,2,Feb,US import,724,Spain,122117.0,0.122,430.915,True,,135.995
2022-02-01,2022,2,Feb,US import,528,Netherlands,112626.0,0.113,397.424,True,,125.425
2022-02-01,2022,2,Feb,US import,208,Denmark,104557.0,0.105,368.951,True,,116.439
2022-02-01,2022,2,Feb,US import,458,Malaysia,100378.0,0.1,354.204,True,,111.785
2022-02-01,2022,2,Feb,US import,376,Israel,88671.0,0.089,312.894,True,,98.748
2022-02-01,2022,2,Feb,US import,340,Honduras,77432.0,0.077,273.235,True,,86.232
2022-02-01,2022,2,Feb,US import,246,Finland,62719.0,0.063,221.317,True,,69.847
2022-02-01,2022,2,Feb,US import,642,Romania,59225.0,0.059,208.987,True,,65.956
2022-02-01,2022,2,Feb,US import,703,Slovakia,46231.0,0.046,163.135,True,,51.485
2022-02-01,2022,2,Feb,US import,233,Estonia,42118.0,0.042,148.622,True,,46.904
2022-02-01,2022,2,Feb,US import,36,Australia,24272.0,0.024,85.649,True,,27.03
2022-02-01,2022,2,Feb,US import,484,Mexico,20785.0,0.021,73.344,True,,23.147
2022-02-01,2022,2,Feb,US import,76,Brazil,20282.0,0.02,71.569,True,,22.587
2022-02-01,2022,2,Feb,US import,554,New Zealand,17370.0,0.017,61.294,True,,19.344
2022-02-01,2022,2,Feb,US import,188,Costa Rica,15864.0,0.016,55.979,True,,17.667
2022-02-01,2022,2,Feb,US import,56,Belgium,12130.0,0.012,42.803,True,,13.508
2022-02-01,2022,2,Feb,US import,752,Sweden,10797.0,0.011,38.099,True,,12.024
2022-02-01,2022,2,Feb,US import,203,Czechia,10184.0,0.01,35.936,True,,11.341
2022-02-01,2022,2,Feb,US import,372,Ireland,9813.0,0.01,34.627,True,,10.928
2022-02-01,2022,2,Feb,US import,268,Georgia,5533.0,0.006,19.524,True,,6.162
2022-02-01,2022,2,Feb,US import,566,Nigeria,5229.0,0.005,18.452,True,,5.823
2022-02-01,2022,2,Feb,US import,218,Ecuador,3012.0,0.003,10.628,True,,3.354
2022-02-01,2022,2,Feb,US import,608,Philippines,2960.0,0.003,10.445,True,,3.296
2022-03-01,2022,3,Mar,US import,156,China,4160446162.0,4160.446,14680977.498,True,,4633252.786
2022-03-01,2022,3,Mar,US import,704,Vietnam,1295153205.0,1295.153,4570210.578,True,,1442338.625
2022-03-01,2022,3,Mar,US import,410,South Korea,134346528.0,134.347,474068.953,True,,149614.104
2022-03-01,2022,3,Mar,US import,699,India,51674255.0,51.674,182343.082,True,,57546.685
2022-03-01,2022,3,Mar,US import,392,Japan,24495811.0,24.496,86438.434,True,,27279.595
2022-03-01,2022,3,Mar,US import,344,Hong Kong,20000803.0,20.001,70576.887,True,,22273.759
2022-03-01,2022,3,Mar,US import,96,Brunei Darussalam,12772740.0,12.773,45071.202,True,,14224.276
2022-03-01,2022,3,Mar,US import,124,Canada,1741538.0,1.742,6145.37,True,,1939.452
2022-03-01,2022,3,Mar,US import,152,Chile,954822.0,0.955,3369.283,True,,1063.331
2022-03-01,2022,3,Mar,US import,586,Pakistan,848394.0,0.848,2993.73,True,,944.808
2022-03-01,2022,3,Mar,US import,764,Thailand,684635.0,0.685,2415.873,True,,762.439
2022-03-01,2022,3,Mar,US import,360,Indonesia,429923.0,0.43,1517.07,True,,478.781
2022-03-01,2022,3,Mar,US import,724,Spain,333704.0,0.334,1177.542,True,,371.627
2022-03-01,2022,3,Mar,US import,702,Singapore,252480.0,0.252,890.927,True,,281.173
2022-03-01,2022,3,Mar,US import,276,Germany,227199.0,0.227,801.718,True,,253.019
2022-03-01,2022,3,Mar,US import,490,Taiwan,216982.0,0.217,765.665,True,,241.641
2022-03-01,2022,3,Mar,US import,528,Netherlands,215129.0,0.215,759.126,True,,239.577
2022-03-01,2022,3,Mar,US import,616,Poland,192408.0,0.192,678.951,True,,214.274
2022-03-01,2022,3,Mar,US import,458,Malaysia,148598.0,0.149,524.358,True,,165.485
2022-03-01,2022,3,Mar,US import,826,United Kingdom,143181.0,0.143,505.243,True,,159.453
2022-03-01,2022,3,Mar,US import,372,Ireland,117914.0,0.118,416.083,True,,131.314
2022-03-01,2022,3,Mar,US import,76,Brazil,105478.0,0.105,372.201,True,,117.465
2022-03-01,2022,3,Mar,US import,251,France,96063.0,0.096,338.978,True,,106.98
2022-03-01,2022,3,Mar,US import,784,United Arab Emirates,80456.0,0.08,283.905,True,,89.599
2022-03-01,2022,3,Mar,US import,554,New Zealand,72673.0,0.073,256.441,True,,80.932
2022-03-01,2022,3,Mar,US import,203,Czechia,65388.0,0.065,230.735,True,,72.819
2022-03-01,2022,3,Mar,US import,376,Israel,52762.0,0.053,186.181,True,,58.758
2022-03-01,2022,3,Mar,US import,340,Honduras,50459.0,0.05,178.055,True,,56.193
2022-03-01,2022,3,Mar,US import,484,Mexico,48637.0,0.049,171.626,True,,54.164
2022-03-01,2022,3,Mar,US import,380,Italy,48450.0,0.048,170.966,True,,53.956
2022-03-01,2022,3,Mar,US import,233,Estonia,48260.0,0.048,170.295,True,,53.744
2022-03-01,2022,3,Mar,US import,100,Bulgaria,46507.0,0.047,164.109,True,,51.792
2022-03-01,2022,3,Mar,US import,620,Portugal,44568.0,0.045,157.267,True,,49.633
2022-03-01,2022,3,Mar,US import,56,Belgium,39526.0,0.04,139.476,True,,44.018
2022-03-01,2022,3,Mar,US import,36,Australia,31357.0,0.031,110.65,True,,34.921
2022-03-01,2022,3,Mar,US import,40,Austria,24699.0,0.025,87.155,True,,27.506
2022-03-01,2022,3,Mar,US import,470,Malta,23900.0,0.024,84.336,True,,26.616
2022-03-01,2022,3,Mar,US import,608,Philippines,23736.0,0.024,83.757,True,,26.433
2022-03-01,2022,3,Mar,US import,642,Romania,12946.0,0.013,45.683,True,,14.417
2022-03-01,2022,3,Mar,US import,792,Türkiye,11290.0,0.011,39.839,True,,12.573
2022-03-01,2022,3,Mar,US import,752,Sweden,10745.0,0.011,37.916,True,,11.966
2022-03-01,2022,3,Mar,US import,757,Switzerland,9623.0,0.01,33.957,True,,10.717
2022-03-01,2022,3,Mar,US import,246,Finland,7557.0,0.008,26.666,True,,8.416
2022-03-01,2022,3,Mar,US import,703,Slovakia,6129.0,0.006,21.627,True,,6.826
2022-03-01,2022,3,Mar,US import,170,Colombia,5001.0,0.005,17.647,True,,5.569
2022-03-01,2022,3,Mar,US import,566,Nigeria,4445.0,0.004,15.685,True,,4.95
2022-03-01,2022,3,Mar,US import,208,Denmark,2970.0,0.003,10.48,True,,3.308
2022-03-01,2022,3,Mar,US import,705,Slovenia,2962.0,0.003,10.452,True,,3.299
2022-04-01,2022,4,Apr,US import,156,China,3361557074.0,3361.557,11861935.437,True,,3743575.345
2022-04-01,2022,4,Apr,US import,704,Vietnam,1286879771.0,1286.88,4541016.089,True,,1433124.971
2022-04-01,2022,4,Apr,US import,699,India,94819134.0,94.819,334588.532,True,,105594.689
2022-04-01,2022,4,Apr,US import,410,South Korea,57686937.0,57.687,203560.049,True,,64242.668
2022-04-01,2022,4,Apr,US import,344,Hong Kong,18943726.0,18.944,66846.777,True,,21096.553
2022-04-01,2022,4,Apr,US import,392,Japan,8142629.0,8.143,28732.917,True,,9067.984
2022-04-01,2022,4,Apr,US import,276,Germany,1978859.0,1.979,6982.805,True,,2203.743
2022-04-01,2022,4,Apr,US import,152,Chile,833854.0,0.834,2942.423,True,,928.616
2022-04-01,2022,4,Apr,US import,724,Spain,812287.0,0.812,2866.319,True,,904.598
2022-04-01,2022,4,Apr,US import,764,Thailand,623083.0,0.623,2198.675,True,,693.892
2022-04-01,2022,4,Apr,US import,360,Indonesia,551489.0,0.551,1946.041,True,,614.162
2022-04-01,2022,4,Apr,US import,784,United Arab Emirates,464892.0,0.465,1640.466,True,,517.724
2022-04-01,2022,4,Apr,US import,757,Switzerland,409961.0,0.41,1446.63,True,,456.55
2022-04-01,2022,4,Apr,US import,528,Netherlands,391150.0,0.391,1380.252,True,,435.602
2022-04-01,2022,4,Apr,US import,124,Canada,374440.0,0.374,1321.287,True,,416.993
2022-04-01,2022,4,Apr,US import,702,Singapore,372238.0,0.372,1313.517,True,,414.54
2022-04-01,2022,4,Apr,US import,586,Pakistan,299057.0,0.299,1055.283,True,,333.043
2022-04-01,2022,4,Apr,US import,380,Italy,290214.0,0.29,1024.079,True,,323.195
2022-04-01,2022,4,Apr,US import,233,Estonia,270230.0,0.27,953.561,True,,300.94
2022-04-01,2022,4,Apr,US import,490,Taiwan,249499.0,0.249,880.408,True,,277.853
2022-04-01,2022,4,Apr,US import,251,France,201213.0,0.201,710.021,True,,224.079
2022-04-01,2022,4,Apr,US import,642,Romania,144981.0,0.145,511.595,True,,161.457
2022-04-01,2022,4,Apr,US import,591,Panama,99682.0,0.1,351.748,True,,111.01
2022-04-01,2022,4,Apr,US import,56,Belgium,72907.0,0.073,257.267,True,,81.192
2022-04-01,2022,4,Apr,US import,100,Bulgaria,68800.0,0.069,242.775,True,,76.619
2022-04-01,2022,4,Apr,US import,458,Malaysia,66515.0,0.067,234.712,True,,74.074
2022-04-01,2022,4,Apr,US import,376,Israel,64371.0,0.064,227.146,True,,71.686
2022-04-01,2022,4,Apr,US import,188,Costa Rica,49739.0,0.05,175.514,True,,55.392
2022-04-01,2022,4,Apr,US import,826,United Kingdom,47196.0,0.047,166.541,True,,52.56
2022-04-01,2022,4,Apr,US import,36,Australia,30534.0,0.031,107.745,True,,34.004
2022-04-01,2022,4,Apr,US import,616,Poland,29730.0,0.03,104.908,True,,33.109
2022-04-01,2022,4,Apr,US import,470,Malta,27233.0,0.027,96.097,True,,30.328
2022-04-01,2022,4,Apr,US import,340,Honduras,18225.0,0.018,64.311,True,,20.296
2022-04-01,2022,4,Apr,US import,554,New Zealand,17276.0,0.017,60.962,True,,19.239
2022-04-01,2022,4,Apr,US import,76,Brazil,16180.0,0.016,57.094,True,,18.019
2022-04-01,2022,4,Apr,US import,484,Mexico,10310.0,0.01,36.381,True,,11.482
2022-04-01,2022,4,Apr,US import,566,Nigeria,8011.0,0.008,28.268,True,,8.921
2022-04-01,2022,4,Apr,US import,203,Czechia,3873.0,0.004,13.667,True,,4.313
2022-04-01,2022,4,Apr,US import,659,Saint Kitts and Nevis,3464.0,0.003,12.223,True,,3.858
2022-04-01,2022,4,Apr,US import,300,Greece,2355.0,0.002,8.31,True,,2.623
2022-05-01,2022,5,May,US import,156,China,3916809219.0,3916.809,13821255.165,True,,4361928.149
2022-05-01,2022,5,May,US import,704,Vietnam,1295951576.0,1295.952,4573027.792,True,,1443227.725
2022-05-01,2022,5,May,US import,410,South Korea,94861238.0,94.861,334737.104,True,,105641.577
2022-05-01,2022,5,May,US import,699,India,63915723.0,63.916,225539.583,True,,71179.313
2022-05-01,2022,5,May,US import,344,Hong Kong,11659674.0,11.66,41143.523,True,,12984.717
2022-05-01,2022,5,May,US import,392,Japan,9653272.0,9.653,34063.527,True,,10750.301
2022-05-01,2022,5,May,US import,56,Belgium,1627077.0,1.627,5741.471,True,,1811.983
2022-05-01,2022,5,May,US import,380,Italy,1285548.0,1.286,4536.317,True,,1431.642
2022-05-01,2022,5,May,US import,490,Taiwan,1097658.0,1.098,3873.309,True,,1222.399
2022-05-01,2022,5,May,US import,152,Chile,1070589.0,1.071,3777.79,True,,1192.254
2022-05-01,2022,5,May,US import,276,Germany,985425.0,0.985,3477.272,True,,1097.412
2022-05-01,2022,5,May,US import,124,Canada,746335.0,0.746,2633.594,True,,831.151
2022-05-01,2022,5,May,US import,826,United Kingdom,579354.0,0.579,2044.368,True,,645.194
2022-05-01,2022,5,May,US import,360,Indonesia,370018.0,0.37,1305.684,True,,412.068
2022-05-01,2022,5,May,US import,528,Netherlands,340627.0,0.341,1201.971,True,,379.337
2022-05-01,2022,5,May,US import,586,Pakistan,286133.0,0.286,1009.678,True,,318.65
2022-05-01,2022,5,May,US import,724,Spain,213434.0,0.213,753.145,True,,237.689
2022-05-01,2022,5,May,US import,616,Poland,190616.0,0.191,672.627,True,,212.278
2022-05-01,2022,5,May,US import,702,Singapore,172961.0,0.173,610.328,True,,192.617
2022-05-01,2022,5,May,US import,233,Estonia,129965.0,0.13,458.608,True,,144.735
2022-05-01,2022,5,May,US import,246,Finland,122116.0,0.122,430.911,True,,135.994
2022-05-01,2022,5,May,US import,251,France,96843.0,0.097,341.73,True,,107.849
2022-05-01,2022,5,May,US import,764,Thailand,96218.0,0.096,339.525,True,,107.153
2022-05-01,2022,5,May,US import,100,Bulgaria,69927.0,0.07,246.752,True,,77.874
2022-05-01,2022,5,May,US import,208,Denmark,61721.0,0.062,217.795,True,,68.735
2022-05-01,2022,5,May,US import,784,United Arab Emirates,52932.0,0.053,186.781,True,,58.947
2022-05-01,2022,5,May,US import,184,Cook Isds,46567.0,0.047,164.321,True,,51.859
2022-05-01,2022,5,May,US import,470,Malta,37712.0,0.038,133.074,True,,41.998
2022-05-01,2022,5,May,US import,752,Sweden,26470.0,0.026,93.405,True,,29.478
2022-05-01,2022,5,May,US import,76,Brazil,26314.0,0.026,92.854,True,,29.304
2022-05-01,2022,5,May,US import,340,Honduras,19107.0,0.019,67.423,True,,21.278
2022-05-01,2022,5,May,US import,858,Uruguay,18427.0,0.018,65.023,True,,20.521
2022-05-01,2022,5,May,US import,554,New Zealand,16496.0,0.016,58.209,True,,18.371
2022-05-01,2022,5,May,US import,484,Mexico,13204.0,0.013,46.593,True,,14.705
2022-05-01,2022,5,May,US import,36,Australia,12506.0,0.013,44.13,True,,13.927
2022-05-01,2022,5,May,US import,566,Nigeria,12092.0,0.012,42.669,True,,13.466
2022-05-01,2022,5,May,US import,372,Ireland,10122.0,0.01,35.718,True,,11.272
2022-05-01,2022,5,May,US import,591,Panama,9026.0,0.009,31.85,True,,10.052
2022-05-01,2022,5,May,US import,266,Gabon,5467.0,0.005,19.291,True,,6.088
2022-05-01,2022,5,May,US import,51,Armenia,4479.0,0.004,15.805,True,,4.988
2022-05-01,2022,5,May,US import,376,Israel,3601.0,0.004,12.707,True,,4.01
2022-05-01,2022,5,May,US import,703,Slovakia,3005.0,0.003,10.604,True,,3.346
2022-06-01,2022,6,Jun,US import,156,China,3920649521.0,3920.65,13834806.449,True,,4366204.875
2022-06-01,2022,6,Jun,US import,704,Vietnam,1206241276.0,1206.241,4256466.816,True,,1343322.455
2022-06-01,2022,6,Jun,US import,699,India,108443605.0,108.444,382665.239,True,,120767.489
2022-06-01,2022,6,Jun,US import,410,South Korea,59109682.0,59.11,208580.493,True,,65827.098
2022-06-01,2022,6,Jun,US import,344,Hong Kong,14168323.0,14.168,49995.799,True,,15778.457
2022-06-01,2022,6,Jun,US import,392,Japan,8282570.0,8.283,29226.727,True,,9223.828
2022-06-01,2022,6,Jun,US import,152,Chile,2668511.0,2.669,9416.382,True,,2971.769
2022-06-01,2022,6,Jun,US import,784,United Arab Emirates,715624.0,0.716,2525.224,True,,796.95
2022-06-01,2022,6,Jun,US import,458,Malaysia,697295.0,0.697,2460.547,True,,776.538
2022-06-01,2022,6,Jun,US import,124,Canada,635066.0,0.635,2240.959,True,,707.237
2022-06-01,2022,6,Jun,US import,76,Brazil,590256.0,0.59,2082.838,True,,657.335
2022-06-01,2022,6,Jun,US import,276,Germany,566942.0,0.567,2000.57,True,,631.371
2022-06-01,2022,6,Jun,US import,826,United Kingdom,515497.0,0.515,1819.036,True,,574.08
2022-06-01,2022,6,Jun,US import,764,Thailand,507068.0,0.507,1789.292,True,,564.693
2022-06-01,2022,6,Jun,US import,586,Pakistan,504036.0,0.504,1778.593,True,,561.316
2022-06-01,2022,6,Jun,US import,380,Italy,371250.0,0.371,1310.031,True,,413.44
2022-06-01,2022,6,Jun,US import,528,Netherlands,207828.0,0.208,733.363,True,,231.446
2022-06-01,2022,6,Jun,US import,490,Taiwan,193218.0,0.193,681.809,True,,215.176
2022-06-01,2022,6,Jun,US import,616,Poland,151292.0,0.151,533.864,True,,168.485
2022-06-01,2022,6,Jun,US import,702,Singapore,138953.0,0.139,490.324,True,,154.744
2022-06-01,2022,6,Jun,US import,858,Uruguay,97834.0,0.098,345.227,True,,108.952
2022-06-01,2022,6,Jun,US import,360,Indonesia,86330.0,0.086,304.633,True,,96.141
2022-06-01,2022,6,Jun,US import,724,Spain,80111.0,0.08,282.688,True,,89.215
2022-06-01,2022,6,Jun,US import,251,France,67172.0,0.067,237.03,True,,74.806
2022-06-01,2022,6,Jun,US import,484,Mexico,66065.0,0.066,233.124,True,,73.573
2022-06-01,2022,6,Jun,US import,757,Switzerland,45050.0,0.045,158.968,True,,50.17
2022-06-01,2022,6,Jun,US import,56,Belgium,44077.0,0.044,155.535,True,,49.086
2022-06-01,2022,6,Jun,US import,566,Nigeria,39672.0,0.04,139.991,True,,44.18
2022-06-01,2022,6,Jun,US import,340,Honduras,35564.0,0.036,125.495,True,,39.606
2022-06-01,2022,6,Jun,US import,233,Estonia,26225.0,0.026,92.54,True,,29.205
2022-06-01,2022,6,Jun,US import,642,Romania,20624.0,0.021,72.776,True,,22.968
2022-06-01,2022,6,Jun,US import,36,Australia,20472.0,0.02,72.24,True,,22.799
2022-06-01,2022,6,Jun,US import,214,Dominican Republic,18914.0,0.019,66.742,True,,21.063
2022-06-01,2022,6,Jun,US import,246,Finland,15086.0,0.015,53.234,True,,16.8
2022-06-01,2022,6,Jun,US import,554,New Zealand,11933.0,0.012,42.108,True,,13.289
2022-06-01,2022,6,Jun,US import,40,Austria,10487.0,0.01,37.006,True,,11.679
2022-06-01,2022,6,Jun,US import,92,British Virgin Islands,8450.0,0.008,29.818,True,,9.41
2022-06-01,2022,6,Jun,US import,203,Czechia,7534.0,0.008,26.585,True,,8.39
2022-06-01,2022,6,Jun,US import,372,Ireland,7275.0,0.007,25.671,True,,8.102
2022-06-01,2022,6,Jun,US import,376,Israel,3655.0,0.004,12.897,True,,4.07
2022-07-01,2022,7,Jul,US import,156,China,3058153558.0,3058.154,10791314.638,True,,3405692.068
2022-07-01,2022,7,Jul,US import,704,Vietnam,1149964269.0,1149.964,4057881.991,True,,1280649.946
2022-07-01,2022,7,Jul,US import,699,India,83684946.0,83.685,295299.293,True,,93195.175
2022-07-01,2022,7,Jul,US import,410,South Korea,48765333.0,48.765,172078.361,True,,54307.184
2022-07-01,2022,7,Jul,US import,392,Japan,17163243.0,17.163,60563.981,True,,19113.73
2022-07-01,2022,7,Jul,US import,344,Hong Kong,10608422.0,10.608,37433.967,True,,11813.998
2022-07-01,2022,7,Jul,US import,152,Chile,2777504.0,2.778,9800.986,True,,3093.149
2022-07-01,2022,7,Jul,US import,826,United Kingdom,1792021.0,1.792,6323.509,True,,1995.672
2022-07-01,2022,7,Jul,US import,276,Germany,1419738.0,1.42,5009.833,True,,1581.082
2022-07-01,2022,7,Jul,US import,490,Taiwan,1215801.0,1.216,4290.2,True,,1353.969
2022-07-01,2022,7,Jul,US import,380,Italy,727053.0,0.727,2565.554,True,,809.678
2022-07-01,2022,7,Jul,US import,528,Netherlands,590397.0,0.59,2083.335,True,,657.492
2022-07-01,2022,7,Jul,US import,784,United Arab Emirates,462889.0,0.463,1633.398,True,,515.493
2022-07-01,2022,7,Jul,US import,764,Thailand,451534.0,0.452,1593.329,True,,502.848
2022-07-01,2022,7,Jul,US import,246,Finland,338065.0,0.338,1192.931,True,,376.484
2022-07-01,2022,7,Jul,US import,642,Romania,291412.0,0.291,1028.306,True,,324.529
2022-07-01,2022,7,Jul,US import,233,Estonia,185509.0,0.186,654.606,True,,206.591
2022-07-01,2022,7,Jul,US import,124,Canada,159816.0,0.16,563.943,True,,177.978
2022-07-01,2022,7,Jul,US import,251,France,155078.0,0.155,547.224,True,,172.702
2022-07-01,2022,7,Jul,US import,36,Australia,148318.0,0.148,523.37,True,,165.173
2022-07-01,2022,7,Jul,US import,724,Spain,131691.0,0.132,464.698,True,,146.657
2022-07-01,2022,7,Jul,US import,484,Mexico,112150.0,0.112,395.744,True,,124.895
2022-07-01,2022,7,Jul,US import,702,Singapore,95546.0,0.096,337.153,True,,106.404
2022-07-01,2022,7,Jul,US import,360,Indonesia,68720.0,0.069,242.492,True,,76.53
2022-07-01,2022,7,Jul,US import,76,Brazil,68059.0,0.068,240.16,True,,75.793
2022-07-01,2022,7,Jul,US import,703,Slovakia,57972.0,0.058,204.566,True,,64.56
2022-07-01,2022,7,Jul,US import,340,Honduras,54028.0,0.054,190.649,True,,60.168
2022-07-01,2022,7,Jul,US import,757,Switzerland,49120.0,0.049,173.33,True,,54.702
2022-07-01,2022,7,Jul,US import,591,Panama,45320.0,0.045,159.921,True,,50.47
2022-07-01,2022,7,Jul,US import,348,Hungary,24722.0,0.025,87.237,True,,27.531
2022-07-01,2022,7,Jul,US import,376,Israel,20473.0,0.02,72.243,True,,22.8
2022-07-01,2022,7,Jul,US import,858,Uruguay,17628.0,0.018,62.204,True,,19.631
2022-07-01,2022,7,Jul,US import,566,Nigeria,13979.0,0.014,49.328,True,,15.568
2022-07-01,2022,7,Jul,US import,616,Poland,13366.0,0.013,47.165,True,,14.885
2022-07-01,2022,7,Jul,US import,458,Malaysia,12531.0,0.013,44.218,True,,13.955
2022-07-01,2022,7,Jul,US import,368,Iraq,10273.0,0.01,36.25,True,,11.44
2022-07-01,2022,7,Jul,US import,554,New Zealand,6891.0,0.007,24.316,True,,7.674
2022-07-01,2022,7,Jul,US import,120,Cameroon,5860.0,0.006,20.678,True,,6.526
2022-07-01,2022,7,Jul,US import,214,Dominican Republic,5551.0,0.006,19.588,True,,6.182
2022-07-01,2022,7,Jul,US import,686,Senegal,4050.0,0.004,14.291,True,,4.51
2022-07-01,2022,7,Jul,US import,191,Croatia,2561.0,0.003,9.037,True,,2.852
2022-08-01,2022,8,Aug,US import,156,China,2687206360.0,2687.206,9482352.269,True,,2992589.224
2022-08-01,2022,8,Aug,US import,704,Vietnam,1668987039.0,1668.987,5889359.028,True,,1858656.15
2022-08-01,2022,8,Aug,US import,699,India,49355242.0,49.355,174159.974,True,,54964.132
2022-08-01,2022,8,Aug,US import,410,South Korea,39878034.0,39.878,140717.725,True,,44409.903
2022-08-01,2022,8,Aug,US import,344,Hong Kong,15608049.0,15.608,55076.164,True,,17381.798
2022-08-01,2022,8,Aug,US import,392,Japan,10542428.0,10.542,37201.094,True,,11740.504
2022-08-01,2022,8,Aug,US import,276,Germany,1721053.0,1.721,6073.084,True,,1916.639
2022-08-01,2022,8,Aug,US import,490,Taiwan,1542418.0,1.542,5442.735,True,,1717.703
2022-08-01,2022,8,Aug,US import,764,Thailand,1416219.0,1.416,4997.416,True,,1577.163
2022-08-01,2022,8,Aug,US import,152,Chile,604734.0,0.605,2133.926,True,,673.458
2022-08-01,2022,8,Aug,US import,360,Indonesia,364527.0,0.365,1286.307,True,,405.953
2022-08-01,2022,8,Aug,US import,124,Canada,298684.0,0.299,1053.967,True,,332.627
2022-08-01,2022,8,Aug,US import,616,Poland,209182.0,0.209,738.141,True,,232.954
2022-08-01,2022,8,Aug,US import,724,Spain,199632.0,0.2,704.442,True,,222.319
2022-08-01,2022,8,Aug,US import,702,Singapore,195646.0,0.196,690.377,True,,217.88
2022-08-01,2022,8,Aug,US import,380,Italy,190297.0,0.19,671.502,True,,211.923
2022-08-01,2022,8,Aug,US import,784,United Arab Emirates,184878.0,0.185,652.379,True,,205.888
2022-08-01,2022,8,Aug,US import,251,France,150853.0,0.151,532.315,True,,167.996
2022-08-01,2022,8,Aug,US import,348,Hungary,141181.0,0.141,498.186,True,,157.225
2022-08-01,2022,8,Aug,US import,591,Panama,120788.0,0.121,426.225,True,,134.515
2022-08-01,2022,8,Aug,US import,528,Netherlands,101277.0,0.101,357.376,True,,112.786
2022-08-01,2022,8,Aug,US import,484,Mexico,57441.0,0.057,202.692,True,,63.969
2022-08-01,2022,8,Aug,US import,804,Ukraine,54001.0,0.054,190.553,True,,60.138
2022-08-01,2022,8,Aug,US import,826,United Kingdom,53313.0,0.053,188.126,True,,59.372
2022-08-01,2022,8,Aug,US import,36,Australia,48223.0,0.048,170.165,True,,53.703
2022-08-01,2022,8,Aug,US import,376,Israel,41485.0,0.041,146.388,True,,46.199
2022-08-01,2022,8,Aug,US import,858,Uruguay,37488.0,0.037,132.284,True,,41.748
2022-08-01,2022,8,Aug,US import,120,Cameroon,32159.0,0.032,113.48,True,,35.814
2022-08-01,2022,8,Aug,US import,340,Honduras,22885.0,0.023,80.754,True,,25.486
2022-08-01,2022,8,Aug,US import,56,Belgium,21012.0,0.021,74.145,True,,23.4
2022-08-01,2022,8,Aug,US import,566,Nigeria,20874.0,0.021,73.658,True,,23.246
2022-08-01,2022,8,Aug,US import,554,New Zealand,13518.0,0.014,47.701,True,,15.054
2022-08-01,2022,8,Aug,US import,100,Bulgaria,12488.0,0.012,44.066,True,,13.907
2022-08-01,2022,8,Aug,US import,76,Brazil,9885.0,0.01,34.881,True,,11.008
2022-08-01,2022,8,Aug,US import,372,Ireland,9586.0,0.01,33.826,True,,10.675
2022-08-01,2022,8,Aug,US import,233,Estonia,5850.0,0.006,20.643,True,,6.515
2022-08-01,2022,8,Aug,US import,40,Austria,4806.0,0.005,16.959,True,,5.352
2022-08-01,2022,8,Aug,US import,246,Finland,4475.0,0.004,15.791,True,,4.984
2022-08-01,2022,8,Aug,US import,458,Malaysia,4379.0,0.004,15.452,True,,4.877
2022-08-01,2022,8,Aug,US import,203,Czechia,4092.0,0.004,14.439,True,,4.557
2022-09-01,2022,9,Sep,US import,156,China,6880693559.0,6880.694,24279921.762,True,,7662637.938
2022-09-01,2022,9,Sep,US import,704,Vietnam,921692082.0,921.692,3252377.315,True,,1026436.166
2022-09-01,2022,9,Sep,US import,699,India,127835059.0,127.835,451091.915,True,,142362.651
2022-09-01,2022,9,Sep,US import,410,South Korea,61363165.0,61.363,216532.364,True,,68336.675
2022-09-01,2022,9,Sep,US import,344,Hong Kong,17934489.0,17.934,63285.479,True,,19972.623
2022-09-01,2022,9,Sep,US import,392,Japan,10753060.0,10.753,37944.352,True,,11975.073
2022-09-01,2022,9,Sep,US import,764,Thailand,2372189.0,2.372,8370.75,True,,2641.772
2022-09-01,2022,9,Sep,US import,490,Taiwan,1823076.0,1.823,6433.093,True,,2030.256
2022-09-01,2022,9,Sep,US import,152,Chile,1102551.0,1.103,3890.575,True,,1227.848
2022-09-01,2022,9,Sep,US import,276,Germany,1025978.0,1.026,3620.371,True,,1142.573
2022-09-01,2022,9,Sep,US import,784,United Arab Emirates,824075.0,0.824,2907.916,True,,917.726
2022-09-01,2022,9,Sep,US import,702,Singapore,528667.0,0.529,1865.509,True,,588.746
2022-09-01,2022,9,Sep,US import,826,United Kingdom,439287.0,0.439,1550.113,True,,489.209
2022-09-01,2022,9,Sep,US import,124,Canada,407151.0,0.407,1436.715,True,,453.421
2022-09-01,2022,9,Sep,US import,360,Indonesia,359854.0,0.36,1269.818,True,,400.749
2022-09-01,2022,9,Sep,US import,616,Poland,136800.0,0.137,482.727,True,,152.346
2022-09-01,2022,9,Sep,US import,591,Panama,105319.0,0.105,371.639,True,,117.288
2022-09-01,2022,9,Sep,US import,724,Spain,101203.0,0.101,357.115,True,,112.704
2022-09-01,2022,9,Sep,US import,36,Australia,92713.0,0.093,327.157,True,,103.249
2022-09-01,2022,9,Sep,US import,642,Romania,89166.0,0.089,314.64,True,,99.299
2022-09-01,2022,9,Sep,US import,233,Estonia,88614.0,0.089,312.692,True,,98.684
2022-09-01,2022,9,Sep,US import,76,Brazil,85123.0,0.085,300.374,True,,94.797
2022-09-01,2022,9,Sep,US import,251,France,81684.0,0.082,288.239,True,,90.967
2022-09-01,2022,9,Sep,US import,380,Italy,75117.0,0.075,265.066,True,,83.654
2022-09-01,2022,9,Sep,US import,528,Netherlands,63858.0,0.064,225.336,True,,71.115
2022-09-01,2022,9,Sep,US import,566,Nigeria,50836.0,0.051,179.385,True,,56.613
2022-09-01,2022,9,Sep,US import,132,Cabo Verde,35802.0,0.036,126.335,True,,39.871
2022-09-01,2022,9,Sep,US import,484,Mexico,34949.0,0.035,123.325,True,,38.921
2022-09-01,2022,9,Sep,US import,579,Norway,32806.0,0.033,115.763,True,,36.534
2022-09-01,2022,9,Sep,US import,348,Hungary,32078.0,0.032,113.194,True,,35.723
2022-09-01,2022,9,Sep,US import,376,Israel,20741.0,0.021,73.189,True,,23.098
2022-09-01,2022,9,Sep,US import,340,Honduras,19843.0,0.02,70.02,True,,22.098
2022-09-01,2022,9,Sep,US import,428,Latvia,15695.0,0.016,55.383,True,,17.479
2022-09-01,2022,9,Sep,US import,858,Uruguay,15247.0,0.015,53.802,True,,16.98
2022-09-01,2022,9,Sep,US import,203,Czechia,13075.0,0.013,46.138,True,,14.561
2022-09-01,2022,9,Sep,US import,184,Cook Isds,8719.0,0.009,30.767,True,,9.71
2022-09-01,2022,9,Sep,US import,372,Ireland,5760.0,0.006,20.325,True,,6.415
2022-09-01,2022,9,Sep,US import,56,Belgium,5095.0,0.005,17.979,True,,5.674
2022-09-01,2022,9,Sep,US import,268,Georgia,5078.0,0.005,17.919,True,,5.655
2022-09-01,2022,9,Sep,US import,757,Switzerland,3821.0,0.004,13.483,True,,4.255
2022-09-01,2022,9,Sep,US import,246,Finland,3667.0,0.004,12.94,True,,4.084
2022-09-01,2022,9,Sep,US import,554,New Zealand,3252.0,0.003,11.475,True,,3.622
2022-09-01,2022,9,Sep,US import,862,Venezuela,2641.0,0.003,9.319,True,,2.941
2022-09-01,2022,9,Sep,US import,12,Algeria,2344.0,0.002,8.271,True,,2.61
2022-10-01,2022,10,Oct,US import,156,China,5850921403.0,5850.921,20646162.001,True,,6515839.127
2022-10-01,2022,10,Oct,US import,704,Vietnam,755455470.0,755.455,2665777.737,True,,841307.885
2022-10-01,2022,10,Oct,US import,699,India,105989860.0,105.99,374006.702,True,,118034.892
2022-10-01,2022,10,Oct,US import,410,South Korea,26988634.0,26.989,95234.865,True,,30055.71
2022-10-01,2022,10,Oct,US import,344,Hong Kong,16758206.0,16.758,59134.726,True,,18662.663
2022-10-01,2022,10,Oct,US import,392,Japan,10296948.0,10.297,36334.868,True,,11467.127
2022-10-01,2022,10,Oct,US import,152,Chile,968345.0,0.968,3417.002,True,,1078.391
2022-10-01,2022,10,Oct,US import,764,Thailand,850229.0,0.85,3000.205,True,,946.852
2022-10-01,2022,10,Oct,US import,360,Indonesia,785667.0,0.786,2772.385,True,,874.953
2022-10-01,2022,10,Oct,US import,372,Ireland,594914.0,0.595,2099.275,True,,662.522
2022-10-01,2022,10,Oct,US import,490,Taiwan,562143.0,0.562,1983.636,True,,626.027
2022-10-01,2022,10,Oct,US import,251,France,559312.0,0.559,1973.646,True,,622.874
2022-10-01,2022,10,Oct,US import,124,Canada,559308.0,0.559,1973.632,True,,622.87
2022-10-01,2022,10,Oct,US import,784,United Arab Emirates,522627.0,0.523,1844.195,True,,582.02
2022-10-01,2022,10,Oct,US import,702,Singapore,419984.0,0.42,1481.999,True,,467.712
2022-10-01,2022,10,Oct,US import,724,Spain,253739.0,0.254,895.369,True,,282.575
2022-10-01,2022,10,Oct,US import,36,Australia,202364.0,0.202,714.082,True,,225.361
2022-10-01,2022,10,Oct,US import,276,Germany,190622.0,0.191,672.648,True,,212.285
2022-10-01,2022,10,Oct,US import,233,Estonia,188588.0,0.189,665.471,True,,210.02
2022-10-01,2022,10,Oct,US import,591,Panama,178307.0,0.178,629.192,True,,198.57
2022-10-01,2022,10,Oct,US import,792,Türkiye,153252.0,0.153,540.781,True,,170.668
2022-10-01,2022,10,Oct,US import,76,Brazil,130086.0,0.13,459.035,True,,144.869
2022-10-01,2022,10,Oct,US import,380,Italy,120682.0,0.121,425.851,True,,134.397
2022-10-01,2022,10,Oct,US import,616,Poland,114599.0,0.115,404.386,True,,127.622
2022-10-01,2022,10,Oct,US import,376,Israel,85081.0,0.085,300.226,True,,94.75
2022-10-01,2022,10,Oct,US import,203,Czechia,56000.0,0.056,197.607,True,,62.364
2022-10-01,2022,10,Oct,US import,757,Switzerland,33299.0,0.033,117.502,True,,37.083
2022-10-01,2022,10,Oct,US import,826,United Kingdom,28403.0,0.028,100.226,True,,31.631
2022-10-01,2022,10,Oct,US import,484,Mexico,25918.0,0.026,91.457,True,,28.863
2022-10-01,2022,10,Oct,US import,40,Austria,21523.0,0.022,75.948,True,,23.969
2022-10-01,2022,10,Oct,US import,566,Nigeria,21084.0,0.021,74.399,True,,23.48
2022-10-01,2022,10,Oct,US import,818,Egypt,14120.0,0.014,49.825,True,,15.725
2022-10-01,2022,10,Oct,US import,752,Sweden,12688.0,0.013,44.772,True,,14.13
2022-10-01,2022,10,Oct,US import,48,Bahrain,12075.0,0.012,42.609,True,,13.447
2022-10-01,2022,10,Oct,US import,600,Paraguay,10530.0,0.011,37.157,True,,11.727
2022-10-01,2022,10,Oct,US import,554,New Zealand,9504.0,0.01,33.537,True,,10.584
2022-10-01,2022,10,Oct,US import,858,Uruguay,9068.0,0.009,31.998,True,,10.099
2022-10-01,2022,10,Oct,US import,703,Slovakia,8574.0,0.009,30.255,True,,9.548
2022-10-01,2022,10,Oct,US import,608,Philippines,5024.0,0.005,17.728,True,,5.595
2022-10-01,2022,10,Oct,US import,208,Denmark,3459.0,0.003,12.206,True,,3.852
2022-10-01,2022,10,Oct,US import,288,Ghana,2655.0,0.003,9.369,True,,2.957
2022-10-01,2022,10,Oct,US import,862,Venezuela,2641.0,0.003,9.319,True,,2.941
2022-10-01,2022,10,Oct,US import,300,Greece,2550.0,0.003,8.998,True,,2.84
2022-11-01,2022,11,Nov,US import,156,China,3446339385.0,3446.339,12161107.004,True,,3837992.594
2022-11-01,2022,11,Nov,US import,704,Vietnam,576410695.0,576.411,2033981.961,True,,641915.88
2022-11-01,2022,11,Nov,US import,699,India,125239605.0,125.24,441933.329,True,,139472.241
2022-11-01,2022,11,Nov,US import,410,South Korea,32347089.0,32.347,114143.259,True,,36023.117
2022-11-01,2022,11,Nov,US import,392,Japan,19872281.0,19.872,70123.371,True,,22130.632
2022-11-01,2022,11,Nov,US import,344,Hong Kong,15910420.0,15.91,56143.142,True,,17718.532
2022-11-01,2022,11,Nov,US import,458,Malaysia,1150972.0,1.151,4061.438,True,,1281.772
2022-11-01,2022,11,Nov,US import,591,Panama,941083.0,0.941,3320.802,True,,1048.031
2022-11-01,2022,11,Nov,US import,826,United Kingdom,796164.0,0.796,2809.426,True,,886.643
2022-11-01,2022,11,Nov,US import,360,Indonesia,781355.0,0.781,2757.169,True,,870.151
2022-11-01,2022,11,Nov,US import,76,Brazil,665265.0,0.665,2347.522,True,,740.868
2022-11-01,2022,11,Nov,US import,764,Thailand,638712.0,0.639,2253.825,True,,711.297
2022-11-01,2022,11,Nov,US import,152,Chile,442371.0,0.442,1560.996,True,,492.643
2022-11-01,2022,11,Nov,US import,784,United Arab Emirates,440796.0,0.441,1555.438,True,,490.889
2022-11-01,2022,11,Nov,US import,490,Taiwan,421380.0,0.421,1486.925,True,,469.267
2022-11-01,2022,11,Nov,US import,484,Mexico,351869.0,0.352,1241.641,True,,391.857
2022-11-01,2022,11,Nov,US import,124,Canada,330705.0,0.331,1166.96,True,,368.287
2022-11-01,2022,11,Nov,US import,276,Germany,285692.0,0.286,1008.122,True,,318.159
2022-11-01,2022,11,Nov,US import,380,Italy,273522.0,0.274,965.178,True,,304.606
2022-11-01,2022,11,Nov,US import,616,Poland,173251.0,0.173,611.351,True,,192.94
2022-11-01,2022,11,Nov,US import,724,Spain,101968.0,0.102,359.815,True,,113.556
2022-11-01,2022,11,Nov,US import,702,Singapore,77938.0,0.078,275.02,True,,86.795
2022-11-01,2022,11,Nov,US import,251,France,67216.0,0.067,237.185,True,,74.855
2022-11-01,2022,11,Nov,US import,528,Netherlands,65949.0,0.066,232.714,True,,73.444
2022-11-01,2022,11,Nov,US import,36,Australia,53885.0,0.054,190.144,True,,60.009
2022-11-01,2022,11,Nov,US import,246,Finland,46917.0,0.047,165.556,True,,52.249
2022-11-01,2022,11,Nov,US import,566,Nigeria,25939.0,0.026,91.531,True,,28.887
2022-11-01,2022,11,Nov,US import,120,Cameroon,18210.0,0.018,64.258,True,,20.279
2022-11-01,2022,11,Nov,US import,372,Ireland,17932.0,0.018,63.277,True,,19.97
2022-11-01,2022,11,Nov,US import,203,Czechia,9979.0,0.01,35.213,True,,11.113
2022-11-01,2022,11,Nov,US import,188,Costa Rica,9666.0,0.01,34.108,True,,10.764
2022-11-01,2022,11,Nov,US import,233,Estonia,7629.0,0.008,26.92,True,,8.496
2022-11-01,2022,11,Nov,US import,858,Uruguay,5940.0,0.006,20.96,True,,6.615
2022-11-01,2022,11,Nov,US import,540,New Caledonia,5151.0,0.005,18.176,True,,5.736
2022-11-01,2022,11,Nov,US import,554,New Zealand,5135.0,0.005,18.12,True,,5.719
2022-11-01,2022,11,Nov,US import,792,Türkiye,4850.0,0.005,17.114,True,,5.401
2022-11-01,2022,11,Nov,US import,604,Peru,3855.0,0.004,13.603,True,,4.293
2022-11-01,2022,11,Nov,US import,214,Dominican Republic,3450.0,0.003,12.174,True,,3.842
2022-11-01,2022,11,Nov,US import,340,Honduras,3330.0,0.003,11.751,True,,3.708
2022-11-01,2022,11,Nov,US import,508,Mozambique,2837.0,0.003,10.011,True,,3.159
2022-12-01,2022,12,Dec,US import,156,China,5138134848.0,5138.135,18130950.179,True,,5722049.191
2022-12-01,2022,12,Dec,US import,704,Vietnam,505943789.0,505.944,1785325.201,True,,563440.886
2022-12-01,2022,12,Dec,US import,699,India,295557196.0,295.557,1042933.468,True,,329145.276
2022-12-01,2022,12,Dec,US import,392,Japan,12387817.0,12.388,43712.923,True,,13795.609
2022-12-01,2022,12,Dec,US import,410,South Korea,11359011.0,11.359,40082.572,True,,12649.886
2022-12-01,2022,12,Dec,US import,344,Hong Kong,10023620.0,10.024,35370.375,True,,11162.737
2022-12-01,2022,12,Dec,US import,458,Malaysia,1040100.0,1.04,3670.204,True,,1158.3
2022-12-01,2022,12,Dec,US import,360,Indonesia,1037915.0,1.038,3662.493,True,,1155.867
2022-12-01,2022,12,Dec,US import,591,Panama,570008.0,0.57,2011.389,True,,634.786
2022-12-01,2022,12,Dec,US import,124,Canada,491978.0,0.492,1736.044,True,,547.888
2022-12-01,2022,12,Dec,US import,484,Mexico,353145.0,0.353,1246.144,True,,393.278
2022-12-01,2022,12,Dec,US import,490,Taiwan,323221.0,0.323,1140.551,True,,359.953
2022-12-01,2022,12,Dec,US import,76,Brazil,170076.0,0.17,600.148,True,,189.404
2022-12-01,2022,12,Dec,US import,251,France,164225.0,0.164,579.501,True,,182.888
2022-12-01,2022,12,Dec,US import,764,Thailand,143019.0,0.143,504.672,True,,159.272
2022-12-01,2022,12,Dec,US import,784,United Arab Emirates,136372.0,0.136,481.216,True,,151.87
2022-12-01,2022,12,Dec,US import,276,Germany,119033.0,0.119,420.032,True,,132.56
2022-12-01,2022,12,Dec,US import,380,Italy,110465.0,0.11,389.798,True,,123.019
2022-12-01,2022,12,Dec,US import,372,Ireland,108546.0,0.109,383.027,True,,120.882
2022-12-01,2022,12,Dec,US import,152,Chile,93486.0,0.093,329.884,True,,104.11
2022-12-01,2022,12,Dec,US import,826,United Kingdom,88303.0,0.088,311.595,True,,98.338
2022-12-01,2022,12,Dec,US import,724,Spain,67559.0,0.068,238.396,True,,75.237
2022-12-01,2022,12,Dec,US import,703,Slovakia,54368.0,0.054,191.849,True,,60.547
2022-12-01,2022,12,Dec,US import,757,Switzerland,22650.0,0.023,79.925,True,,25.224
2022-12-01,2022,12,Dec,US import,566,Nigeria,19742.0,0.02,69.664,True,,21.986
2022-12-01,2022,12,Dec,US import,858,Uruguay,18314.0,0.018,64.625,True,,20.395
2022-12-01,2022,12,Dec,US import,528,Netherlands,18050.0,0.018,63.693,True,,20.101
2022-12-01,2022,12,Dec,US import,100,Bulgaria,15050.0,0.015,53.107,True,,16.76
2022-12-01,2022,12,Dec,US import,40,Austria,5767.0,0.006,20.35,True,,6.422
2022-12-01,2022,12,Dec,US import,620,Portugal,5678.0,0.006,20.036,True,,6.323
2022-12-01,2022,12,Dec,US import,246,Finland,3600.0,0.004,12.703,True,,4.009
2022-12-01,2022,12,Dec,US import,682,Saudi Arabia,3585.0,0.004,12.65,True,,3.992
2022-12-01,2022,12,Dec,US import,579,Norway,3462.0,0.003,12.216,True,,3.855
2022-12-01,2022,12,Dec,US import,268,Georgia,3351.0,0.003,11.825,True,,3.732
2022-12-01,2022,12,Dec,US import,120,Cameroon,3292.0,0.003,11.616,True,,3.666
2022-12-01,2022,12,Dec,US import,554,New Zealand,3127.0,0.003,11.034,True,,3.482
2022-12-01,2022,12,Dec,US import,792,Türkiye,3075.0,0.003,10.851,True,,3.424
2022-12-01,2022,12,Dec,US import,214,Dominican Republic,3049.0,0.003,10.759,True,,3.395
2022-12-01,2022,12,Dec,US import,752,Sweden,2958.0,0.003,10.438,True,,3.294
2022-12-01,2022,12,Dec,US import,340,Honduras,2812.0,0.003,9.923,True,,3.132
2022-12-01,2022,12,Dec,US import,368,Iraq,2575.0,0.003,9.086,True,,2.868
2023-01-01,2023,1,Jan,US import,156,China,5105970889.0,5105.971,11959134.0,False,426.95,5686230.016
2023-01-01,2023,1,Jan,US import,704,Vietnam,865027354.0,865.027,1866282.0,False,463.5,963331.874
2023-01-01,2023,1,Jan,US import,699,India,296074776.0,296.075,677856.0,False,436.78,329721.676
2023-01-01,2023,1,Jan,US import,410,South Korea,132419995.0,132.42,242000.0,False,547.19,147468.634
2023-01-01,2023,1,Jan,US import,344,Hong Kong,8318230.0,8.318,146622.0,False,56.73,9263.541
2023-01-01,2023,1,Jan,US import,392,Japan,7627950.0,7.628,39006.0,False,195.56,8494.815
2023-01-01,2023,1,Jan,US import,360,Indonesia,1420750.0,1.421,7810.0,False,181.91,1582.209
2023-01-01,2023,1,Jan,US import,784,United Arab Emirates,1224798.0,1.225,2641.0,False,463.76,1363.988
2023-01-01,2023,1,Jan,US import,124,Canada,1028380.0,1.028,3660.0,False,280.98,1145.248
2023-01-01,2023,1,Jan,US import,591,Panama,440595.0,0.441,1135.0,False,388.19,490.666
2023-01-01,2023,1,Jan,US import,484,Mexico,423496.0,0.423,3459.0,False,122.43,471.623
2023-01-01,2023,1,Jan,US import,458,Malaysia,211185.0,0.211,2027.0,False,104.19,235.185
2023-01-01,2023,1,Jan,US import,764,Thailand,210578.0,0.211,273.0,False,,234.509
2023-01-01,2023,1,Jan,US import,276,Germany,165380.0,0.165,261.0,False,,184.174
2023-01-01,2023,1,Jan,US import,222,El Salvador,149328.0,0.149,1346.0,False,110.94,166.298
2023-01-01,2023,1,Jan,US import,757,Switzerland,117063.0,0.117,1368.0,False,85.57,130.366
2023-01-01,2023,1,Jan,US import,490,Taiwan,105344.0,0.105,591.0,False,,117.316
2023-01-01,2023,1,Jan,US import,251,France,91982.0,0.092,762.0,False,,102.435
2023-01-01,2023,1,Jan,US import,380,Italy,80872.0,0.081,275.0,False,,90.063
2023-01-01,2023,1,Jan,US import,376,Israel,57584.0,0.058,31.0,False,,64.128
2023-01-01,2023,1,Jan,US import,528,Netherlands,49608.0,0.05,1184.0,False,41.9,55.246
2023-01-01,2023,1,Jan,US import,76,Brazil,35371.0,0.035,397.0,False,,39.391
2023-01-01,2023,1,Jan,US import,36,Australia,33121.0,0.033,43.0,False,,36.885
2023-01-01,2023,1,Jan,US import,616,Poland,28045.0,0.028,35.0,False,,31.232
2023-01-01,2023,1,Jan,US import,50,Bangladesh,27226.0,0.027,222.0,False,,30.32
2023-01-01,2023,1,Jan,US import,566,Nigeria,23557.0,0.024,45.0,False,,26.234
2023-01-01,2023,1,Jan,US import,724,Spain,22965.0,0.023,38.0,False,,25.575
2023-01-01,2023,1,Jan,US import,56,Belgium,22106.0,0.022,29.0,False,,24.618
2023-01-01,2023,1,Jan,US import,858,Uruguay,20619.0,0.021,101.0,False,,22.962
2023-01-01,2023,1,Jan,US import,246,Finland,14389.0,0.014,62.0,False,,16.024
2023-01-01,2023,1,Jan,US import,214,Dominican Republic,9650.0,0.01,300.0,False,,10.747
2023-01-01,2023,1,Jan,US import,120,Cameroon,8348.0,0.008,198.0,False,,9.297
2023-01-01,2023,1,Jan,US import,132,Cabo Verde,7742.0,0.008,200.0,False,,8.622
2023-01-01,2023,1,Jan,US import,233,Estonia,7314.0,0.007,42.0,False,,8.145
2023-01-01,2023,1,Jan,US import,703,Slovakia,7047.0,0.007,16.0,False,,7.848
2023-01-01,2023,1,Jan,US import,340,Honduras,4227.0,0.004,4.0,False,,4.707
2023-01-01,2023,1,Jan,US import,368,Iraq,2874.0,0.003,2.0,False,,3.201
2023-01-01,2023,1,Jan,US import,702,Singapore,2397.0,0.002,3.0,False,,2.669
2023-01-01,2023,1,Jan,US import,579,Norway,2395.0,0.002,1.0,False,,2.667
2023-02-01,2023,2,Feb,US import,156,China,2540856797.0,2540.857,6967930.0,False,364.65,2829608.021
2023-02-01,2023,2,Feb,US import,704,Vietnam,1055037882.0,1055.038,2175083.0,False,485.06,1174935.816
2023-02-01,2023,2,Feb,US import,699,India,148178063.0,148.178,387401.0,False,382.49,165017.5
2023-02-01,2023,2,Feb,US import,410,South Korea,74595128.0,74.595,148130.0,False,503.58,83072.361
2023-02-01,2023,2,Feb,US import,344,Hong Kong,7851520.0,7.852,103473.0,False,75.88,8743.792
2023-02-01,2023,2,Feb,US import,360,Indonesia,1630415.0,1.63,7957.0,False,204.9,1815.701
2023-02-01,2023,2,Feb,US import,591,Panama,862764.0,0.863,4323.0,False,199.58,960.811
2023-02-01,2023,2,Feb,US import,458,Malaysia,862142.0,0.862,2811.0,False,306.7,960.119
2023-02-01,2023,2,Feb,US import,392,Japan,796103.0,0.796,1816.0,False,438.38,886.575
2023-02-01,2023,2,Feb,US import,764,Thailand,637040.0,0.637,999.0,False,,709.435
2023-02-01,2023,2,Feb,US import,528,Netherlands,358603.0,0.359,748.0,False,,399.356
2023-02-01,2023,2,Feb,US import,276,Germany,318802.0,0.319,550.0,False,,355.032
2023-02-01,2023,2,Feb,US import,784,United Arab Emirates,231807.0,0.232,928.0,False,,258.15
2023-02-01,2023,2,Feb,US import,604,Peru,221523.0,0.222,558.0,False,,246.698
2023-02-01,2023,2,Feb,US import,484,Mexico,191807.0,0.192,1576.0,False,121.7,213.605
2023-02-01,2023,2,Feb,US import,124,Canada,183254.0,0.183,917.0,False,,204.08
2023-02-01,2023,2,Feb,US import,76,Brazil,82791.0,0.083,392.0,False,,92.2
2023-02-01,2023,2,Feb,US import,152,Chile,69722.0,0.07,390.0,False,,77.645
2023-02-01,2023,2,Feb,US import,372,Ireland,67087.0,0.067,107.0,False,,74.711
2023-02-01,2023,2,Feb,US import,490,Taiwan,65003.0,0.065,141.0,False,,72.39
2023-02-01,2023,2,Feb,US import,826,United Kingdom,49880.0,0.05,198.0,False,,55.549
2023-02-01,2023,2,Feb,US import,380,Italy,46777.0,0.047,166.0,False,,52.093
2023-02-01,2023,2,Feb,US import,616,Poland,46506.0,0.047,83.0,False,,51.791
2023-02-01,2023,2,Feb,US import,251,France,40285.0,0.04,459.0,False,,44.863
2023-02-01,2023,2,Feb,US import,428,Latvia,36055.0,0.036,112.0,False,,40.152
2023-02-01,2023,2,Feb,US import,566,Nigeria,26402.0,0.026,53.0,False,,29.402
2023-02-01,2023,2,Feb,US import,340,Honduras,23401.0,0.023,52.0,False,,26.06
2023-02-01,2023,2,Feb,US import,724,Spain,22178.0,0.022,47.0,False,,24.698
2023-02-01,2023,2,Feb,US import,246,Finland,12282.0,0.012,48.0,False,,13.678
2023-02-01,2023,2,Feb,US import,703,Slovakia,9940.0,0.01,25.0,False,,11.07
2023-02-01,2023,2,Feb,US import,757,Switzerland,6994.0,0.007,7.0,False,,7.789
2023-02-01,2023,2,Feb,US import,214,Dominican Republic,6527.0,0.007,7.0,False,,7.269
2023-02-01,2023,2,Feb,US import,233,Estonia,5350.0,0.005,15.0,False,,5.958
2023-02-01,2023,2,Feb,US import,792,Türkiye,5192.0,0.005,2.0,False,,5.782
2023-02-01,2023,2,Feb,US import,702,Singapore,3793.0,0.004,2.0,False,,4.224
2023-02-01,2023,2,Feb,US import,705,Slovenia,3678.0,0.004,1.0,False,,4.096
2023-02-01,2023,2,Feb,US import,36,Australia,2930.0,0.003,57.0,False,,3.263
2023-02-01,2023,2,Feb,US import,208,Denmark,2426.0,0.002,1.0,False,,2.702
2023-02-01,2023,2,Feb,US import,332,Haiti,2264.0,0.002,3.0,False,,2.521
2023-03-01,2023,3,Mar,US import,156,China,2444613720.0,2444.614,7222908.0,False,338.45,2722427.568
2023-03-01,2023,3,Mar,US import,699,India,633939865.0,633.94,1310525.0,False,483.73,705982.852
2023-03-01,2023,3,Mar,US import,704,Vietnam,588426554.0,588.427,1447579.0,False,406.49,655297.26
2023-03-01,2023,3,Mar,US import,410,South Korea,75827118.0,75.827,156790.0,False,483.62,84444.358
2023-03-01,2023,3,Mar,US import,344,Hong Kong,10728059.0,10.728,156068.0,False,68.74,11947.23
2023-03-01,2023,3,Mar,US import,392,Japan,6203090.0,6.203,27791.0,False,223.2,6908.029
2023-03-01,2023,3,Mar,US import,360,Indonesia,1234118.0,1.234,5418.0,False,227.78,1374.367
2023-03-01,2023,3,Mar,US import,458,Malaysia,1202287.0,1.202,6308.0,False,190.6,1338.919
2023-03-01,2023,3,Mar,US import,784,United Arab Emirates,828433.0,0.828,5427.0,False,152.65,922.579
2023-03-01,2023,3,Mar,US import,484,Mexico,751171.0,0.751,8900.0,False,84.4,836.537
2023-03-01,2023,3,Mar,US import,826,United Kingdom,741948.0,0.742,2033.0,False,364.95,826.265
2023-03-01,2023,3,Mar,US import,591,Panama,584201.0,0.584,4200.0,False,139.1,650.592
2023-03-01,2023,3,Mar,US import,276,Germany,512048.0,0.512,1164.0,False,439.9,570.239
2023-03-01,2023,3,Mar,US import,124,Canada,460456.0,0.46,2320.0,False,198.47,512.784
2023-03-01,2023,3,Mar,US import,251,France,183723.0,0.184,1663.0,False,110.48,204.602
2023-03-01,2023,3,Mar,US import,616,Poland,167805.0,0.168,1000.0,False,167.8,186.875
2023-03-01,2023,3,Mar,US import,528,Netherlands,158330.0,0.158,1486.0,False,106.55,176.323
2023-03-01,2023,3,Mar,US import,764,Thailand,155601.0,0.156,273.0,False,,173.284
2023-03-01,2023,3,Mar,US import,724,Spain,102889.0,0.103,576.0,False,,114.582
2023-03-01,2023,3,Mar,US import,490,Taiwan,101256.0,0.101,309.0,False,,112.763
2023-03-01,2023,3,Mar,US import,76,Brazil,66465.0,0.066,543.0,False,,74.018
2023-03-01,2023,3,Mar,US import,152,Chile,62053.0,0.062,1363.0,False,45.53,69.105
2023-03-01,2023,3,Mar,US import,36,Australia,61935.0,0.062,1451.0,False,42.68,68.973
2023-03-01,2023,3,Mar,US import,818,Egypt,54721.0,0.055,300.0,False,,60.94
2023-03-01,2023,3,Mar,US import,703,Slovakia,38853.0,0.039,70.0,False,,43.268
2023-03-01,2023,3,Mar,US import,372,Ireland,38211.0,0.038,100.0,False,,42.553
2023-03-01,2023,3,Mar,US import,566,Nigeria,32730.0,0.033,76.0,False,,36.45
2023-03-01,2023,3,Mar,US import,214,Dominican Republic,32650.0,0.033,288.0,False,,36.36
2023-03-01,2023,3,Mar,US import,376,Israel,23553.0,0.024,9.0,False,,26.23
2023-03-01,2023,3,Mar,US import,757,Switzerland,23092.0,0.023,50.0,False,,25.716
2023-03-01,2023,3,Mar,US import,380,Italy,21885.0,0.022,65.0,False,,24.372
2023-03-01,2023,3,Mar,US import,858,Uruguay,18398.0,0.018,19.0,False,,20.489
2023-03-01,2023,3,Mar,US import,780,Trinidad and Tobago,6850.0,0.007,16.0,False,,7.628
2023-03-01,2023,3,Mar,US import,40,Austria,6786.0,0.007,28.0,False,,7.557
2023-03-01,2023,3,Mar,US import,340,Honduras,4723.0,0.005,10.0,False,,5.26
2023-03-01,2023,3,Mar,US import,208,Denmark,4075.0,0.004,1.0,False,,4.538
2023-03-01,2023,3,Mar,US import,56,Belgium,2789.0,0.003,6.0,False,,3.106
2023-03-01,2023,3,Mar,US import,268,Georgia,2535.0,0.003,6.0,False,,2.823
2023-04-01,2023,4,Apr,US import,156,China,2865526074.0,2865.526,7893993.0,False,363.0,3191173.77
2023-04-01,2023,4,Apr,US import,704,Vietnam,941630807.0,941.631,2193314.0,False,429.32,1048640.792
2023-04-01,2023,4,Apr,US import,699,India,290270802.0,290.271,618686.0,False,469.17,323258.119
2023-04-01,2023,4,Apr,US import,410,South Korea,132651147.0,132.651,242725.0,False,546.51,147726.054
2023-04-01,2023,4,Apr,US import,344,Hong Kong,15502038.0,15.502,201628.0,False,76.88,17263.74
2023-04-01,2023,4,Apr,US import,484,Mexico,1405463.0,1.405,11820.0,False,118.91,1565.184
2023-04-01,2023,4,Apr,US import,392,Japan,1019005.0,1.019,2773.0,False,367.47,1134.808
2023-04-01,2023,4,Apr,US import,458,Malaysia,954965.0,0.955,2979.0,False,320.57,1063.49
2023-04-01,2023,4,Apr,US import,591,Panama,693648.0,0.694,2642.0,False,262.55,772.476
2023-04-01,2023,4,Apr,US import,826,United Kingdom,641701.0,0.642,1713.0,False,374.61,714.626
2023-04-01,2023,4,Apr,US import,702,Singapore,438160.0,0.438,1981.0,False,221.18,487.954
2023-04-01,2023,4,Apr,US import,251,France,428061.0,0.428,1964.0,False,217.95,476.707
2023-04-01,2023,4,Apr,US import,124,Canada,425370.0,0.425,1677.0,False,253.65,473.71
2023-04-01,2023,4,Apr,US import,360,Indonesia,321077.0,0.321,2144.0,False,149.76,357.565
2023-04-01,2023,4,Apr,US import,276,Germany,234479.0,0.234,149.0,False,,261.126
2023-04-01,2023,4,Apr,US import,784,United Arab Emirates,228490.0,0.228,200.0,False,,254.456
2023-04-01,2023,4,Apr,US import,380,Italy,172197.0,0.172,350.0,False,,191.766
2023-04-01,2023,4,Apr,US import,120,Cameroon,169231.0,0.169,260.0,False,,188.463
2023-04-01,2023,4,Apr,US import,616,Poland,138936.0,0.139,1003.0,False,138.52,154.725
2023-04-01,2023,4,Apr,US import,320,Guatemala,86275.0,0.086,5050.0,False,17.08,96.08
2023-04-01,2023,4,Apr,US import,152,Chile,74222.0,0.074,242.0,False,,82.657
2023-04-01,2023,4,Apr,US import,490,Taiwan,66271.0,0.066,620.0,False,,73.802
2023-04-01,2023,4,Apr,US import,757,Switzerland,48764.0,0.049,163.0,False,,54.306
2023-04-01,2023,4,Apr,US import,376,Israel,42293.0,0.042,180.0,False,,47.099
2023-04-01,2023,4,Apr,US import,76,Brazil,41553.0,0.042,492.0,False,,46.275
2023-04-01,2023,4,Apr,US import,764,Thailand,39343.0,0.039,32.0,False,,43.814
2023-04-01,2023,4,Apr,US import,214,Dominican Republic,26980.0,0.027,387.0,False,,30.046
2023-04-01,2023,4,Apr,US import,340,Honduras,24994.0,0.025,154.0,False,,27.834
2023-04-01,2023,4,Apr,US import,528,Netherlands,18160.0,0.018,38.0,False,,20.224
2023-04-01,2023,4,Apr,US import,566,Nigeria,17783.0,0.018,33.0,False,,19.804
2023-04-01,2023,4,Apr,US import,348,Hungary,15278.0,0.015,300.0,False,,17.014
2023-04-01,2023,4,Apr,US import,372,Ireland,12676.0,0.013,27.0,False,,14.117
2023-04-01,2023,4,Apr,US import,724,Spain,9749.0,0.01,25.0,False,,10.857
2023-04-01,2023,4,Apr,US import,36,Australia,8040.0,0.008,32.0,False,,8.954
2023-04-01,2023,4,Apr,US import,703,Slovakia,6286.0,0.006,24.0,False,,7.0
2023-04-01,2023,4,Apr,US import,56,Belgium,5752.0,0.006,7.0,False,,6.406
2023-04-01,2023,4,Apr,US import,40,Austria,2885.0,0.003,1.0,False,,3.213
2023-05-01,2023,5,May,US import,156,China,2819906920.0,2819.907,8309088.0,False,339.38,3140370.307
2023-05-01,2023,5,May,US import,704,Vietnam,552972011.0,552.972,1554435.0,False,355.74,615813.548
2023-05-01,2023,5,May,US import,699,India,492480563.0,492.481,1085689.0,False,453.61,548447.655
2023-05-01,2023,5,May,US import,410,South Korea,102784223.0,102.784,194344.0,False,528.88,114464.956
2023-05-01,2023,5,May,US import,344,Hong Kong,15871707.0,15.872,225237.0,False,70.47,17675.419
2023-05-01,2023,5,May,US import,392,Japan,8871314.0,8.871,42755.0,False,207.49,9879.479
2023-05-01,2023,5,May,US import,784,United Arab Emirates,2220282.0,2.22,4408.0,False,503.69,2472.602
2023-05-01,2023,5,May,US import,591,Panama,831956.0,0.832,5087.0,False,163.55,926.502
2023-05-01,2023,5,May,US import,162,Christmas Isds,418666.0,0.419,2400.0,False,174.44,466.245
2023-05-01,2023,5,May,US import,124,Canada,405951.0,0.406,1470.0,False,276.16,452.085
2023-05-01,2023,5,May,US import,702,Singapore,319278.0,0.319,3778.0,False,84.51,355.562
2023-05-01,2023,5,May,US import,276,Germany,287670.0,0.288,876.0,False,,320.362
2023-05-01,2023,5,May,US import,458,Malaysia,225669.0,0.226,915.0,False,,251.315
2023-05-01,2023,5,May,US import,826,United Kingdom,207543.0,0.208,949.0,False,,231.129
2023-05-01,2023,5,May,US import,360,Indonesia,157398.0,0.157,594.0,False,,175.285
2023-05-01,2023,5,May,US import,616,Poland,154879.0,0.155,900.0,False,,172.48
2023-05-01,2023,5,May,US import,380,Italy,120471.0,0.12,368.0,False,,134.162
2023-05-01,2023,5,May,US import,818,Egypt,91855.0,0.092,850.0,False,,102.294
2023-05-01,2023,5,May,US import,490,Taiwan,89185.0,0.089,259.0,False,,99.32
2023-05-01,2023,5,May,US import,764,Thailand,76100.0,0.076,87.0,False,,84.748
2023-05-01,2023,5,May,US import,528,Netherlands,73908.0,0.074,179.0,False,,82.307
2023-05-01,2023,5,May,US import,76,Brazil,70531.0,0.071,597.0,False,,78.546
2023-05-01,2023,5,May,US import,757,Switzerland,42019.0,0.042,295.0,False,,46.794
2023-05-01,2023,5,May,US import,858,Uruguay,26474.0,0.026,1002.0,False,26.42,29.483
2023-05-01,2023,5,May,US import,484,Mexico,25962.0,0.026,221.0,False,,28.912
2023-05-01,2023,5,May,US import,724,Spain,25358.0,0.025,59.0,False,,28.24
2023-05-01,2023,5,May,US import,372,Ireland,17956.0,0.018,63.0,False,,19.997
2023-05-01,2023,5,May,US import,251,France,16125.0,0.016,58.0,False,,17.957
2023-05-01,2023,5,May,US import,566,Nigeria,13845.0,0.014,29.0,False,,15.418
2023-05-01,2023,5,May,US import,214,Dominican Republic,12859.0,0.013,80.0,False,,14.32
2023-05-01,2023,5,May,US import,340,Honduras,12717.0,0.013,22.0,False,,14.162
2023-05-01,2023,5,May,US import,703,Slovakia,10843.0,0.011,76.0,False,,12.075
2023-05-01,2023,5,May,US import,233,Estonia,8896.0,0.009,24.0,False,,9.907
2023-05-01,2023,5,May,US import,246,Finland,8101.0,0.008,17.0,False,,9.022
2023-05-01,2023,5,May,US import,388,Jamaica,7072.0,0.007,1.0,False,,7.876
2023-05-01,2023,5,May,US import,579,Norway,6685.0,0.007,4.0,False,,7.445
2023-05-01,2023,5,May,US import,40,Austria,6028.0,0.006,4.0,False,,6.713
2023-05-01,2023,5,May,US import,682,Saudi Arabia,3675.0,0.004,3.0,False,,4.093
2023-05-01,2023,5,May,US import,710,South Africa,3081.0,0.003,3.0,False,,3.431
2023-05-01,2023,5,May,US import,324,Guinea,2875.0,0.003,1.0,False,,3.202
2023-05-01,2023,5,May,US import,36,Australia,2035.0,0.002,2.0,False,,2.266
2023-06-01,2023,6,Jun,US import,156,China,2503670552.0,2503.671,7544801.0,False,331.84,2788195.811
2023-06-01,2023,6,Jun,US import,699,India,532675942.0,532.676,1135653.0,False,469.05,593210.967
2023-06-01,2023,6,Jun,US import,704,Vietnam,519371897.0,519.372,1339349.0,False,387.78,578395.007
2023-06-01,2023,6,Jun,US import,410,South Korea,65201487.0,65.201,126812.0,False,514.16,72611.196
2023-06-01,2023,6,Jun,US import,392,Japan,9524782.0,9.525,29044.0,False,327.94,10607.209
2023-06-01,2023,6,Jun,US import,344,Hong Kong,7880749.0,7.881,117686.0,False,66.96,8776.343
2023-06-01,2023,6,Jun,US import,124,Canada,1399713.0,1.4,5532.0,False,253.02,1558.781
2023-06-01,2023,6,Jun,US import,170,Colombia,605469.0,0.605,45526.0,False,13.3,674.276
2023-06-01,2023,6,Jun,US import,490,Taiwan,513669.0,0.514,1323.0,False,388.26,572.044
2023-06-01,2023,6,Jun,US import,784,United Arab Emirates,369817.0,0.37,3263.0,False,113.34,411.844
2023-06-01,2023,6,Jun,US import,276,Germany,361864.0,0.362,616.0,False,,402.987
2023-06-01,2023,6,Jun,US import,702,Singapore,235270.0,0.235,1467.0,False,160.37,262.007
2023-06-01,2023,6,Jun,US import,591,Panama,194334.0,0.194,700.0,False,,216.419
2023-06-01,2023,6,Jun,US import,764,Thailand,183802.0,0.184,187.0,False,,204.69
2023-06-01,2023,6,Jun,US import,380,Italy,154717.0,0.155,350.0,False,,172.3
2023-06-01,2023,6,Jun,US import,826,United Kingdom,132023.0,0.132,636.0,False,,147.027
2023-06-01,2023,6,Jun,US import,528,Netherlands,125214.0,0.125,230.0,False,,139.444
2023-06-01,2023,6,Jun,US import,76,Brazil,102858.0,0.103,823.0,False,,114.547
2023-06-01,2023,6,Jun,US import,818,Egypt,95383.0,0.095,900.0,False,,106.223
2023-06-01,2023,6,Jun,US import,442,Luxembourg,81618.0,0.082,309.0,False,,90.893
2023-06-01,2023,6,Jun,US import,36,Australia,53850.0,0.054,50.0,False,,59.97
2023-06-01,2023,6,Jun,US import,218,Ecuador,50669.0,0.051,850.0,False,,56.427
2023-06-01,2023,6,Jun,US import,152,Chile,43832.0,0.044,140.0,False,,48.813
2023-06-01,2023,6,Jun,US import,203,Czechia,42110.0,0.042,91.0,False,,46.896
2023-06-01,2023,6,Jun,US import,251,France,41282.0,0.041,151.0,False,,45.973
2023-06-01,2023,6,Jun,US import,608,Philippines,35839.0,0.036,358.0,False,,39.912
2023-06-01,2023,6,Jun,US import,724,Spain,34626.0,0.035,140.0,False,,38.561
2023-06-01,2023,6,Jun,US import,376,Israel,32022.0,0.032,181.0,False,,35.661
2023-06-01,2023,6,Jun,US import,858,Uruguay,26573.0,0.027,2000.0,False,13.29,29.593
2023-06-01,2023,6,Jun,US import,340,Honduras,22405.0,0.022,99.0,False,,24.951
2023-06-01,2023,6,Jun,US import,100,Bulgaria,20650.0,0.021,100.0,False,,22.997
2023-06-01,2023,6,Jun,US import,120,Cameroon,20650.0,0.021,200.0,False,,22.997
2023-06-01,2023,6,Jun,US import,484,Mexico,18969.0,0.019,134.0,False,,21.125
2023-06-01,2023,6,Jun,US import,214,Dominican Republic,16194.0,0.016,598.0,False,,18.034
2023-06-01,2023,6,Jun,US import,246,Finland,15542.0,0.016,10.0,False,,17.308
2023-06-01,2023,6,Jun,US import,757,Switzerland,14237.0,0.014,41.0,False,,15.855
2023-06-01,2023,6,Jun,US import,566,Nigeria,12998.0,0.013,25.0,False,,14.475
2023-06-01,2023,6,Jun,US import,579,Norway,9503.0,0.01,5.0,False,,10.583
2023-06-01,2023,6,Jun,US import,703,Slovakia,9337.0,0.009,12.0,False,,10.398
2023-06-01,2023,6,Jun,US import,188,Costa Rica,6850.0,0.007,33.0,False,,7.628
2023-06-01,2023,6,Jun,US import,32,Argentina,3254.0,0.003,1.0,False,,3.624
2023-06-01,2023,6,Jun,US import,458,Malaysia,2234.0,0.002,1.0,False,,2.488
2023-07-01,2023,7,Jul,US import,156,China,2883007240.0,2883.007,8689390.0,False,331.78,2858229.594
2023-07-01,2023,7,Jul,US import,704,Vietnam,885512048.0,885.512,1908962.0,False,463.87,877901.625
2023-07-01,2023,7,Jul,US import,699,India,372494098.0,372.494,876273.0,False,425.09,369292.744
2023-07-01,2023,7,Jul,US import,410,South Korea,96427308.0,96.427,186799.0,False,516.21,95598.576
2023-07-01,2023,7,Jul,US import,344,Hong Kong,9755882.0,9.756,116866.0,False,83.48,9672.036
2023-07-01,2023,7,Jul,US import,764,Thailand,3044952.0,3.045,4064.0,False,749.25,3018.783
2023-07-01,2023,7,Jul,US import,392,Japan,2601912.0,2.602,6210.0,False,418.99,2579.55
2023-07-01,2023,7,Jul,US import,124,Canada,993576.0,0.994,3310.0,False,300.17,985.037
2023-07-01,2023,7,Jul,US import,702,Singapore,506335.0,0.506,3710.0,False,136.48,501.983
2023-07-01,2023,7,Jul,US import,458,Malaysia,484226.0,0.484,1608.0,False,301.14,480.064
2023-07-01,2023,7,Jul,US import,591,Panama,450001.0,0.45,2639.0,False,170.52,446.134
2023-07-01,2023,7,Jul,US import,818,Egypt,439913.0,0.44,2700.0,False,162.93,436.132
2023-07-01,2023,7,Jul,US import,360,Indonesia,283715.0,0.284,2592.0,False,109.46,281.277
2023-07-01,2023,7,Jul,US import,276,Germany,174822.0,0.175,205.0,False,,173.32
2023-07-01,2023,7,Jul,US import,484,Mexico,153741.0,0.154,1331.0,False,115.51,152.42
2023-07-01,2023,7,Jul,US import,76,Brazil,147443.0,0.147,951.0,False,,146.176
2023-07-01,2023,7,Jul,US import,826,United Kingdom,127079.0,0.127,637.0,False,,125.987
2023-07-01,2023,7,Jul,US import,320,Guatemala,121675.0,0.122,2044.0,False,59.53,120.629
2023-07-01,2023,7,Jul,US import,792,Türkiye,120002.0,0.12,500.0,False,,118.971
2023-07-01,2023,7,Jul,US import,788,Tunisia,113120.0,0.113,770.0,False,,112.148
2023-07-01,2023,7,Jul,US import,757,Switzerland,102839.0,0.103,607.0,False,,101.955
2023-07-01,2023,7,Jul,US import,490,Taiwan,93182.0,0.093,161.0,False,,92.381
2023-07-01,2023,7,Jul,US import,724,Spain,89550.0,0.09,530.0,False,,88.78
2023-07-01,2023,7,Jul,US import,600,Paraguay,80739.0,0.081,111.0,False,,80.045
2023-07-01,2023,7,Jul,US import,152,Chile,64591.0,0.065,1019.0,False,63.39,64.036
2023-07-01,2023,7,Jul,US import,372,Ireland,60838.0,0.061,91.0,False,,60.315
2023-07-01,2023,7,Jul,US import,376,Israel,55045.0,0.055,410.0,False,,54.572
2023-07-01,2023,7,Jul,US import,608,Philippines,52762.0,0.053,530.0,False,,52.309
2023-07-01,2023,7,Jul,US import,208,Denmark,40123.0,0.04,24.0,False,,39.778
2023-07-01,2023,7,Jul,US import,380,Italy,37507.0,0.038,444.0,False,,37.185
2023-07-01,2023,7,Jul,US import,340,Honduras,28007.0,0.028,61.0,False,,27.766
2023-07-01,2023,7,Jul,US import,251,France,23981.0,0.024,74.0,False,,23.775
2023-07-01,2023,7,Jul,US import,710,South Africa,22786.0,0.023,204.0,False,,22.59
2023-07-01,2023,7,Jul,US import,858,Uruguay,20845.0,0.021,2000.0,False,10.42,20.666
2023-07-01,2023,7,Jul,US import,528,Netherlands,15638.0,0.016,4.0,False,,15.504
2023-07-01,2023,7,Jul,US import,768,Togo,12395.0,0.012,11.0,False,,12.288
2023-07-01,2023,7,Jul,US import,214,Dominican Republic,6127.0,0.006,233.0,False,,6.074
2023-07-01,2023,7,Jul,US import,579,Norway,4109.0,0.004,2.0,False,,4.074
2023-07-01,2023,7,Jul,US import,703,Slovakia,3722.0,0.004,9.0,False,,3.69
2023-07-01,2023,7,Jul,US import,404,Kenya,3117.0,0.003,8.0,False,,3.09
2023-07-01,2023,7,Jul,US import,752,Sweden,3067.0,0.003,8.0,False,,3.041
2023-07-01,2023,7,Jul,US import,246,Finland,2645.0,0.003,6.0,False,,2.622
2023-07-01,2023,7,Jul,US import,120,Cameroon,2610.0,0.003,4.0,False,,2.588
2023-08-01,2023,8,Aug,US import,156,China,2217560978.0,2217.561,7985669.0,False,277.69,2198502.427
2023-08-01,2023,8,Aug,US import,704,Vietnam,818091057.0,818.091,1753128.0,False,466.65,811060.075
2023-08-01,2023,8,Aug,US import,699,India,226260379.0,226.26,600084.0,False,377.05,224315.812
2023-08-01,2023,8,Aug,US import,410,South Korea,57558428.0,57.558,107079.0,False,537.53,57063.749
2023-08-01,2023,8,Aug,US import,344,Hong Kong,6098337.0,6.098,111369.0,False,54.76,6045.926
2023-08-01,2023,8,Aug,US import,392,Japan,3056873.0,3.057,5866.0,False,521.12,3030.601
2023-08-01,2023,8,Aug,US import,124,Canada,1387231.0,1.387,4958.0,False,279.8,1375.309
2023-08-01,2023,8,Aug,US import,591,Panama,1260284.0,1.26,10351.0,False,121.75,1249.453
2023-08-01,2023,8,Aug,US import,458,Malaysia,812524.0,0.813,2045.0,False,397.32,805.541
2023-08-01,2023,8,Aug,US import,826,United Kingdom,576233.0,0.576,8871.0,False,64.96,571.281
2023-08-01,2023,8,Aug,US import,360,Indonesia,322680.0,0.323,4150.0,False,77.75,319.907
2023-08-01,2023,8,Aug,US import,40,Austria,263725.0,0.264,148.0,False,,261.458
2023-08-01,2023,8,Aug,US import,784,United Arab Emirates,256906.0,0.257,893.0,False,,254.698
2023-08-01,2023,8,Aug,US import,276,Germany,134951.0,0.135,1067.0,False,126.48,133.791
2023-08-01,2023,8,Aug,US import,757,Switzerland,86245.0,0.086,816.0,False,,85.504
2023-08-01,2023,8,Aug,US import,484,Mexico,82716.0,0.083,627.0,False,,82.005
2023-08-01,2023,8,Aug,US import,76,Brazil,79689.0,0.08,876.0,False,,79.004
2023-08-01,2023,8,Aug,US import,251,France,77103.0,0.077,229.0,False,,76.44
2023-08-01,2023,8,Aug,US import,490,Taiwan,71434.0,0.071,158.0,False,,70.82
2023-08-01,2023,8,Aug,US import,608,Philippines,46029.0,0.046,450.0,False,,45.633
2023-08-01,2023,8,Aug,US import,203,Czechia,38317.0,0.038,801.0,False,,37.988
2023-08-01,2023,8,Aug,US import,579,Norway,27454.0,0.027,16.0,False,,27.218
2023-08-01,2023,8,Aug,US import,620,Portugal,24722.0,0.025,15.0,False,,24.51
2023-08-01,2023,8,Aug,US import,36,Australia,22858.0,0.023,100.0,False,,22.662
2023-08-01,2023,8,Aug,US import,858,Uruguay,18920.0,0.019,1001.0,False,18.9,18.757
2023-08-01,2023,8,Aug,US import,380,Italy,17618.0,0.018,66.0,False,,17.467
2023-08-01,2023,8,Aug,US import,233,Estonia,16243.0,0.016,53.0,False,,16.103
2023-08-01,2023,8,Aug,US import,724,Spain,11957.0,0.012,51.0,False,,11.854
2023-08-01,2023,8,Aug,US import,705,Slovenia,11888.0,0.012,22.0,False,,11.786
2023-08-01,2023,8,Aug,US import,372,Ireland,9735.0,0.01,30.0,False,,9.651
2023-08-01,2023,8,Aug,US import,328,Guyana,9170.0,0.009,40.0,False,,9.091
2023-08-01,2023,8,Aug,US import,376,Israel,7737.0,0.008,246.0,False,,7.671
2023-08-01,2023,8,Aug,US import,703,Slovakia,4662.0,0.005,13.0,False,,4.622
2023-08-01,2023,8,Aug,US import,764,Thailand,3953.0,0.004,4.0,False,,3.919
2023-08-01,2023,8,Aug,US import,422,Lebanon,3098.0,0.003,3.0,False,,3.071
2023-08-01,2023,8,Aug,US import,642,Romania,2689.0,0.003,1.0,False,,2.666
2023-08-01,2023,8,Aug,US import,214,Dominican Republic,2200.0,0.002,1.0,False,,2.181
2023-09-01,2023,9,Sep,US import,156,China,5927080461.0,5927.08,14484254.0,False,409.21,5876140.907
2023-09-01,2023,9,Sep,US import,704,Vietnam,633623282.0,633.623,1307593.0,False,484.57,628177.686
2023-09-01,2023,9,Sep,US import,699,India,613122132.0,613.122,1189378.0,False,515.5,607852.73
2023-09-01,2023,9,Sep,US import,410,South Korea,179884438.0,179.884,225013.0,False,799.44,178338.444
2023-09-01,2023,9,Sep,US import,344,Hong Kong,13676836.0,13.677,242706.0,False,56.35,13559.292
2023-09-01,2023,9,Sep,US import,392,Japan,4506511.0,4.507,7690.0,False,586.02,4467.78
2023-09-01,2023,9,Sep,US import,124,Canada,2071407.0,2.071,6619.0,False,312.95,2053.605
2023-09-01,2023,9,Sep,US import,591,Panama,1569531.0,1.57,12833.0,False,122.3,1556.042
2023-09-01,2023,9,Sep,US import,458,Malaysia,972798.0,0.973,3880.0,False,250.72,964.437
2023-09-01,2023,9,Sep,US import,764,Thailand,621975.0,0.622,773.0,False,,616.63
2023-09-01,2023,9,Sep,US import,276,Germany,350151.0,0.35,363.0,False,,347.142
2023-09-01,2023,9,Sep,US import,152,Chile,316072.0,0.316,2842.0,False,111.21,313.356
2023-09-01,2023,9,Sep,US import,784,United Arab Emirates,167401.0,0.167,3600.0,False,46.5,165.962
2023-09-01,2023,9,Sep,US import,218,Ecuador,147848.0,0.148,205.0,False,,146.577
2023-09-01,2023,9,Sep,US import,360,Indonesia,138161.0,0.138,1407.0,False,98.2,136.974
2023-09-01,2023,9,Sep,US import,76,Brazil,134367.0,0.134,959.0,False,,133.212
2023-09-01,2023,9,Sep,US import,688,Serbia,120002.0,0.12,500.0,False,,118.971
2023-09-01,2023,9,Sep,US import,528,Netherlands,95137.0,0.095,685.0,False,,94.319
2023-09-01,2023,9,Sep,US import,490,Taiwan,85384.0,0.085,332.0,False,,84.65
2023-09-01,2023,9,Sep,US import,826,United Kingdom,82212.0,0.082,380.0,False,,81.505
2023-09-01,2023,9,Sep,US import,608,Philippines,80931.0,0.081,795.0,False,,80.235
2023-09-01,2023,9,Sep,US import,484,Mexico,72496.0,0.072,435.0,False,,71.873
2023-09-01,2023,9,Sep,US import,376,Israel,69509.0,0.07,125.0,False,,68.912
2023-09-01,2023,9,Sep,US import,372,Ireland,40086.0,0.04,126.0,False,,39.741
2023-09-01,2023,9,Sep,US import,724,Spain,36638.0,0.037,97.0,False,,36.323
2023-09-01,2023,9,Sep,US import,380,Italy,33816.0,0.034,176.0,False,,33.525
2023-09-01,2023,9,Sep,US import,340,Honduras,26692.0,0.027,127.0,False,,26.463
2023-09-01,2023,9,Sep,US import,203,Czechia,11325.0,0.011,15.0,False,,11.228
2023-09-01,2023,9,Sep,US import,858,Uruguay,10507.0,0.011,18.0,False,,10.417
2023-09-01,2023,9,Sep,US import,251,France,6112.0,0.006,2.0,False,,6.059
2023-09-01,2023,9,Sep,US import,642,Romania,5663.0,0.006,7.0,False,,5.614
2023-09-01,2023,9,Sep,US import,56,Belgium,4799.0,0.005,22.0,False,,4.758
2023-09-01,2023,9,Sep,US import,616,Poland,4708.0,0.005,1.0,False,,4.668
2023-09-01,2023,9,Sep,US import,752,Sweden,4459.0,0.004,1.0,False,,4.421
2023-09-01,2023,9,Sep,US import,566,Nigeria,3825.0,0.004,12.0,False,,3.792
2023-09-01,2023,9,Sep,US import,208,Denmark,3745.0,0.004,9.0,False,,3.713
2023-09-01,2023,9,Sep,US import,268,Georgia,2666.0,0.003,5.0,False,,2.643
2023-10-01,2023,10,Oct,US import,156,China,6459692780.0,6459.693,15045378.0,False,429.35,6404175.755
2023-10-01,2023,10,Oct,US import,704,Vietnam,586942673.0,586.943,1419675.0,False,413.43,581898.267
2023-10-01,2023,10,Oct,US import,699,India,315596223.0,315.596,733316.0,False,430.37,312883.871
2023-10-01,2023,10,Oct,US import,410,South Korea,124381393.0,124.381,231304.0,False,537.74,123312.413
2023-10-01,2023,10,Oct,US import,344,Hong Kong,15166983.0,15.167,191332.0,False,79.27,15036.632
2023-10-01,2023,10,Oct,US import,392,Japan,8089644.0,8.09,30585.0,False,264.5,8020.119
2023-10-01,2023,10,Oct,US import,124,Canada,2278730.0,2.279,8905.0,False,255.89,2259.146
2023-10-01,2023,10,Oct,US import,214,Dominican Republic,1853292.0,1.853,11201.0,False,165.46,1837.364
2023-10-01,2023,10,Oct,US import,591,Panama,1554032.0,1.554,10817.0,False,143.67,1540.676
2023-10-01,2023,10,Oct,US import,458,Malaysia,1100554.0,1.101,3113.0,False,353.53,1091.095
2023-10-01,2023,10,Oct,US import,764,Thailand,739689.0,0.74,932.0,False,,733.332
2023-10-01,2023,10,Oct,US import,170,Colombia,706611.0,0.707,741.0,False,,700.538
2023-10-01,2023,10,Oct,US import,152,Chile,595765.0,0.596,5065.0,False,117.62,590.645
2023-10-01,2023,10,Oct,US import,360,Indonesia,384593.0,0.385,4550.0,False,84.53,381.288
2023-10-01,2023,10,Oct,US import,348,Hungary,340290.0,0.34,609.0,False,,337.365
2023-10-01,2023,10,Oct,US import,784,United Arab Emirates,265446.0,0.265,278.0,False,,263.165
2023-10-01,2023,10,Oct,US import,218,Ecuador,150005.0,0.15,198.0,False,,148.716
2023-10-01,2023,10,Oct,US import,528,Netherlands,107647.0,0.108,876.0,False,,106.722
2023-10-01,2023,10,Oct,US import,276,Germany,89407.0,0.089,15.0,False,,88.639
2023-10-01,2023,10,Oct,US import,608,Philippines,84446.0,0.084,855.0,False,,83.72
2023-10-01,2023,10,Oct,US import,484,Mexico,67374.0,0.067,415.0,False,,66.795
2023-10-01,2023,10,Oct,US import,76,Brazil,52778.0,0.053,624.0,False,,52.324
2023-10-01,2023,10,Oct,US import,490,Taiwan,49126.0,0.049,105.0,False,,48.704
2023-10-01,2023,10,Oct,US import,372,Ireland,33426.0,0.033,63.0,False,,33.139
2023-10-01,2023,10,Oct,US import,826,United Kingdom,31420.0,0.031,117.0,False,,31.15
2023-10-01,2023,10,Oct,US import,579,Norway,23996.0,0.024,15.0,False,,23.79
2023-10-01,2023,10,Oct,US import,442,Luxembourg,22173.0,0.022,62.0,False,,21.982
2023-10-01,2023,10,Oct,US import,380,Italy,21117.0,0.021,250.0,False,,20.936
2023-10-01,2023,10,Oct,US import,251,France,20669.0,0.021,64.0,False,,20.491
2023-10-01,2023,10,Oct,US import,757,Switzerland,17467.0,0.017,15.0,False,,17.317
2023-10-01,2023,10,Oct,US import,203,Czechia,15515.0,0.016,23.0,False,,15.382
2023-10-01,2023,10,Oct,US import,233,Estonia,12479.0,0.012,14.0,False,,12.372
2023-10-01,2023,10,Oct,US import,586,Pakistan,11969.0,0.012,100.0,False,,11.866
2023-10-01,2023,10,Oct,US import,858,Uruguay,9169.0,0.009,1.0,False,,9.09
2023-10-01,2023,10,Oct,US import,702,Singapore,6406.0,0.006,4.0,False,,6.351
2023-10-01,2023,10,Oct,US import,566,Nigeria,6087.0,0.006,38.0,False,,6.035
2023-10-01,2023,10,Oct,US import,724,Spain,5085.0,0.005,30.0,False,,5.041
2023-10-01,2023,10,Oct,US import,616,Poland,4665.0,0.005,3.0,False,,4.625
2023-10-01,2023,10,Oct,US import,642,Romania,4175.0,0.004,12.0,False,,4.139
2023-10-01,2023,10,Oct,US import,268,Georgia,4073.0,0.004,10.0,False,,4.038
2023-10-01,2023,10,Oct,US import,752,Sweden,2956.0,0.003,200.0,False,,2.931
2023-10-01,2023,10,Oct,US import,246,Finland,2366.0,0.002,2.0,False,,2.346
2023-11-01,2023,11,Nov,US import,156,China,5203720592.0,5203.721,12256823.0,False,424.56,5158997.864
2023-11-01,2023,11,Nov,US import,699,India,473686976.0,473.687,1053816.0,False,449.5,469615.932
2023-11-01,2023,11,Nov,US import,704,Vietnam,397375152.0,397.375,1011591.0,False,392.82,393959.961
2023-11-01,2023,11,Nov,US import,410,South Korea,89209180.0,89.209,246465.0,False,361.95,88442.483
2023-11-01,2023,11,Nov,US import,344,Hong Kong,10716722.0,10.717,156215.0,False,68.6,10624.618
2023-11-01,2023,11,Nov,US import,392,Japan,6105593.0,6.106,21516.0,False,283.77,6053.119
2023-11-01,2023,11,Nov,US import,591,Panama,5018131.0,5.018,26464.0,False,189.62,4975.003
2023-11-01,2023,11,Nov,US import,214,Dominican Republic,1881627.0,1.882,8295.0,False,226.84,1865.456
2023-11-01,2023,11,Nov,US import,458,Malaysia,728237.0,0.728,1764.0,False,412.83,721.978
2023-11-01,2023,11,Nov,US import,360,Indonesia,420077.0,0.42,5739.0,False,73.2,416.467
2023-11-01,2023,11,Nov,US import,124,Canada,397856.0,0.398,1816.0,False,219.08,394.437
2023-11-01,2023,11,Nov,US import,484,Mexico,191282.0,0.191,2887.0,False,66.26,189.638
2023-11-01,2023,11,Nov,US import,724,Spain,186317.0,0.186,2041.0,False,91.29,184.716
2023-11-01,2023,11,Nov,US import,826,United Kingdom,178962.0,0.179,532.0,False,,177.424
2023-11-01,2023,11,Nov,US import,764,Thailand,177150.0,0.177,238.0,False,,175.628
2023-11-01,2023,11,Nov,US import,251,France,161104.0,0.161,449.0,False,,159.719
2023-11-01,2023,11,Nov,US import,76,Brazil,146801.0,0.147,1093.0,False,134.31,145.539
2023-11-01,2023,11,Nov,US import,784,United Arab Emirates,143074.0,0.143,383.0,False,,141.844
2023-11-01,2023,11,Nov,US import,162,Christmas Isds,134861.0,0.135,2400.0,False,56.19,133.702
2023-11-01,2023,11,Nov,US import,276,Germany,85765.0,0.086,57.0,False,,85.028
2023-11-01,2023,11,Nov,US import,490,Taiwan,58212.0,0.058,197.0,False,,57.712
2023-11-01,2023,11,Nov,US import,380,Italy,56430.0,0.056,347.0,False,,55.945
2023-11-01,2023,11,Nov,US import,608,Philippines,55348.0,0.055,1291.0,False,42.87,54.872
2023-11-01,2023,11,Nov,US import,348,Hungary,45450.0,0.045,80.0,False,,45.059
2023-11-01,2023,11,Nov,US import,340,Honduras,44221.0,0.044,153.0,False,,43.841
2023-11-01,2023,11,Nov,US import,233,Estonia,43064.0,0.043,172.0,False,,42.694
2023-11-01,2023,11,Nov,US import,170,Colombia,40487.0,0.04,165.0,False,,40.139
2023-11-01,2023,11,Nov,US import,218,Ecuador,30666.0,0.031,43.0,False,,30.402
2023-11-01,2023,11,Nov,US import,703,Slovakia,22198.0,0.022,40.0,False,,22.007
2023-11-01,2023,11,Nov,US import,858,Uruguay,21418.0,0.021,4.0,False,,21.234
2023-11-01,2023,11,Nov,US import,188,Costa Rica,18269.0,0.018,28.0,False,,18.112
2023-11-01,2023,11,Nov,US import,528,Netherlands,9497.0,0.009,31.0,False,,9.415
2023-11-01,2023,11,Nov,US import,372,Ireland,8797.0,0.009,34.0,False,,8.721
2023-11-01,2023,11,Nov,US import,579,Norway,8612.0,0.009,5.0,False,,8.538
2023-11-01,2023,11,Nov,US import,442,Luxembourg,8260.0,0.008,24.0,False,,8.189
2023-11-01,2023,11,Nov,US import,757,Switzerland,8144.0,0.008,30.0,False,,8.074
2023-11-01,2023,11,Nov,US import,320,Guatemala,7922.0,0.008,1.0,False,,7.854
2023-11-01,2023,11,Nov,US import,246,Finland,7286.0,0.007,158.0,False,,7.223
2023-11-01,2023,11,Nov,US import,566,Nigeria,4552.0,0.005,1.0,False,,4.513
2023-11-01,2023,11,Nov,US import,554,New Zealand,4024.0,0.004,2.0,False,,3.989
2023-11-01,2023,11,Nov,US import,191,Croatia,3653.0,0.004,7.0,False,,3.622
2023-11-01,2023,11,Nov,US import,682,Saudi Arabia,3575.0,0.004,1.0,False,,3.544
2023-11-01,2023,11,Nov,US import,56,Belgium,3348.0,0.003,2.0,False,,3.319
2023-11-01,2023,11,Nov,US import,332,Haiti,2854.0,0.003,1.0,False,,2.829
2023-12-01,2023,12,Dec,US import,156,China,4231549858.0,4231.55,11398391.0,False,371.24,4201500.48
2023-12-01,2023,12,Dec,US import,699,India,617646773.0,617.647,1316236.0,False,469.25,613260.696
2023-12-01,2023,12,Dec,US import,704,Vietnam,139966176.0,139.966,470079.0,False,297.75,138972.238
2023-12-01,2023,12,Dec,US import,344,Hong Kong,17360250.0,17.36,232279.0,False,74.74,17236.97
2023-12-01,2023,12,Dec,US import,410,South Korea,9411467.0,9.411,22682.0,False,414.93,9344.634
2023-12-01,2023,12,Dec,US import,392,Japan,6528380.0,6.528,20404.0,False,319.96,6482.02
2023-12-01,2023,12,Dec,US import,214,Dominican Republic,3830834.0,3.831,8963.0,False,427.41,3803.63
2023-12-01,2023,12,Dec,US import,124,Canada,2162630.0,2.163,3298.0,False,655.74,2147.273
2023-12-01,2023,12,Dec,US import,360,Indonesia,737253.0,0.737,9309.0,False,79.2,732.018
2023-12-01,2023,12,Dec,US import,724,Spain,532747.0,0.533,8999.0,False,59.2,528.964
2023-12-01,2023,12,Dec,US import,458,Malaysia,493821.0,0.494,1394.0,False,354.25,490.314
2023-12-01,2023,12,Dec,US import,591,Panama,426659.0,0.427,837.0,False,,423.629
2023-12-01,2023,12,Dec,US import,490,Taiwan,251085.0,0.251,925.0,False,,249.302
2023-12-01,2023,12,Dec,US import,702,Singapore,205050.0,0.205,280.0,False,,203.594
2023-12-01,2023,12,Dec,US import,152,Chile,171892.0,0.172,1516.0,False,113.39,170.671
2023-12-01,2023,12,Dec,US import,784,United Arab Emirates,159958.0,0.16,1734.0,False,92.25,158.822
2023-12-01,2023,12,Dec,US import,246,Finland,112965.0,0.113,121.0,False,,112.163
2023-12-01,2023,12,Dec,US import,826,United Kingdom,99420.0,0.099,241.0,False,,98.714
2023-12-01,2023,12,Dec,US import,76,Brazil,73856.0,0.074,569.0,False,,73.332
2023-12-01,2023,12,Dec,US import,320,Guatemala,67550.0,0.068,510.0,False,,67.07
2023-12-01,2023,12,Dec,US import,608,Philippines,67201.0,0.067,704.0,False,,66.724
2023-12-01,2023,12,Dec,US import,276,Germany,47957.0,0.048,41.0,False,,47.616
2023-12-01,2023,12,Dec,US import,484,Mexico,47415.0,0.047,248.0,False,,47.078
2023-12-01,2023,12,Dec,US import,764,Thailand,44203.0,0.044,96.0,False,,43.889
2023-12-01,2023,12,Dec,US import,203,Czechia,41240.0,0.041,44.0,False,,40.947
2023-12-01,2023,12,Dec,US import,579,Norway,39663.0,0.04,24.0,False,,39.381
2023-12-01,2023,12,Dec,US import,528,Netherlands,30300.0,0.03,27.0,False,,30.085
2023-12-01,2023,12,Dec,US import,348,Hungary,26215.0,0.026,100.0,False,,26.029
2023-12-01,2023,12,Dec,US import,757,Switzerland,19422.0,0.019,22.0,False,,19.284
2023-12-01,2023,12,Dec,US import,858,Uruguay,19163.0,0.019,1001.0,False,19.14,19.027
2023-12-01,2023,12,Dec,US import,616,Poland,18838.0,0.019,76.0,False,,18.704
2023-12-01,2023,12,Dec,US import,376,Israel,18301.0,0.018,6.0,False,,18.171
2023-12-01,2023,12,Dec,US import,251,France,15030.0,0.015,49.0,False,,14.923
2023-12-01,2023,12,Dec,US import,56,Belgium,9522.0,0.01,27.0,False,,9.454
2023-12-01,2023,12,Dec,US import,752,Sweden,8884.0,0.009,14.0,False,,8.821
2023-12-01,2023,12,Dec,US import,36,Australia,8056.0,0.008,4.0,False,,7.999
2023-12-01,2023,12,Dec,US import,188,Costa Rica,5775.0,0.006,11.0,False,,5.734
2023-12-01,2023,12,Dec,US import,703,Slovakia,5582.0,0.006,10.0,False,,5.542
2023-12-01,2023,12,Dec,US import,233,Estonia,5451.0,0.005,16.0,False,,5.412
2023-12-01,2023,12,Dec,US import,566,Nigeria,4161.0,0.004,2.0,False,,4.131
2023-12-01,2023,12,Dec,US import,710,South Africa,2961.0,0.003,2.0,False,,2.94
2023-12-01,2023,12,Dec,US import,705,Slovenia,2331.0,0.002,6.0,False,,2.314
2024-01-01,2024,1,Jan,US import,156,China,3133450431.0,3133.45,9411726.0,False,332.93,3111198.953
2024-01-01,2024,1,Jan,US import,699,India,478967474.0,478.967,1076410.0,False,444.97,475566.197
2024-01-01,2024,1,Jan,US import,704,Vietnam,202987132.0,202.987,534608.0,False,379.69,201545.666
2024-01-01,2024,1,Jan,US import,344,Hong Kong,14650944.0,14.651,171333.0,False,85.51,14546.904
2024-01-01,2024,1,Jan,US import,410,South Korea,8370347.0,8.37,30586.0,False,273.67,8310.907
2024-01-01,2024,1,Jan,US import,392,Japan,6533346.0,6.533,28194.0,False,231.73,6486.951
2024-01-01,2024,1,Jan,US import,124,Canada,1839423.0,1.839,2563.0,False,717.68,1826.361
2024-01-01,2024,1,Jan,US import,784,United Arab Emirates,1663086.0,1.663,2887.0,False,576.06,1651.276
2024-01-01,2024,1,Jan,US import,591,Panama,1301814.0,1.302,16152.0,False,80.6,1292.569
2024-01-01,2024,1,Jan,US import,458,Malaysia,1005697.0,1.006,6761.0,False,148.75,998.555
2024-01-01,2024,1,Jan,US import,360,Indonesia,652734.0,0.653,8195.0,False,79.65,648.099
2024-01-01,2024,1,Jan,US import,764,Thailand,328253.0,0.328,380.0,False,,325.922
2024-01-01,2024,1,Jan,US import,724,Spain,224037.0,0.224,1502.0,False,149.16,222.446
2024-01-01,2024,1,Jan,US import,380,Italy,105573.0,0.106,760.0,False,,104.823
2024-01-01,2024,1,Jan,US import,604,Peru,104000.0,0.104,10000.0,False,10.4,103.261
2024-01-01,2024,1,Jan,US import,76,Brazil,102630.0,0.103,535.0,False,,101.901
2024-01-01,2024,1,Jan,US import,276,Germany,100450.0,0.1,81.0,False,,99.737
2024-01-01,2024,1,Jan,US import,826,United Kingdom,93218.0,0.093,242.0,False,,92.556
2024-01-01,2024,1,Jan,US import,484,Mexico,87629.0,0.088,537.0,False,,87.007
2024-01-01,2024,1,Jan,US import,490,Taiwan,61119.0,0.061,115.0,False,,60.685
2024-01-01,2024,1,Jan,US import,608,Philippines,60192.0,0.06,254.0,False,,59.765
2024-01-01,2024,1,Jan,US import,372,Ireland,56824.0,0.057,80.0,False,,56.42
2024-01-01,2024,1,Jan,US import,703,Slovakia,56758.0,0.057,100.0,False,,56.355
2024-01-01,2024,1,Jan,US import,528,Netherlands,49894.0,0.05,299.0,False,,49.54
2024-01-01,2024,1,Jan,US import,579,Norway,29157.0,0.029,16.0,False,,28.95
2024-01-01,2024,1,Jan,US import,40,Austria,22580.0,0.023,51.0,False,,22.42
2024-01-01,2024,1,Jan,US import,251,France,21557.0,0.022,214.0,False,,21.404
2024-01-01,2024,1,Jan,US import,757,Switzerland,16686.0,0.017,10.0,False,,16.568
2024-01-01,2024,1,Jan,US import,214,Dominican Republic,13700.0,0.014,50.0,False,,13.603
2024-01-01,2024,1,Jan,US import,203,Czechia,13579.0,0.014,35.0,False,,13.483
2024-01-01,2024,1,Jan,US import,218,Ecuador,11950.0,0.012,17.0,False,,11.865
2024-01-01,2024,1,Jan,US import,348,Hungary,10652.0,0.011,32.0,False,,10.576
2024-01-01,2024,1,Jan,US import,858,Uruguay,10471.0,0.01,100.0,False,,10.397
2024-01-01,2024,1,Jan,US import,642,Romania,6695.0,0.007,91.0,False,,6.647
2024-01-01,2024,1,Jan,US import,246,Finland,6043.0,0.006,2.0,False,,6.0
2024-01-01,2024,1,Jan,US import,36,Australia,3465.0,0.003,33.0,False,,3.44
2024-01-01,2024,1,Jan,US import,554,New Zealand,3187.0,0.003,1.0,False,,3.164
2024-02-01,2024,2,Feb,US import,156,China,2537553036.0,2537.553,7691473.0,False,329.92,2519533.187
2024-02-01,2024,2,Feb,US import,699,India,713011208.0,713.011,1492339.0,False,477.78,707947.923
2024-02-01,2024,2,Feb,US import,704,Vietnam,135739294.0,135.739,451219.0,False,300.83,134775.373
2024-02-01,2024,2,Feb,US import,344,Hong Kong,19128335.0,19.128,361669.0,False,52.89,18992.5
2024-02-01,2024,2,Feb,US import,410,South Korea,8075527.0,8.076,26867.0,False,300.57,8018.181
2024-02-01,2024,2,Feb,US import,214,Dominican Republic,4024783.0,4.025,9793.0,False,410.99,3996.202
2024-02-01,2024,2,Feb,US import,458,Malaysia,3624118.0,3.624,11564.0,False,313.4,3598.382
2024-02-01,2024,2,Feb,US import,124,Canada,2336925.0,2.337,3634.0,False,643.07,2320.33
2024-02-01,2024,2,Feb,US import,392,Japan,1777328.0,1.777,6659.0,False,266.91,1764.707
2024-02-01,2024,2,Feb,US import,591,Panama,1654768.0,1.655,14115.0,False,117.23,1643.017
2024-02-01,2024,2,Feb,US import,784,United Arab Emirates,823090.0,0.823,1371.0,False,600.36,817.245
2024-02-01,2024,2,Feb,US import,360,Indonesia,454306.0,0.454,6046.0,False,75.14,451.08
2024-02-01,2024,2,Feb,US import,608,Philippines,424626.0,0.425,1493.0,False,284.41,421.611
2024-02-01,2024,2,Feb,US import,764,Thailand,412971.0,0.413,630.0,False,,410.038
2024-02-01,2024,2,Feb,US import,380,Italy,396191.0,0.396,2340.0,False,169.31,393.378
2024-02-01,2024,2,Feb,US import,484,Mexico,326821.0,0.327,3473.0,False,94.1,324.5
2024-02-01,2024,2,Feb,US import,724,Spain,226007.0,0.226,965.0,False,,224.402
2024-02-01,2024,2,Feb,US import,276,Germany,140916.0,0.141,225.0,False,,139.915
2024-02-01,2024,2,Feb,US import,616,Poland,120217.0,0.12,2260.0,False,53.19,119.363
2024-02-01,2024,2,Feb,US import,76,Brazil,69505.0,0.07,565.0,False,,69.011
2024-02-01,2024,2,Feb,US import,642,Romania,48250.0,0.048,6.0,False,,47.907
2024-02-01,2024,2,Feb,US import,826,United Kingdom,36904.0,0.037,135.0,False,,36.642
2024-02-01,2024,2,Feb,US import,203,Czechia,32637.0,0.033,213.0,False,,32.405
2024-02-01,2024,2,Feb,US import,218,Ecuador,27705.0,0.028,34.0,False,,27.508
2024-02-01,2024,2,Feb,US import,352,Iceland,25067.0,0.025,280.0,False,,24.889
2024-02-01,2024,2,Feb,US import,757,Switzerland,24043.0,0.024,34.0,False,,23.872
2024-02-01,2024,2,Feb,US import,579,Norway,23683.0,0.024,15.0,False,,23.515
2024-02-01,2024,2,Feb,US import,490,Taiwan,14568.0,0.015,74.0,False,,14.465
2024-02-01,2024,2,Feb,US import,528,Netherlands,13465.0,0.013,52.0,False,,13.369
2024-02-01,2024,2,Feb,US import,251,France,12531.0,0.013,124.0,False,,12.442
2024-02-01,2024,2,Feb,US import,858,Uruguay,9069.0,0.009,1.0,False,,9.005
2024-02-01,2024,2,Feb,US import,208,Denmark,4912.0,0.005,4.0,False,,4.877
2024-02-01,2024,2,Feb,US import,52,Barbados,3797.0,0.004,3.0,False,,3.77
2024-02-01,2024,2,Feb,US import,792,Türkiye,3333.0,0.003,6.0,False,,3.309
2024-02-01,2024,2,Feb,US import,40,Austria,3060.0,0.003,10.0,False,,3.038
2024-03-01,2024,3,Mar,US import,156,China,2195109250.0,2195.109,6514117.0,False,336.98,2179521.187
2024-03-01,2024,3,Mar,US import,699,India,752558416.0,752.558,1548199.0,False,486.09,747214.295
2024-03-01,2024,3,Mar,US import,704,Vietnam,192518013.0,192.518,619106.0,False,310.96,191150.891
2024-03-01,2024,3,Mar,US import,344,Hong Kong,16138684.0,16.139,222574.0,False,72.51,16024.079
2024-03-01,2024,3,Mar,US import,410,South Korea,12391738.0,12.392,33573.0,False,369.1,12303.741
2024-03-01,2024,3,Mar,US import,392,Japan,4923466.0,4.923,22408.0,False,219.72,4888.503
2024-03-01,2024,3,Mar,US import,591,Panama,4498284.0,4.498,17746.0,False,253.48,4466.34
2024-03-01,2024,3,Mar,US import,458,Malaysia,3853016.0,3.853,10547.0,False,365.32,3825.655
2024-03-01,2024,3,Mar,US import,214,Dominican Republic,1428312.0,1.428,5972.0,False,239.17,1418.169
2024-03-01,2024,3,Mar,US import,124,Canada,948705.0,0.949,2031.0,False,467.11,941.968
2024-03-01,2024,3,Mar,US import,360,Indonesia,685643.0,0.686,8835.0,False,77.61,680.774
2024-03-01,2024,3,Mar,US import,608,Philippines,649139.0,0.649,1992.0,False,325.87,644.529
2024-03-01,2024,3,Mar,US import,616,Poland,595657.0,0.596,5849.0,False,101.84,591.427
2024-03-01,2024,3,Mar,US import,152,Chile,550844.0,0.551,2813.0,False,195.82,546.932
2024-03-01,2024,3,Mar,US import,826,United Kingdom,420083.0,0.42,935.0,False,,417.1
2024-03-01,2024,3,Mar,US import,724,Spain,363451.0,0.363,3388.0,False,107.28,360.87
2024-03-01,2024,3,Mar,US import,480,Mauritius,242745.0,0.243,1700.0,False,142.79,241.021
2024-03-01,2024,3,Mar,US import,276,Germany,91217.0,0.091,95.0,False,,90.569
2024-03-01,2024,3,Mar,US import,76,Brazil,58990.0,0.059,544.0,False,,58.571
2024-03-01,2024,3,Mar,US import,764,Thailand,45398.0,0.045,104.0,False,,45.076
2024-03-01,2024,3,Mar,US import,203,Czechia,43075.0,0.043,83.0,False,,42.769
2024-03-01,2024,3,Mar,US import,703,Slovakia,33827.0,0.034,63.0,False,,33.587
2024-03-01,2024,3,Mar,US import,380,Italy,31762.0,0.032,180.0,False,,31.536
2024-03-01,2024,3,Mar,US import,620,Portugal,31030.0,0.031,60.0,False,,30.81
2024-03-01,2024,3,Mar,US import,858,Uruguay,27212.0,0.027,37.0,False,,27.019
2024-03-01,2024,3,Mar,US import,376,Israel,23523.0,0.024,8.0,False,,23.356
2024-03-01,2024,3,Mar,US import,218,Ecuador,21820.0,0.022,28.0,False,,21.665
2024-03-01,2024,3,Mar,US import,490,Taiwan,21096.0,0.021,323.0,False,,20.946
2024-03-01,2024,3,Mar,US import,528,Netherlands,19962.0,0.02,81.0,False,,19.82
2024-03-01,2024,3,Mar,US import,484,Mexico,19304.0,0.019,169.0,False,,19.167
2024-03-01,2024,3,Mar,US import,251,France,14923.0,0.015,39.0,False,,14.817
2024-03-01,2024,3,Mar,US import,784,United Arab Emirates,14915.0,0.015,129.0,False,,14.809
2024-03-01,2024,3,Mar,US import,246,Finland,11903.0,0.012,10.0,False,,11.818
2024-03-01,2024,3,Mar,US import,579,Norway,9014.0,0.009,6.0,False,,8.95
2024-03-01,2024,3,Mar,US import,757,Switzerland,8535.0,0.009,13.0,False,,8.474
2024-03-01,2024,3,Mar,US import,233,Estonia,6754.0,0.007,1.0,False,,6.706
2024-03-01,2024,3,Mar,US import,100,Bulgaria,4285.0,0.004,8.0,False,,4.255
2024-03-01,2024,3,Mar,US import,752,Sweden,4016.0,0.004,1.0,False,,3.987
2024-03-01,2024,3,Mar,US import,40,Austria,3160.0,0.003,10.0,False,,3.138
2024-03-01,2024,3,Mar,US import,36,Australia,2300.0,0.002,1.0,False,,2.284
2024-04-01,2024,4,Apr,US import,156,China,2557290069.0,2557.29,7876340.0,False,324.68,2539130.062
2024-04-01,2024,4,Apr,US import,699,India,662343206.0,662.343,1345850.0,False,492.14,657639.728
2024-04-01,2024,4,Apr,US import,704,Vietnam,217169300.0,217.169,723411.0,False,300.2,215627.122
2024-04-01,2024,4,Apr,US import,344,Hong Kong,17308393.0,17.308,209708.0,False,82.54,17185.481
2024-04-01,2024,4,Apr,US import,410,South Korea,12091753.0,12.092,31676.0,False,381.73,12005.886
2024-04-01,2024,4,Apr,US import,392,Japan,6534350.0,6.534,17706.0,False,369.05,6487.948
2024-04-01,2024,4,Apr,US import,124,Canada,2875892.0,2.876,7476.0,False,384.68,2855.47
2024-04-01,2024,4,Apr,US import,591,Panama,2236073.0,2.236,12960.0,False,172.54,2220.194
2024-04-01,2024,4,Apr,US import,360,Indonesia,2188588.0,2.189,5400.0,False,405.29,2173.046
2024-04-01,2024,4,Apr,US import,528,Netherlands,1080340.0,1.08,2134.0,False,506.25,1072.668
2024-04-01,2024,4,Apr,US import,458,Malaysia,1072060.0,1.072,3838.0,False,279.33,1064.447
2024-04-01,2024,4,Apr,US import,826,United Kingdom,845683.0,0.846,2001.0,False,422.63,839.678
2024-04-01,2024,4,Apr,US import,764,Thailand,446230.0,0.446,592.0,False,,443.061
2024-04-01,2024,4,Apr,US import,480,Mauritius,324820.0,0.325,6100.0,False,53.25,322.513
2024-04-01,2024,4,Apr,US import,484,Mexico,264842.0,0.265,2792.0,False,94.86,262.961
2024-04-01,2024,4,Apr,US import,76,Brazil,264362.0,0.264,2085.0,False,126.79,262.485
2024-04-01,2024,4,Apr,US import,214,Dominican Republic,230545.0,0.231,2721.0,False,84.73,228.908
2024-04-01,2024,4,Apr,US import,784,United Arab Emirates,224963.0,0.225,430.0,False,,223.365
2024-04-01,2024,4,Apr,US import,724,Spain,131483.0,0.131,1327.0,False,99.08,130.549
2024-04-01,2024,4,Apr,US import,276,Germany,123764.0,0.124,224.0,False,,122.885
2024-04-01,2024,4,Apr,US import,616,Poland,115325.0,0.115,1500.0,False,76.88,114.506
2024-04-01,2024,4,Apr,US import,608,Philippines,64233.0,0.064,94.0,False,,63.777
2024-04-01,2024,4,Apr,US import,490,Taiwan,51491.0,0.051,491.0,False,,51.125
2024-04-01,2024,4,Apr,US import,152,Chile,43826.0,0.044,498.0,False,,43.515
2024-04-01,2024,4,Apr,US import,380,Italy,39092.0,0.039,75.0,False,,38.814
2024-04-01,2024,4,Apr,US import,100,Bulgaria,29690.0,0.03,2000.0,False,14.84,29.479
2024-04-01,2024,4,Apr,US import,251,France,22664.0,0.023,44.0,False,,22.503
2024-04-01,2024,4,Apr,US import,858,Uruguay,14172.0,0.014,16.0,False,,14.071
2024-04-01,2024,4,Apr,US import,170,Colombia,11536.0,0.012,54.0,False,,11.454
2024-04-01,2024,4,Apr,US import,757,Switzerland,8182.0,0.008,32.0,False,,8.124
2024-04-01,2024,4,Apr,US import,203,Czechia,7736.0,0.008,17.0,False,,7.681
2024-04-01,2024,4,Apr,US import,300,Greece,7699.0,0.008,1.0,False,,7.644
2024-04-01,2024,4,Apr,US import,56,Belgium,6857.0,0.007,28.0,False,,6.808
2024-04-01,2024,4,Apr,US import,703,Slovakia,5167.0,0.005,1.0,False,,5.13
2024-04-01,2024,4,Apr,US import,32,Argentina,2752.0,0.003,3.0,False,,2.732
2024-04-01,2024,4,Apr,US import,36,Australia,2400.0,0.002,2.0,False,,2.383
2024-04-01,2024,4,Apr,US import,372,Ireland,2165.0,0.002,9.0,False,,2.15
2024-05-01,2024,5,May,US import,156,China,2978396397.0,2978.396,8933480.0,False,333.4,2957246.0
2024-05-01,2024,5,May,US import,699,India,712979474.0,712.979,1469680.0,False,485.13,707916.414
2024-05-01,2024,5,May,US import,704,Vietnam,185326524.0,185.327,571758.0,False,324.13,184010.47
2024-05-01,2024,5,May,US import,344,Hong Kong,14244864.0,14.245,199429.0,False,71.43,14143.707
2024-05-01,2024,5,May,US import,458,Malaysia,10919043.0,10.919,28976.0,False,376.83,10841.504
2024-05-01,2024,5,May,US import,410,South Korea,10583246.0,10.583,38703.0,False,273.45,10508.092
2024-05-01,2024,5,May,US import,392,Japan,5123083.0,5.123,14299.0,False,358.28,5086.703
2024-05-01,2024,5,May,US import,124,Canada,2937503.0,2.938,10452.0,False,281.05,2916.643
2024-05-01,2024,5,May,US import,591,Panama,2592763.0,2.593,21245.0,False,122.04,2574.351
2024-05-01,2024,5,May,US import,360,Indonesia,2236518.0,2.237,6017.0,False,371.7,2220.636
2024-05-01,2024,5,May,US import,784,United Arab Emirates,1298470.0,1.298,5779.0,False,224.69,1289.249
2024-05-01,2024,5,May,US import,826,United Kingdom,742106.0,0.742,3619.0,False,205.06,736.836
2024-05-01,2024,5,May,US import,764,Thailand,482385.0,0.482,602.0,False,,478.959
2024-05-01,2024,5,May,US import,608,Philippines,407115.0,0.407,1108.0,False,367.43,404.224
2024-05-01,2024,5,May,US import,40,Austria,298141.0,0.298,2000.0,False,149.07,296.024
2024-05-01,2024,5,May,US import,120,Cameroon,268790.0,0.269,8640.0,False,31.11,266.881
2024-05-01,2024,5,May,US import,616,Poland,89513.0,0.09,940.0,False,,88.877
2024-05-01,2024,5,May,US import,490,Taiwan,86692.0,0.087,222.0,False,,86.076
2024-05-01,2024,5,May,US import,152,Chile,86514.0,0.087,685.0,False,,85.9
2024-05-01,2024,5,May,US import,276,Germany,54445.0,0.054,89.0,False,,54.058
2024-05-01,2024,5,May,US import,372,Ireland,51961.0,0.052,75.0,False,,51.592
2024-05-01,2024,5,May,US import,724,Spain,43567.0,0.044,415.0,False,,43.258
2024-05-01,2024,5,May,US import,484,Mexico,36345.0,0.036,315.0,False,,36.087
2024-05-01,2024,5,May,US import,376,Israel,34481.0,0.034,113.0,False,,34.236
2024-05-01,2024,5,May,US import,579,Norway,32842.0,0.033,23.0,False,,32.609
2024-05-01,2024,5,May,US import,251,France,27956.0,0.028,250.0,False,,27.757
2024-05-01,2024,5,May,US import,528,Netherlands,26960.0,0.027,8.0,False,,26.769
2024-05-01,2024,5,May,US import,36,Australia,19259.0,0.019,150.0,False,,19.122
2024-05-01,2024,5,May,US import,380,Italy,12505.0,0.013,110.0,False,,12.416
2024-05-01,2024,5,May,US import,170,Colombia,11942.0,0.012,61.0,False,,11.857
2024-05-01,2024,5,May,US import,214,Dominican Republic,11175.0,0.011,500.0,False,,11.096
2024-05-01,2024,5,May,US import,858,Uruguay,6422.0,0.006,9.0,False,,6.376
2024-05-01,2024,5,May,US import,52,Barbados,3674.0,0.004,1.0,False,,3.648
2024-06-01,2024,6,Jun,US import,156,China,2234609967.0,2234.61,7538170.0,False,296.44,2218741.398
2024-06-01,2024,6,Jun,US import,699,India,627592371.0,627.592,1295680.0,False,484.37,623135.668
2024-06-01,2024,6,Jun,US import,704,Vietnam,203977966.0,203.978,662416.0,False,307.93,202529.463
2024-06-01,2024,6,Jun,US import,410,South Korea,10105298.0,10.105,36964.0,False,273.38,10033.538
2024-06-01,2024,6,Jun,US import,458,Malaysia,9454666.0,9.455,26572.0,False,355.81,9387.526
2024-06-01,2024,6,Jun,US import,344,Hong Kong,8021340.0,8.021,108381.0,False,74.01,7964.378
2024-06-01,2024,6,Jun,US import,392,Japan,3432060.0,3.432,12490.0,False,274.78,3407.688
2024-06-01,2024,6,Jun,US import,124,Canada,2803489.0,2.803,8281.0,False,338.54,2783.581
2024-06-01,2024,6,Jun,US import,591,Panama,1950725.0,1.951,10778.0,False,180.99,1936.872
2024-06-01,2024,6,Jun,US import,826,United Kingdom,1616720.0,1.617,4099.0,False,394.42,1605.239
2024-06-01,2024,6,Jun,US import,757,Switzerland,835949.0,0.836,11917.0,False,70.15,830.013
2024-06-01,2024,6,Jun,US import,764,Thailand,470660.0,0.471,875.0,False,,467.318
2024-06-01,2024,6,Jun,US import,152,Chile,294560.0,0.295,2897.0,False,101.68,292.468
2024-06-01,2024,6,Jun,US import,784,United Arab Emirates,279346.0,0.279,2690.0,False,103.85,277.362
2024-06-01,2024,6,Jun,US import,702,Singapore,257630.0,0.258,1010.0,False,255.08,255.8
2024-06-01,2024,6,Jun,US import,388,Jamaica,221000.0,0.221,1900.0,False,116.32,219.431
2024-06-01,2024,6,Jun,US import,76,Brazil,204750.0,0.205,1552.0,False,131.93,203.296
2024-06-01,2024,6,Jun,US import,276,Germany,137298.0,0.137,265.0,False,,136.323
2024-06-01,2024,6,Jun,US import,251,France,120292.0,0.12,1200.0,False,100.24,119.438
2024-06-01,2024,6,Jun,US import,608,Philippines,117762.0,0.118,1510.0,False,77.99,116.926
2024-06-01,2024,6,Jun,US import,480,Mauritius,111908.0,0.112,1800.0,False,62.17,111.113
2024-06-01,2024,6,Jun,US import,360,Indonesia,94294.0,0.094,1400.0,False,67.35,93.624
2024-06-01,2024,6,Jun,US import,490,Taiwan,83615.0,0.084,141.0,False,,83.021
2024-06-01,2024,6,Jun,US import,214,Dominican Republic,58574.0,0.059,427.0,False,,58.158
2024-06-01,2024,6,Jun,US import,616,Poland,49752.0,0.05,600.0,False,,49.399
2024-06-01,2024,6,Jun,US import,646,Rwanda,36120.0,0.036,12.0,False,,35.864
2024-06-01,2024,6,Jun,US import,484,Mexico,33078.0,0.033,304.0,False,,32.843
2024-06-01,2024,6,Jun,US import,579,Norway,27942.0,0.028,20.0,False,,27.744
2024-06-01,2024,6,Jun,US import,528,Netherlands,20165.0,0.02,62.0,False,,20.022
2024-06-01,2024,6,Jun,US import,470,Malta,19762.0,0.02,45.0,False,,19.622
2024-06-01,2024,6,Jun,US import,380,Italy,19631.0,0.02,38.0,False,,19.492
2024-06-01,2024,6,Jun,US import,442,Luxembourg,14161.0,0.014,31.0,False,,14.06
2024-06-01,2024,6,Jun,US import,372,Ireland,13691.0,0.014,20.0,False,,13.594
2024-06-01,2024,6,Jun,US import,554,New Zealand,5843.0,0.006,20.0,False,,5.802
2024-06-01,2024,6,Jun,US import,233,Estonia,3563.0,0.004,8.0,False,,3.538
2024-06-01,2024,6,Jun,US import,203,Czechia,2473.0,0.002,5.0,False,,2.455
2024-06-01,2024,6,Jun,US import,36,Australia,2429.0,0.002,2.0,False,,2.412
2024-06-01,2024,6,Jun,US import,858,Uruguay,2281.0,0.002,4.0,False,,2.265
2024-07-01,2024,7,Jul,US import,156,China,3027279650.0,3027.28,9995390.0,False,302.87,3462331.086
2024-07-01,2024,7,Jul,US import,699,India,503690363.0,503.69,1076380.0,False,467.95,576075.884
2024-07-01,2024,7,Jul,US import,704,Vietnam,170216500.0,170.216,628156.0,False,270.98,194678.374
2024-07-01,2024,7,Jul,US import,591,Panama,8053418.0,8.053,80408.0,False,100.16,9210.778
2024-07-01,2024,7,Jul,US import,458,Malaysia,7029852.0,7.03,19238.0,False,365.41,8040.115
2024-07-01,2024,7,Jul,US import,410,South Korea,6930834.0,6.931,24957.0,False,277.71,7926.867
2024-07-01,2024,7,Jul,US import,392,Japan,6553471.0,6.553,16877.0,False,388.31,7495.273
2024-07-01,2024,7,Jul,US import,344,Hong Kong,4705471.0,4.705,54970.0,False,85.6,5381.696
2024-07-01,2024,7,Jul,US import,124,Canada,4289212.0,4.289,13491.0,False,317.93,4905.616
2024-07-01,2024,7,Jul,US import,702,Singapore,911460.0,0.911,18000.0,False,50.64,1042.446
2024-07-01,2024,7,Jul,US import,218,Ecuador,672066.0,0.672,1700.0,False,395.33,768.649
2024-07-01,2024,7,Jul,US import,826,United Kingdom,651712.0,0.652,1227.0,False,531.14,745.37
2024-07-01,2024,7,Jul,US import,757,Switzerland,637738.0,0.638,3450.0,False,184.85,729.388
2024-07-01,2024,7,Jul,US import,152,Chile,434341.0,0.434,1976.0,False,219.81,496.76
2024-07-01,2024,7,Jul,US import,784,United Arab Emirates,343788.0,0.344,857.0,False,,393.194
2024-07-01,2024,7,Jul,US import,616,Poland,180698.0,0.181,1669.0,False,108.27,206.666
2024-07-01,2024,7,Jul,US import,360,Indonesia,124301.0,0.124,1240.0,False,100.24,142.164
2024-07-01,2024,7,Jul,US import,276,Germany,121195.0,0.121,214.0,False,,138.612
2024-07-01,2024,7,Jul,US import,579,Norway,117340.0,0.117,115.0,False,,134.203
2024-07-01,2024,7,Jul,US import,490,Taiwan,101541.0,0.102,1428.0,False,71.11,116.133
2024-07-01,2024,7,Jul,US import,76,Brazil,94556.0,0.095,903.0,False,,108.145
2024-07-01,2024,7,Jul,US import,348,Hungary,76750.0,0.077,170.0,False,,87.78
2024-07-01,2024,7,Jul,US import,608,Philippines,60880.0,0.061,607.0,False,,69.629
2024-07-01,2024,7,Jul,US import,764,Thailand,38497.0,0.038,125.0,False,,44.029
2024-07-01,2024,7,Jul,US import,116,Cambodia,33390.0,0.033,908.0,False,,38.188
2024-07-01,2024,7,Jul,US import,484,Mexico,32817.0,0.033,346.0,False,,37.533
2024-07-01,2024,7,Jul,US import,724,Spain,32784.0,0.033,393.0,False,,37.495
2024-07-01,2024,7,Jul,US import,246,Finland,29638.0,0.03,50.0,False,,33.897
2024-07-01,2024,7,Jul,US import,191,Croatia,27287.0,0.027,4.0,False,,31.208
2024-07-01,2024,7,Jul,US import,528,Netherlands,18878.0,0.019,67.0,False,,21.591
2024-07-01,2024,7,Jul,US import,380,Italy,17023.0,0.017,59.0,False,,19.469
2024-07-01,2024,7,Jul,US import,376,Israel,12485.0,0.012,8.0,False,,14.279
2024-07-01,2024,7,Jul,US import,36,Australia,11843.0,0.012,82.0,False,,13.545
2024-07-01,2024,7,Jul,US import,442,Luxembourg,8343.0,0.008,26.0,False,,9.542
2024-07-01,2024,7,Jul,US import,372,Ireland,7125.0,0.007,7.0,False,,8.149
2024-07-01,2024,7,Jul,US import,233,Estonia,6244.0,0.006,1.0,False,,7.141
2024-07-01,2024,7,Jul,US import,752,Sweden,3945.0,0.004,5.0,False,,4.512
2024-07-01,2024,7,Jul,US import,214,Dominican Republic,3425.0,0.003,111.0,False,,3.917
2024-07-01,2024,7,Jul,US import,56,Belgium,3321.0,0.003,15.0,False,,3.798
2024-07-01,2024,7,Jul,US import,170,Colombia,2412.0,0.002,6.0,False,,2.759
2024-08-01,2024,8,Aug,US import,156,China,2766857787.0,2766.858,9568520.0,False,289.16,3164483.904
2024-08-01,2024,8,Aug,US import,699,India,367452527.0,367.453,901342.0,False,407.67,420259.26
2024-08-01,2024,8,Aug,US import,704,Vietnam,201154113.0,201.154,715962.0,False,280.96,230062.042
2024-08-01,2024,8,Aug,US import,344,Hong Kong,8441280.0,8.441,227865.0,False,37.05,9654.379
2024-08-01,2024,8,Aug,US import,410,South Korea,7682863.0,7.683,24732.0,False,310.64,8786.97
2024-08-01,2024,8,Aug,US import,392,Japan,7222289.0,7.222,21875.0,False,330.16,8260.207
2024-08-01,2024,8,Aug,US import,458,Malaysia,6193915.0,6.194,16075.0,False,385.31,7084.045
2024-08-01,2024,8,Aug,US import,591,Panama,3381931.0,3.382,31080.0,False,108.81,3867.95
2024-08-01,2024,8,Aug,US import,124,Canada,2809809.0,2.81,8074.0,False,348.01,3213.608
2024-08-01,2024,8,Aug,US import,784,United Arab Emirates,950467.0,0.95,2457.0,False,386.84,1087.059
2024-08-01,2024,8,Aug,US import,826,United Kingdom,854997.0,0.855,2075.0,False,412.05,977.869
2024-08-01,2024,8,Aug,US import,76,Brazil,285714.0,0.286,2059.0,False,138.76,326.774
2024-08-01,2024,8,Aug,US import,757,Switzerland,278971.0,0.279,2143.0,False,130.18,319.062
2024-08-01,2024,8,Aug,US import,276,Germany,202900.0,0.203,222.0,False,,232.059
2024-08-01,2024,8,Aug,US import,152,Chile,200002.0,0.2,2000.0,False,100.0,228.744
2024-08-01,2024,8,Aug,US import,702,Singapore,169340.0,0.169,960.0,False,,193.676
2024-08-01,2024,8,Aug,US import,724,Spain,125340.0,0.125,1000.0,False,125.34,143.353
2024-08-01,2024,8,Aug,US import,528,Netherlands,89008.0,0.089,219.0,False,,101.799
2024-08-01,2024,8,Aug,US import,490,Taiwan,81485.0,0.081,197.0,False,,93.195
2024-08-01,2024,8,Aug,US import,360,Indonesia,71978.0,0.072,1080.0,False,66.65,82.322
2024-08-01,2024,8,Aug,US import,608,Philippines,70404.0,0.07,766.0,False,,80.522
2024-08-01,2024,8,Aug,US import,764,Thailand,67332.0,0.067,128.0,False,,77.008
2024-08-01,2024,8,Aug,US import,579,Norway,51675.0,0.052,23.0,False,,59.101
2024-08-01,2024,8,Aug,US import,380,Italy,50073.0,0.05,440.0,False,,57.269
2024-08-01,2024,8,Aug,US import,372,Ireland,44732.0,0.045,69.0,False,,51.16
2024-08-01,2024,8,Aug,US import,203,Czechia,39168.0,0.039,67.0,False,,44.797
2024-08-01,2024,8,Aug,US import,214,Dominican Republic,37163.0,0.037,7.0,False,,42.504
2024-08-01,2024,8,Aug,US import,484,Mexico,36441.0,0.036,238.0,False,,41.678
2024-08-01,2024,8,Aug,US import,251,France,25239.0,0.025,672.0,False,,28.866
2024-08-01,2024,8,Aug,US import,246,Finland,19115.0,0.019,141.0,False,,21.862
2024-08-01,2024,8,Aug,US import,348,Hungary,11468.0,0.011,106.0,False,,13.116
2024-08-01,2024,8,Aug,US import,858,Uruguay,3114.0,0.003,1.0,False,,3.562
2024-08-01,2024,8,Aug,US import,710,South Africa,2689.0,0.003,2.0,False,,3.075
2024-09-01,2024,9,Sep,US import,156,China,5454514211.0,5454.514,13780900.0,False,395.8,6238384.389
2024-09-01,2024,9,Sep,US import,699,India,294337765.0,294.338,745823.0,False,394.65,336637.15
2024-09-01,2024,9,Sep,US import,704,Vietnam,186997179.0,186.997,616562.0,False,303.29,213870.61
2024-09-01,2024,9,Sep,US import,458,Malaysia,9911590.0,9.912,29997.0,False,330.42,11335.988
2024-09-01,2024,9,Sep,US import,410,South Korea,8201380.0,8.201,30212.0,False,271.46,9380.003
2024-09-01,2024,9,Sep,US import,392,Japan,7466474.0,7.466,23423.0,False,318.77,8539.484
2024-09-01,2024,9,Sep,US import,344,Hong Kong,4992148.0,4.992,67592.0,False,73.86,5709.571
2024-09-01,2024,9,Sep,US import,591,Panama,3144912.0,3.145,28882.0,False,108.89,3596.868
2024-09-01,2024,9,Sep,US import,124,Canada,1621903.0,1.622,7448.0,False,217.76,1854.987
2024-09-01,2024,9,Sep,US import,214,Dominican Republic,376384.0,0.376,2212.0,False,170.16,430.474
2024-09-01,2024,9,Sep,US import,360,Indonesia,339700.0,0.34,2715.0,False,125.12,388.518
2024-09-01,2024,9,Sep,US import,380,Italy,313561.0,0.314,1235.0,False,253.9,358.623
2024-09-01,2024,9,Sep,US import,76,Brazil,233736.0,0.234,1724.0,False,135.58,267.326
2024-09-01,2024,9,Sep,US import,826,United Kingdom,220516.0,0.221,559.0,False,,252.206
2024-09-01,2024,9,Sep,US import,702,Singapore,172968.0,0.173,366.0,False,,197.825
2024-09-01,2024,9,Sep,US import,784,United Arab Emirates,163691.0,0.164,1651.0,False,99.15,187.215
2024-09-01,2024,9,Sep,US import,152,Chile,158204.0,0.158,1580.0,False,100.13,180.94
2024-09-01,2024,9,Sep,US import,484,Mexico,122094.0,0.122,710.0,False,,139.64
2024-09-01,2024,9,Sep,US import,490,Taiwan,97950.0,0.098,386.0,False,,112.026
2024-09-01,2024,9,Sep,US import,251,France,94092.0,0.094,332.0,False,,107.614
2024-09-01,2024,9,Sep,US import,276,Germany,92297.0,0.092,102.0,False,,105.561
2024-09-01,2024,9,Sep,US import,764,Thailand,84041.0,0.084,122.0,False,,96.119
2024-09-01,2024,9,Sep,US import,724,Spain,79909.0,0.08,579.0,False,,91.393
2024-09-01,2024,9,Sep,US import,36,Australia,43851.0,0.044,337.0,False,,50.153
2024-09-01,2024,9,Sep,US import,608,Philippines,42673.0,0.043,426.0,False,,48.806
2024-09-01,2024,9,Sep,US import,372,Ireland,37951.0,0.038,78.0,False,,43.405
2024-09-01,2024,9,Sep,US import,218,Ecuador,30435.0,0.03,38.0,False,,34.809
2024-09-01,2024,9,Sep,US import,752,Sweden,25676.0,0.026,34.0,False,,29.366
2024-09-01,2024,9,Sep,US import,616,Poland,23667.0,0.024,412.0,False,,27.068
2024-09-01,2024,9,Sep,US import,32,Argentina,19667.0,0.02,111.0,False,,22.493
2024-09-01,2024,9,Sep,US import,376,Israel,18500.0,0.018,6.0,False,,21.159
2024-09-01,2024,9,Sep,US import,246,Finland,18365.0,0.018,10.0,False,,21.004
2024-09-01,2024,9,Sep,US import,442,Luxembourg,11314.0,0.011,39.0,False,,12.94
2024-09-01,2024,9,Sep,US import,528,Netherlands,8754.0,0.009,17.0,False,,10.012
2024-09-01,2024,9,Sep,US import,579,Norway,2894.0,0.003,1.0,False,,3.31
2024-09-01,2024,9,Sep,US import,757,Switzerland,2891.0,0.003,2.0,False,,3.306
2024-09-01,2024,9,Sep,US import,56,Belgium,2769.0,0.003,12.0,False,,3.167
2024-09-01,2024,9,Sep,US import,858,Uruguay,2281.0,0.002,3.0,False,,2.609
2024-10-01,2024,10,Oct,US import,156,China,6338775237.0,6338.775,14661700.0,False,432.34,7249722.882
2024-10-01,2024,10,Oct,US import,699,India,435796636.0,435.797,1062640.0,False,410.11,498425.126
2024-10-01,2024,10,Oct,US import,704,Vietnam,176458827.0,176.459,584695.0,False,301.8,201817.788
2024-10-01,2024,10,Oct,US import,344,Hong Kong,13175871.0,13.176,167202.0,False,78.8,15069.38
2024-10-01,2024,10,Oct,US import,458,Malaysia,11815916.0,11.816,34378.0,False,343.71,13513.985
2024-10-01,2024,10,Oct,US import,410,South Korea,11443470.0,11.443,36102.0,False,316.98,13088.015
2024-10-01,2024,10,Oct,US import,392,Japan,5453739.0,5.454,13650.0,False,399.54,6237.498
2024-10-01,2024,10,Oct,US import,591,Panama,4289418.0,4.289,15747.0,False,272.4,4905.852
2024-10-01,2024,10,Oct,US import,784,United Arab Emirates,1354276.0,1.354,3783.0,False,357.99,1548.899
2024-10-01,2024,10,Oct,US import,124,Canada,792218.0,0.792,2333.0,False,339.57,906.068
2024-10-01,2024,10,Oct,US import,826,United Kingdom,563376.0,0.563,1494.0,False,377.09,644.339
2024-10-01,2024,10,Oct,US import,76,Brazil,389854.0,0.39,2349.0,False,165.97,445.88
2024-10-01,2024,10,Oct,US import,152,Chile,353378.0,0.353,3006.0,False,117.56,404.162
2024-10-01,2024,10,Oct,US import,616,Poland,340588.0,0.341,1893.0,False,179.92,389.534
2024-10-01,2024,10,Oct,US import,380,Italy,223914.0,0.224,381.0,False,,256.093
2024-10-01,2024,10,Oct,US import,276,Germany,217081.0,0.217,174.0,False,,248.278
2024-10-01,2024,10,Oct,US import,764,Thailand,114606.0,0.115,184.0,False,,131.076
2024-10-01,2024,10,Oct,US import,724,Spain,103102.0,0.103,168.0,False,,117.919
2024-10-01,2024,10,Oct,US import,528,Netherlands,93201.0,0.093,85.0,False,,106.595
2024-10-01,2024,10,Oct,US import,251,France,68107.0,0.068,90.0,False,,77.895
2024-10-01,2024,10,Oct,US import,608,Philippines,60037.0,0.06,518.0,False,,68.665
2024-10-01,2024,10,Oct,US import,203,Czechia,55926.0,0.056,50.0,False,,63.963
2024-10-01,2024,10,Oct,US import,490,Taiwan,43208.0,0.043,239.0,False,,49.417
2024-10-01,2024,10,Oct,US import,484,Mexico,37927.0,0.038,313.0,False,,43.378
2024-10-01,2024,10,Oct,US import,372,Ireland,36794.0,0.037,93.0,False,,42.082
2024-10-01,2024,10,Oct,US import,208,Denmark,15966.0,0.016,12.0,False,,18.26
2024-10-01,2024,10,Oct,US import,442,Luxembourg,14278.0,0.014,47.0,False,,16.33
2024-10-01,2024,10,Oct,US import,258,French Polynesia,8259.0,0.008,54.0,False,,9.446
2024-10-01,2024,10,Oct,US import,757,Switzerland,5859.0,0.006,20.0,False,,6.701
2024-10-01,2024,10,Oct,US import,170,Colombia,5300.0,0.005,28.0,False,,6.062
2024-10-01,2024,10,Oct,US import,752,Sweden,4378.0,0.004,1.0,False,,5.007
2024-10-01,2024,10,Oct,US import,710,South Africa,4194.0,0.004,527.0,False,,4.797
2024-10-01,2024,10,Oct,US import,579,Norway,4132.0,0.004,1.0,False,,4.726
2024-10-01,2024,10,Oct,US import,858,Uruguay,3705.0,0.004,6.0,False,,4.237
2024-10-01,2024,10,Oct,US import,56,Belgium,2947.0,0.003,13.0,False,,3.371
2024-10-01,2024,10,Oct,US import,268,Georgia,2587.0,0.003,6.0,False,,2.959
2024-10-01,2024,10,Oct,US import,792,Türkiye,2580.0,0.003,2.0,False,,2.951
2024-11-01,2024,11,Nov,US import,156,China,4793123093.0,4793.123,11523700.0,False,415.94,5481944.519
2024-11-01,2024,11,Nov,US import,699,India,525742640.0,525.743,1196550.0,False,439.38,601297.302
2024-11-01,2024,11,Nov,US import,704,Vietnam,174877054.0,174.877,624038.0,False,280.23,200008.698
2024-11-01,2024,11,Nov,US import,458,Malaysia,13723331.0,13.723,34067.0,False,402.83,15695.516
2024-11-01,2024,11,Nov,US import,344,Hong Kong,13603003.0,13.603,173703.0,False,78.31,15557.895
2024-11-01,2024,11,Nov,US import,410,South Korea,7318524.0,7.319,21945.0,False,333.49,8370.272
2024-11-01,2024,11,Nov,US import,591,Panama,4676189.0,4.676,38390.0,False,121.81,5348.206
2024-11-01,2024,11,Nov,US import,392,Japan,4294077.0,4.294,20519.0,False,209.27,4911.18
2024-11-01,2024,11,Nov,US import,124,Canada,1435491.0,1.435,5714.0,False,251.22,1641.786
2024-11-01,2024,11,Nov,US import,784,United Arab Emirates,1023691.0,1.024,5358.0,False,191.06,1170.806
2024-11-01,2024,11,Nov,US import,76,Brazil,425633.0,0.426,2115.0,False,201.24,486.801
2024-11-01,2024,11,Nov,US import,764,Thailand,424615.0,0.425,555.0,False,,485.637
2024-11-01,2024,11,Nov,US import,826,United Kingdom,321504.0,0.322,3019.0,False,106.49,367.707
2024-11-01,2024,11,Nov,US import,380,Italy,253951.0,0.254,2721.0,False,93.33,290.446
2024-11-01,2024,11,Nov,US import,490,Taiwan,141483.0,0.141,683.0,False,,161.816
2024-11-01,2024,11,Nov,US import,616,Poland,140302.0,0.14,390.0,False,,160.465
2024-11-01,2024,11,Nov,US import,528,Netherlands,107493.0,0.107,329.0,False,,122.941
2024-11-01,2024,11,Nov,US import,724,Spain,107153.0,0.107,541.0,False,,122.552
2024-11-01,2024,11,Nov,US import,251,France,66733.0,0.067,280.0,False,,76.323
2024-11-01,2024,11,Nov,US import,276,Germany,66133.0,0.066,103.0,False,,75.637
2024-11-01,2024,11,Nov,US import,484,Mexico,50575.0,0.051,287.0,False,,57.843
2024-11-01,2024,11,Nov,US import,222,El Salvador,37597.0,0.038,130.0,False,,43.0
2024-11-01,2024,11,Nov,US import,203,Czechia,26793.0,0.027,23.0,False,,30.643
2024-11-01,2024,11,Nov,US import,608,Philippines,25871.0,0.026,227.0,False,,29.589
2024-11-01,2024,11,Nov,US import,360,Indonesia,23871.0,0.024,311.0,False,,27.302
2024-11-01,2024,11,Nov,US import,757,Switzerland,19589.0,0.02,20.0,False,,22.404
2024-11-01,2024,11,Nov,US import,32,Argentina,8011.0,0.008,32.0,False,,9.162
2024-11-01,2024,11,Nov,US import,442,Luxembourg,7198.0,0.007,21.0,False,,8.232
2024-11-01,2024,11,Nov,US import,372,Ireland,5450.0,0.005,20.0,False,,6.233
2024-11-01,2024,11,Nov,US import,246,Finland,4921.0,0.005,2.0,False,,5.628
2024-11-01,2024,11,Nov,US import,56,Belgium,2906.0,0.003,13.0,False,,3.324
2024-11-01,2024,11,Nov,US import,446,Macao,2689.0,0.003,2.0,False,,3.075
2024-11-01,2024,11,Nov,US import,440,Lithuania,2360.0,0.002,13.0,False,,2.699
2024-12-01,2024,12,Dec,US import,156,China,3716317039.0,3716.317,10163000.0,False,365.67,4250390.283
2024-12-01,2024,12,Dec,US import,699,India,966840103.0,966.84,1912150.0,False,505.63,1105785.038
2024-12-01,2024,12,Dec,US import,704,Vietnam,131674919.0,131.675,471549.0,False,279.24,150597.968
2024-12-01,2024,12,Dec,US import,458,Malaysia,16403177.0,16.403,41311.0,False,397.07,18760.483
2024-12-01,2024,12,Dec,US import,344,Hong Kong,16122726.0,16.123,210758.0,False,76.5,18439.729
2024-12-01,2024,12,Dec,US import,392,Japan,10631842.0,10.632,39291.0,False,270.59,12159.748
2024-12-01,2024,12,Dec,US import,410,South Korea,5247590.0,5.248,14095.0,False,372.3,6001.723
2024-12-01,2024,12,Dec,US import,784,United Arab Emirates,2364946.0,2.365,12494.0,False,189.29,2704.813
2024-12-01,2024,12,Dec,US import,591,Panama,2316615.0,2.317,12454.0,False,186.01,2649.537
2024-12-01,2024,12,Dec,US import,124,Canada,1644037.0,1.644,4520.0,False,363.72,1880.302
2024-12-01,2024,12,Dec,US import,360,Indonesia,993408.0,0.993,2400.0,False,413.92,1136.171
2024-12-01,2024,12,Dec,US import,76,Brazil,610854.0,0.611,4231.0,False,144.38,698.64
2024-12-01,2024,12,Dec,US import,490,Taiwan,544029.0,0.544,2095.0,False,259.68,622.212
2024-12-01,2024,12,Dec,US import,616,Poland,380189.0,0.38,3356.0,False,113.29,434.826
2024-12-01,2024,12,Dec,US import,826,United Kingdom,359061.0,0.359,908.0,False,,410.662
2024-12-01,2024,12,Dec,US import,764,Thailand,306743.0,0.307,259.0,False,,350.825
2024-12-01,2024,12,Dec,US import,276,Germany,216972.0,0.217,190.0,False,,248.153
2024-12-01,2024,12,Dec,US import,528,Netherlands,124788.0,0.125,27.0,False,,142.721
2024-12-01,2024,12,Dec,US import,372,Ireland,118289.0,0.118,316.0,False,,135.288
2024-12-01,2024,12,Dec,US import,152,Chile,105302.0,0.105,234.0,False,,120.435
2024-12-01,2024,12,Dec,US import,246,Finland,89340.0,0.089,50.0,False,,102.179
2024-12-01,2024,12,Dec,US import,36,Australia,69314.0,0.069,1396.0,False,49.65,79.275
2024-12-01,2024,12,Dec,US import,348,Hungary,56246.0,0.056,170.0,False,,64.329
2024-12-01,2024,12,Dec,US import,858,Uruguay,20257.0,0.02,17.0,False,,23.168
2024-12-01,2024,12,Dec,US import,120,Cameroon,18680.0,0.019,60.0,False,,21.365
2024-12-01,2024,12,Dec,US import,203,Czechia,15353.0,0.015,32.0,False,,17.559
2024-12-01,2024,12,Dec,US import,251,France,12186.0,0.012,25.0,False,,13.937
2024-12-01,2024,12,Dec,US import,608,Philippines,11737.0,0.012,120.0,False,,13.424
2024-12-01,2024,12,Dec,US import,703,Slovakia,11300.0,0.011,355.0,False,,12.924
2024-12-01,2024,12,Dec,US import,484,Mexico,11090.0,0.011,74.0,False,,12.684
2024-12-01,2024,12,Dec,US import,702,Singapore,9943.0,0.01,6.0,False,,11.372
2024-12-01,2024,12,Dec,US import,442,Luxembourg,6601.0,0.007,24.0,False,,7.55
2024-12-01,2024,12,Dec,US import,724,Spain,5259.0,0.005,9.0,False,,6.015
2024-12-01,2024,12,Dec,US import,818,Egypt,3203.0,0.003,4.0,False,,3.663
2024-12-01,2024,12,Dec,US import,380,Italy,2848.0,0.003,10.0,False,,3.257
2025-01-01,2025,1,Jan,US import,156,China,3558118784.0,3558.119,10079800.0,False,352.99,4069457.301
2025-01-01,2025,1,Jan,US import,699,India,1338170834.0,1338.171,2699070.0,False,495.79,1530479.841
2025-01-01,2025,1,Jan,US import,704,Vietnam,381418138.0,381.418,1111070.0,False,343.29,436231.874
2025-01-01,2025,1,Jan,US import,458,Malaysia,16691994.0,16.692,49957.0,False,334.13,19090.806
2025-01-01,2025,1,Jan,US import,344,Hong Kong,8612688.0,8.613,96698.0,False,89.07,9850.42
2025-01-01,2025,1,Jan,US import,410,South Korea,6414586.0,6.415,23428.0,False,273.8,7336.428
2025-01-01,2025,1,Jan,US import,591,Panama,3803110.0,3.803,19442.0,False,195.61,4349.656
2025-01-01,2025,1,Jan,US import,360,Indonesia,3157598.0,3.158,7630.0,False,413.84,3611.378
2025-01-01,2025,1,Jan,US import,392,Japan,1867391.0,1.867,3441.0,False,542.69,2135.754
2025-01-01,2025,1,Jan,US import,124,Canada,833084.0,0.833,1878.0,False,443.6,952.807
2025-01-01,2025,1,Jan,US import,764,Thailand,268184.0,0.268,237.0,False,,306.725
2025-01-01,2025,1,Jan,US import,702,Singapore,243274.0,0.243,998.0,False,,278.235
2025-01-01,2025,1,Jan,US import,724,Spain,212145.0,0.212,444.0,False,,242.632
2025-01-01,2025,1,Jan,US import,251,France,183640.0,0.184,2027.0,False,90.6,210.031
2025-01-01,2025,1,Jan,US import,76,Brazil,156351.0,0.156,1303.0,False,119.99,178.82
2025-01-01,2025,1,Jan,US import,616,Poland,150468.0,0.15,750.0,False,,172.092
2025-01-01,2025,1,Jan,US import,490,Taiwan,132117.0,0.132,433.0,False,,151.104
2025-01-01,2025,1,Jan,US import,826,United Kingdom,90380.0,0.09,336.0,False,,103.369
2025-01-01,2025,1,Jan,US import,276,Germany,61760.0,0.062,64.0,False,,70.636
2025-01-01,2025,1,Jan,US import,484,Mexico,47299.0,0.047,378.0,False,,54.096
2025-01-01,2025,1,Jan,US import,348,Hungary,36001.0,0.036,80.0,False,,41.175
2025-01-01,2025,1,Jan,US import,620,Portugal,25326.0,0.025,240.0,False,,28.966
2025-01-01,2025,1,Jan,US import,218,Ecuador,23511.0,0.024,32.0,False,,26.89
2025-01-01,2025,1,Jan,US import,784,United Arab Emirates,21750.0,0.022,211.0,False,,24.876
2025-01-01,2025,1,Jan,US import,372,Ireland,21646.0,0.022,48.0,False,,24.757
2025-01-01,2025,1,Jan,US import,528,Netherlands,20171.0,0.02,44.0,False,,23.07
2025-01-01,2025,1,Jan,US import,608,Philippines,20000.0,0.02,176.0,False,,22.874
2025-01-01,2025,1,Jan,US import,858,Uruguay,17479.0,0.017,1001.0,False,17.46,19.991
2025-01-01,2025,1,Jan,US import,579,Norway,11490.0,0.011,8.0,False,,13.141
2025-01-01,2025,1,Jan,US import,757,Switzerland,9733.0,0.01,75.0,False,,11.132
2025-01-01,2025,1,Jan,US import,246,Finland,3761.0,0.004,4.0,False,,4.301
2025-01-01,2025,1,Jan,US import,214,Dominican Republic,2940.0,0.003,195.0,False,,3.363
2025-01-01,2025,1,Jan,US import,242,Fiji,2825.0,0.003,1.0,False,,3.231
2025-01-01,2025,1,Jan,US import,554,New Zealand,2256.0,0.002,2.0,False,,2.58
2025-01-01,2025,1,Jan,US import,780,Trinidad and Tobago,2084.0,0.002,20.0,False,,2.383
2025-02-01,2025,2,Feb,US import,156,China,2595005348.0,2595.005,6509020.0,False,398.68,2967934.49
2025-02-01,2025,2,Feb,US import,699,India,1740312669.0,1740.313,3520270.0,False,494.37,1990413.622
2025-02-01,2025,2,Feb,US import,704,Vietnam,704982189.0,704.982,1854990.0,False,380.05,806295.43
2025-02-01,2025,2,Feb,US import,410,South Korea,6890742.0,6.891,18585.0,False,370.77,7881.013
2025-02-01,2025,2,Feb,US import,344,Hong Kong,3795580.0,3.796,51060.0,False,74.34,4341.044
2025-02-01,2025,2,Feb,US import,591,Panama,3696838.0,3.697,10873.0,False,340.0,4228.112
2025-02-01,2025,2,Feb,US import,458,Malaysia,3559321.0,3.559,9086.0,False,391.74,4070.832
2025-02-01,2025,2,Feb,US import,392,Japan,2499139.0,2.499,11064.0,False,225.88,2858.291
2025-02-01,2025,2,Feb,US import,124,Canada,1306944.0,1.307,5047.0,False,258.95,1494.765
2025-02-01,2025,2,Feb,US import,784,United Arab Emirates,713416.0,0.713,6845.0,False,104.22,815.941
2025-02-01,2025,2,Feb,US import,360,Indonesia,606412.0,0.606,6900.0,False,87.89,693.56
2025-02-01,2025,2,Feb,US import,826,United Kingdom,545610.0,0.546,793.0,False,,624.02
2025-02-01,2025,2,Feb,US import,764,Thailand,348142.0,0.348,283.0,False,,398.174
2025-02-01,2025,2,Feb,US import,36,Australia,273729.0,0.274,1661.0,False,164.8,313.067
2025-02-01,2025,2,Feb,US import,724,Spain,271326.0,0.271,570.0,False,,310.318
2025-02-01,2025,2,Feb,US import,276,Germany,213799.0,0.214,419.0,False,,244.524
2025-02-01,2025,2,Feb,US import,490,Taiwan,201440.0,0.201,724.0,False,,230.389
2025-02-01,2025,2,Feb,US import,76,Brazil,113656.0,0.114,1260.0,False,90.2,129.99
2025-02-01,2025,2,Feb,US import,616,Poland,110482.0,0.11,100.0,False,,126.359
2025-02-01,2025,2,Feb,US import,608,Philippines,62990.0,0.063,289.0,False,,72.042
2025-02-01,2025,2,Feb,US import,528,Netherlands,53721.0,0.054,118.0,False,,61.441
2025-02-01,2025,2,Feb,US import,702,Singapore,53494.0,0.053,300.0,False,,61.182
2025-02-01,2025,2,Feb,US import,372,Ireland,43724.0,0.044,96.0,False,,50.008
2025-02-01,2025,2,Feb,US import,218,Ecuador,31889.0,0.032,42.0,False,,36.472
2025-02-01,2025,2,Feb,US import,484,Mexico,14680.0,0.015,108.0,False,,16.79
2025-02-01,2025,2,Feb,US import,858,Uruguay,12202.0,0.012,1000.0,False,12.2,13.956
2025-02-01,2025,2,Feb,US import,251,France,11563.0,0.012,76.0,False,,13.225
2025-02-01,2025,2,Feb,US import,376,Israel,9650.0,0.01,200.0,False,,11.037
2025-02-01,2025,2,Feb,US import,40,Austria,9525.0,0.01,1.0,False,,10.894
2025-02-01,2025,2,Feb,US import,440,Lithuania,9058.0,0.009,10.0,False,,10.36
2025-02-01,2025,2,Feb,US import,620,Portugal,7462.0,0.007,6.0,False,,8.534
2025-02-01,2025,2,Feb,US import,757,Switzerland,7438.0,0.007,28.0,False,,8.507
2025-02-01,2025,2,Feb,US import,214,Dominican Republic,6140.0,0.006,240.0,False,,7.022
2025-02-01,2025,2,Feb,US import,380,Italy,5963.0,0.006,1.0,False,,6.82
2025-02-01,2025,2,Feb,US import,56,Belgium,3190.0,0.003,4.0,False,,3.648
2025-03-01,2025,3,Mar,US import,156,China,3001933280.0,3001.933,7383000.0,False,406.6,3433342.18
2025-03-01,2025,3,Mar,US import,699,India,2357521603.0,2357.522,5449640.0,False,432.6,2696321.872
2025-03-01,2025,3,Mar,US import,704,Vietnam,459459697.0,459.46,1613860.0,False,284.7,525488.814
2025-03-01,2025,3,Mar,US import,344,Hong Kong,7031568.0,7.032,87800.0,False,80.09,8042.077
2025-03-01,2025,3,Mar,US import,458,Malaysia,6883589.0,6.884,16801.0,False,409.71,7872.832
2025-03-01,2025,3,Mar,US import,410,South Korea,6552984.0,6.553,16897.0,False,387.82,7494.716
2025-03-01,2025,3,Mar,US import,392,Japan,5306571.0,5.307,14630.0,False,362.72,6069.18
2025-03-01,2025,3,Mar,US import,591,Panama,1858586.0,1.859,13480.0,False,137.88,2125.684
2025-03-01,2025,3,Mar,US import,360,Indonesia,1677047.0,1.677,16016.0,False,104.71,1918.056
2025-03-01,2025,3,Mar,US import,124,Canada,343406.0,0.343,1031.0,False,333.08,392.757
2025-03-01,2025,3,Mar,US import,764,Thailand,315280.0,0.315,408.0,False,,360.589
2025-03-01,2025,3,Mar,US import,784,United Arab Emirates,271170.0,0.271,3219.0,False,84.24,310.14
2025-03-01,2025,3,Mar,US import,724,Spain,244973.0,0.245,486.0,False,,280.178
2025-03-01,2025,3,Mar,US import,470,Malta,148860.0,0.149,400.0,False,,170.253
2025-03-01,2025,3,Mar,US import,276,Germany,116874.0,0.117,101.0,False,,133.67
2025-03-01,2025,3,Mar,US import,490,Taiwan,79272.0,0.079,401.0,False,,90.664
2025-03-01,2025,3,Mar,US import,76,Brazil,61438.0,0.061,583.0,False,,70.267
2025-03-01,2025,3,Mar,US import,860,Uzbekistan,44555.0,0.045,144.0,False,,50.958
2025-03-01,2025,3,Mar,US import,484,Mexico,30517.0,0.031,279.0,False,,34.903
2025-03-01,2025,3,Mar,US import,608,Philippines,30203.0,0.03,235.0,False,,34.543
2025-03-01,2025,3,Mar,US import,36,Australia,26301.0,0.026,239.0,False,,30.081
2025-03-01,2025,3,Mar,US import,858,Uruguay,26097.0,0.026,32.0,False,,29.847
2025-03-01,2025,3,Mar,US import,528,Netherlands,22782.0,0.023,78.0,False,,26.056
2025-03-01,2025,3,Mar,US import,376,Israel,19826.0,0.02,200.0,False,,22.675
2025-03-01,2025,3,Mar,US import,579,Norway,13357.0,0.013,5.0,False,,15.277
2025-03-01,2025,3,Mar,US import,826,United Kingdom,9494.0,0.009,2.0,False,,10.858
2025-03-01,2025,3,Mar,US import,251,France,7836.0,0.008,9.0,False,,8.962
2025-03-01,2025,3,Mar,US import,116,Cambodia,4950.0,0.005,50.0,False,,5.661
2025-03-01,2025,3,Mar,US import,752,Sweden,3442.0,0.003,2.0,False,,3.937
2025-03-01,2025,3,Mar,US import,203,Czechia,3393.0,0.003,11.0,False,,3.881
2025-04-01,2025,4,Apr,US import,699,India,1777235460.0,1777.235,4277230.0,False,415.51,2032642.6
2025-04-01,2025,4,Apr,US import,156,China,836535771.0,836.536,3119900.0,False,268.13,956754.624
2025-04-01,2025,4,Apr,US import,704,Vietnam,433703783.0,433.704,1371870.0,False,316.14,496031.508
2025-04-01,2025,4,Apr,US import,410,South Korea,19910322.0,19.91,38304.0,False,519.8,22771.641
2025-04-01,2025,4,Apr,US import,458,Malaysia,5338838.0,5.339,14409.0,False,370.52,6106.084
2025-04-01,2025,4,Apr,US import,360,Indonesia,4682665.0,4.683,54270.0,False,86.28,5355.612
2025-04-01,2025,4,Apr,US import,344,Hong Kong,3190819.0,3.191,34071.0,False,93.65,3649.373
2025-04-01,2025,4,Apr,US import,392,Japan,1256939.0,1.257,2506.0,False,501.57,1437.574
2025-04-01,2025,4,Apr,US import,757,Switzerland,631663.0,0.632,4460.0,False,141.63,722.44
2025-04-01,2025,4,Apr,US import,380,Italy,524012.0,0.524,4200.0,False,124.76,599.318
2025-04-01,2025,4,Apr,US import,484,Mexico,383790.0,0.384,2648.0,False,144.94,438.945
2025-04-01,2025,4,Apr,US import,784,United Arab Emirates,236300.0,0.236,3807.0,False,62.07,270.259
2025-04-01,2025,4,Apr,US import,276,Germany,220370.0,0.22,248.0,False,,252.039
2025-04-01,2025,4,Apr,US import,764,Thailand,220151.0,0.22,238.0,False,,251.789
2025-04-01,2025,4,Apr,US import,490,Taiwan,201459.0,0.201,2093.0,False,96.25,230.411
2025-04-01,2025,4,Apr,US import,124,Canada,182177.0,0.182,504.0,False,,208.358
2025-04-01,2025,4,Apr,US import,528,Netherlands,133581.0,0.134,37.0,False,,152.778
2025-04-01,2025,4,Apr,US import,218,Ecuador,42986.0,0.043,32.0,False,,49.164
2025-04-01,2025,4,Apr,US import,608,Philippines,42683.0,0.043,398.0,False,,48.817
2025-04-01,2025,4,Apr,US import,826,United Kingdom,28603.0,0.029,101.0,False,,32.714
2025-04-01,2025,4,Apr,US import,579,Norway,17851.0,0.018,9.0,False,,20.416
2025-04-01,2025,4,Apr,US import,251,France,15926.0,0.016,13.0,False,,18.215
2025-04-01,2025,4,Apr,US import,616,Poland,11601.0,0.012,100.0,False,,13.268
2025-04-01,2025,4,Apr,US import,376,Israel,8417.0,0.008,100.0,False,,9.627
2025-04-01,2025,4,Apr,US import,32,Argentina,2519.0,0.003,5.0,False,,2.881
2025-04-01,2025,4,Apr,US import,858,Uruguay,2177.0,0.002,2.0,False,,2.49
2025-05-01,2025,5,May,US import,699,India,2133550081.0,2133.55,5339120.0,False,399.61,2440163.322
2025-05-01,2025,5,May,US import,704,Vietnam,553352980.0,553.353,2321050.0,False,238.41,632875.534
2025-05-01,2025,5,May,US import,156,China,526313556.0,526.314,2268470.0,False,232.01,601950.264
2025-05-01,2025,5,May,US import,410,South Korea,30934977.0,30.935,50958.0,False,607.07,35380.654
2025-05-01,2025,5,May,US import,360,Indonesia,10631033.0,10.631,148075.0,False,71.79,12158.823
2025-05-01,2025,5,May,US import,458,Malaysia,7882127.0,7.882,22157.0,False,355.74,9014.87
2025-05-01,2025,5,May,US import,344,Hong Kong,4742592.0,4.743,49852.0,False,95.13,5424.152
2025-05-01,2025,5,May,US import,392,Japan,1911916.0,1.912,8817.0,False,216.84,2186.678
2025-05-01,2025,5,May,US import,784,United Arab Emirates,1035840.0,1.036,6662.0,False,155.48,1184.701
2025-05-01,2025,5,May,US import,702,Singapore,413544.0,0.414,8990.0,False,46.0,472.975
2025-05-01,2025,5,May,US import,484,Mexico,342211.0,0.342,4099.0,False,83.49,391.39
2025-05-01,2025,5,May,US import,490,Taiwan,253968.0,0.254,2368.0,False,107.25,290.466
2025-05-01,2025,5,May,US import,152,Chile,237964.0,0.238,2039.0,False,116.71,272.162
2025-05-01,2025,5,May,US import,764,Thailand,151347.0,0.151,225.0,False,,173.097
2025-05-01,2025,5,May,US import,591,Panama,105921.0,0.106,1000.0,False,105.92,121.143
2025-05-01,2025,5,May,US import,124,Canada,105231.0,0.105,1278.0,False,82.34,120.354
2025-05-01,2025,5,May,US import,36,Australia,105001.0,0.105,1623.0,False,64.7,120.091
2025-05-01,2025,5,May,US import,608,Philippines,99759.0,0.1,736.0,False,,114.095
2025-05-01,2025,5,May,US import,826,United Kingdom,64371.0,0.064,83.0,False,,73.622
2025-05-01,2025,5,May,US import,616,Poland,63339.0,0.063,60.0,False,,72.441
2025-05-01,2025,5,May,US import,276,Germany,44233.0,0.044,59.0,False,,50.59
2025-05-01,2025,5,May,US import,188,Costa Rica,32502.0,0.033,678.0,False,,37.173
2025-05-01,2025,5,May,US import,246,Finland,32021.0,0.032,44.0,False,,36.623
2025-05-01,2025,5,May,US import,372,Ireland,24796.0,0.025,30.0,False,,28.359
2025-05-01,2025,5,May,US import,858,Uruguay,19067.0,0.019,23.0,False,,21.807
2025-05-01,2025,5,May,US import,376,Israel,17775.0,0.018,300.0,False,,20.329
2025-05-01,2025,5,May,US import,757,Switzerland,13483.0,0.013,10.0,False,,15.421
2025-05-01,2025,5,May,US import,528,Netherlands,13127.0,0.013,23.0,False,,15.013
2025-05-01,2025,5,May,US import,579,Norway,11207.0,0.011,6.0,False,,12.818
2025-05-01,2025,5,May,US import,251,France,7471.0,0.007,12.0,False,,8.545
2025-05-01,2025,5,May,US import,214,Dominican Republic,6950.0,0.007,304.0,False,,7.949
2025-05-01,2025,5,May,US import,56,Belgium,4386.0,0.004,3.0,False,,5.016
2025-05-01,2025,5,May,US import,208,Denmark,4075.0,0.004,4.0,False,,4.661
2025-05-01,2025,5,May,US import,554,New Zealand,3480.0,0.003,19.0,False,,3.98
2025-05-01,2025,5,May,US import,682,Saudi Arabia,3450.0,0.003,30.0,False,,3.946
2025-05-01,2025,5,May,US import,76,Brazil,2398.0,0.002,7.0,False,,2.743
2025-06-01,2025,6,Jun,US import,699,India,2283913732.0,2283.914,5600430.0,False,407.81,2612135.787
2025-06-01,2025,6,Jun,US import,156,China,729365688.0,729.366,2746860.0,False,265.53,834183.091
2025-06-01,2025,6,Jun,US import,704,Vietnam,416842981.0,416.843,2094180.0,False,199.05,476747.634
2025-06-01,2025,6,Jun,US import,344,Hong Kong,86771308.0,86.771,76787.0,False,1130.03,99241.244
2025-06-01,2025,6,Jun,US import,410,South Korea,17517056.0,17.517,35317.0,False,496.0,20034.438
2025-06-01,2025,6,Jun,US import,360,Indonesia,16721493.0,16.721,145150.0,False,115.2,19124.545
2025-06-01,2025,6,Jun,US import,458,Malaysia,7606977.0,7.607,24869.0,False,305.88,8700.178
2025-06-01,2025,6,Jun,US import,490,Taiwan,1230644.0,1.231,11840.0,False,103.94,1407.5
2025-06-01,2025,6,Jun,US import,702,Singapore,783012.0,0.783,4500.0,False,174.0,895.539
2025-06-01,2025,6,Jun,US import,392,Japan,557307.0,0.557,1505.0,False,370.3,637.398
2025-06-01,2025,6,Jun,US import,784,United Arab Emirates,403350.0,0.403,5425.0,False,74.35,461.316
2025-06-01,2025,6,Jun,US import,484,Mexico,331976.0,0.332,3090.0,False,107.44,379.684
2025-06-01,2025,6,Jun,US import,76,Brazil,288698.0,0.289,4520.0,False,63.87,330.187
2025-06-01,2025,6,Jun,US import,591,Panama,225096.0,0.225,2000.0,False,112.55,257.445
2025-06-01,2025,6,Jun,US import,764,Thailand,155866.0,0.156,166.0,False,,178.266
2025-06-01,2025,6,Jun,US import,276,Germany,109728.0,0.11,147.0,False,,125.497
2025-06-01,2025,6,Jun,US import,372,Ireland,93314.0,0.093,190.0,False,,106.724
2025-06-01,2025,6,Jun,US import,608,Philippines,61447.0,0.061,629.0,False,,70.278
2025-06-01,2025,6,Jun,US import,124,Canada,45539.0,0.046,115.0,False,,52.083
2025-06-01,2025,6,Jun,US import,858,Uruguay,28919.0,0.029,42.0,False,,33.075
2025-06-01,2025,6,Jun,US import,616,Poland,28674.0,0.029,100.0,False,,32.795
2025-06-01,2025,6,Jun,US import,203,Czechia,23175.0,0.023,210.0,False,,26.505
2025-06-01,2025,6,Jun,US import,528,Netherlands,18002.0,0.018,55.0,False,,20.589
2025-06-01,2025,6,Jun,US import,376,Israel,17775.0,0.018,300.0,False,,20.329
2025-06-01,2025,6,Jun,US import,188,Costa Rica,15026.0,0.015,306.0,False,,17.185
2025-06-01,2025,6,Jun,US import,251,France,12168.0,0.012,234.0,False,,13.917
2025-06-01,2025,6,Jun,US import,724,Spain,11489.0,0.011,19.0,False,,13.14
2025-06-01,2025,6,Jun,US import,826,United Kingdom,10474.0,0.01,2.0,False,,11.979
2025-06-01,2025,6,Jun,US import,170,Colombia,8751.0,0.009,42.0,False,,10.009
2025-06-01,2025,6,Jun,US import,380,Italy,7622.0,0.008,1.0,False,,8.717
2025-06-01,2025,6,Jun,US import,446,Macao,6919.0,0.007,9.0,False,,7.913
2025-06-01,2025,6,Jun,US import,757,Switzerland,5649.0,0.006,36.0,False,,6.461
2025-06-01,2025,6,Jun,US import,208,Denmark,3525.0,0.004,14.0,False,,4.032
2025-06-01,2025,6,Jun,US import,504,Morocco,3283.0,0.003,2.0,False,,3.755
2025-06-01,2025,6,Jun,US import,642,Romania,2143.0,0.002,6.0,False,,2.451
2025-06-01,2025,6,Jun,US import,710,South Africa,2142.0,0.002,1.0,False,,2.45
2025-07-01,2025,7,Jul,US import,699,India,1615555472.0,1615.555,4080830.0,False,395.89,1847727.524
2025-07-01,2025,7,Jul,US import,156,China,749023603.0,749.024,2823180.0,False,265.31,856666.052
2025-07-01,2025,7,Jul,US import,704,Vietnam,600369346.0,600.369,2944680.0,False,203.88,686648.638
2025-07-01,2025,7,Jul,US import,360,Indonesia,38032032.0,38.032,319696.0,False,118.96,43497.629
2025-07-01,2025,7,Jul,US import,344,Hong Kong,17507675.0,17.508,81528.0,False,214.74,20023.709
2025-07-01,2025,7,Jul,US import,392,Japan,8742726.0,8.743,25865.0,False,338.01,9999.146
2025-07-01,2025,7,Jul,US import,458,Malaysia,7730219.0,7.73,25431.0,False,303.97,8841.132
2025-07-01,2025,7,Jul,US import,410,South Korea,4703888.0,4.704,24626.0,False,191.01,5379.885
2025-07-01,2025,7,Jul,US import,76,Brazil,3611652.0,3.612,14818.0,False,243.73,4130.684
2025-07-01,2025,7,Jul,US import,702,Singapore,1002382.0,1.002,5721.0,False,175.21,1146.435
2025-07-01,2025,7,Jul,US import,490,Taiwan,957018.0,0.957,7439.0,False,128.65,1094.551
2025-07-01,2025,7,Jul,US import,784,United Arab Emirates,816198.0,0.816,13378.0,False,61.01,933.494
2025-07-01,2025,7,Jul,US import,764,Thailand,307281.0,0.307,166.0,False,,351.44
2025-07-01,2025,7,Jul,US import,591,Panama,277482.0,0.277,2143.0,False,129.48,317.359
2025-07-01,2025,7,Jul,US import,484,Mexico,231358.0,0.231,4303.0,False,53.77,264.607
2025-07-01,2025,7,Jul,US import,608,Philippines,168168.0,0.168,783.0,False,,192.335
2025-07-01,2025,7,Jul,US import,276,Germany,122046.0,0.122,263.0,False,,139.585
2025-07-01,2025,7,Jul,US import,246,Finland,100750.0,0.101,100.0,False,,115.229
2025-07-01,2025,7,Jul,US import,124,Canada,53460.0,0.053,67.0,False,,61.143
2025-07-01,2025,7,Jul,US import,376,Israel,33850.0,0.034,960.0,False,,38.715
2025-07-01,2025,7,Jul,US import,36,Australia,30001.0,0.03,2029.0,False,14.79,34.312
2025-07-01,2025,7,Jul,US import,724,Spain,28427.0,0.028,61.0,False,,32.512
2025-07-01,2025,7,Jul,US import,858,Uruguay,22363.0,0.022,1001.0,False,22.34,25.577
2025-07-01,2025,7,Jul,US import,826,United Kingdom,17299.0,0.017,92.0,False,,19.785
2025-07-01,2025,7,Jul,US import,372,Ireland,13334.0,0.013,26.0,False,,15.25
2025-07-01,2025,7,Jul,US import,352,Iceland,10462.0,0.01,3.0,False,,11.965
2025-07-01,2025,7,Jul,US import,566,Nigeria,10322.0,0.01,12.0,False,,11.805
2025-07-01,2025,7,Jul,US import,203,Czechia,5400.0,0.005,96.0,False,,6.176
2025-07-01,2025,7,Jul,US import,528,Netherlands,5304.0,0.005,20.0,False,,6.066
2025-07-01,2025,7,Jul,US import,251,France,4658.0,0.005,24.0,False,,5.327
2025-07-01,2025,7,Jul,US import,579,Norway,3762.0,0.004,2.0,False,,4.303
2025-07-01,2025,7,Jul,US import,188,Costa Rica,3457.0,0.003,34.0,False,,3.954
2025-07-01,2025,7,Jul,US import,32,Argentina,3317.0,0.003,15.0,False,,3.794
2025-08-01,2025,8,Aug,US import,699,India,938358304.0,938.358,2546547.0,False,368.48,929728.559
2025-08-01,2025,8,Aug,US import,156,China,847264945.0,847.265,2752150.0,False,307.86,839472.953
2025-08-01,2025,8,Aug,US import,704,Vietnam,671640433.0,671.64,2508518.0,False,267.74,665463.597
2025-08-01,2025,8,Aug,US import,360,Indonesia,23223918.0,23.224,291210.0,False,79.75,23010.336
2025-08-01,2025,8,Aug,US import,458,Malaysia,11115323.0,11.115,28130.0,False,395.14,11013.099
2025-08-01,2025,8,Aug,US import,344,Hong Kong,9680103.0,9.68,113450.0,False,85.32,9591.079
2025-08-01,2025,8,Aug,US import,410,South Korea,2935761.0,2.936,13129.0,False,223.61,2908.762
2025-08-01,2025,8,Aug,US import,392,Japan,2780700.0,2.781,8636.0,False,321.99,2755.127
2025-08-01,2025,8,Aug,US import,490,Taiwan,1410329.0,1.41,14288.0,False,98.71,1397.359
2025-08-01,2025,8,Aug,US import,784,United Arab Emirates,1056658.0,1.057,15018.0,False,70.36,1046.94
2025-08-01,2025,8,Aug,US import,484,Mexico,337900.0,0.338,3604.0,False,93.76,334.792
2025-08-01,2025,8,Aug,US import,724,Spain,104613.0,0.105,213.0,False,,103.651
2025-08-01,2025,8,Aug,US import,608,Philippines,78665.0,0.079,876.0,False,,77.942
2025-08-01,2025,8,Aug,US import,124,Canada,61572.0,0.062,138.0,False,,61.006
2025-08-01,2025,8,Aug,US import,188,Costa Rica,42650.0,0.043,894.0,False,,42.258
2025-08-01,2025,8,Aug,US import,36,Australia,36498.0,0.036,2533.0,False,14.41,36.162
2025-08-01,2025,8,Aug,US import,276,Germany,35172.0,0.035,63.0,False,,34.849
2025-08-01,2025,8,Aug,US import,251,France,33734.0,0.034,88.0,False,,33.424
2025-08-01,2025,8,Aug,US import,214,Dominican Republic,18843.0,0.019,1065.0,False,17.69,18.67
2025-08-01,2025,8,Aug,US import,208,Denmark,16830.0,0.017,73.0,False,,16.675
2025-08-01,2025,8,Aug,US import,702,Singapore,15557.0,0.016,60.0,False,,15.414
2025-08-01,2025,8,Aug,US import,528,Netherlands,13965.0,0.014,8.0,False,,13.837
2025-08-01,2025,8,Aug,US import,40,Austria,10617.0,0.011,65.0,False,,10.519
2025-08-01,2025,8,Aug,US import,380,Italy,6705.0,0.007,12.0,False,,6.643
2025-08-01,2025,8,Aug,US import,826,United Kingdom,5690.0,0.006,62.0,False,,5.638
2025-08-01,2025,8,Aug,US import,757,Switzerland,4910.0,0.005,23.0,False,,4.865
2025-08-01,2025,8,Aug,US import,32,Argentina,3166.0,0.003,14.0,False,,3.137
2025-08-01,2025,8,Aug,US import,780,Trinidad and Tobago,3102.0,0.003,81.0,False,,3.073
2025-09-01,2025,9,Sep,US import,156,China,3469334231.0,3469.334,7076033.0,False,490.29,3437428.008
2025-09-01,2025,9,Sep,US import,699,India,771461018.0,771.461,2220777.0,False,347.38,764366.168
2025-09-01,2025,9,Sep,US import,704,Vietnam,534813625.0,534.814,2197020.0,False,243.43,529895.136
2025-09-01,2025,9,Sep,US import,360,Indonesia,17251639.0,17.252,234482.0,False,73.57,17092.982
2025-09-01,2025,9,Sep,US import,458,Malaysia,7126446.0,7.126,22937.0,False,310.7,7060.907
2025-09-01,2025,9,Sep,US import,344,Hong Kong,4686740.0,4.687,45757.0,False,102.43,4643.638
2025-09-01,2025,9,Sep,US import,392,Japan,4085740.0,4.086,14066.0,False,290.47,4048.165
2025-09-01,2025,9,Sep,US import,410,South Korea,3444556.0,3.445,12770.0,False,269.74,3412.878
2025-09-01,2025,9,Sep,US import,490,Taiwan,1291879.0,1.292,10044.0,False,128.62,1279.998
2025-09-01,2025,9,Sep,US import,152,Chile,1054460.0,1.054,3303.0,False,319.24,1044.763
2025-09-01,2025,9,Sep,US import,784,United Arab Emirates,371218.0,0.371,3584.0,False,103.58,367.804
2025-09-01,2025,9,Sep,US import,276,Germany,198417.0,0.198,469.0,False,,196.592
2025-09-01,2025,9,Sep,US import,608,Philippines,190380.0,0.19,966.0,False,,188.629
2025-09-01,2025,9,Sep,US import,484,Mexico,173087.0,0.173,1372.0,False,126.16,171.495
2025-09-01,2025,9,Sep,US import,124,Canada,116813.0,0.117,82.0,False,,115.739
2025-09-01,2025,9,Sep,US import,724,Spain,109383.0,0.109,223.0,False,,108.377
2025-09-01,2025,9,Sep,US import,528,Netherlands,49870.0,0.05,125.0,False,,49.411
2025-09-01,2025,9,Sep,US import,36,Australia,45288.0,0.045,1468.0,False,30.85,44.872
2025-09-01,2025,9,Sep,US import,858,Uruguay,29174.0,0.029,5.0,False,,28.906
2025-09-01,2025,9,Sep,US import,214,Dominican Republic,12218.0,0.012,121.0,False,,12.106
2025-09-01,2025,9,Sep,US import,579,Norway,11721.0,0.012,6.0,False,,11.613
2025-09-01,2025,9,Sep,US import,251,France,7918.0,0.008,16.0,False,,7.845
2025-09-01,2025,9,Sep,US import,348,Hungary,7443.0,0.007,10.0,False,,7.375
2025-09-01,2025,9,Sep,US import,826,United Kingdom,6792.0,0.007,72.0,False,,6.73
2025-09-01,2025,9,Sep,US import,191,Croatia,5856.0,0.006,1.0,False,,5.802
2025-09-01,2025,9,Sep,US import,76,Brazil,5274.0,0.005,16.0,False,,5.225
2025-09-01,2025,9,Sep,US import,12,Algeria,3130.0,0.003,1.0,False,,3.101
2025-09-01,2025,9,Sep,US import,404,Kenya,2578.0,0.003,1.0,False,,2.554
2025-09-01,2025,9,Sep,US import,757,Switzerland,2500.0,0.002,16.0,False,,2.477
2025-10-01,2025,10,Oct,US import,156,China,3357148098.0,3357.148,6634919.0,False,505.98,3326273.611
2025-10-01,2025,10,Oct,US import,699,India,1772875518.0,1772.876,4144949.0,False,427.72,1756571.018
2025-10-01,2025,10,Oct,US import,704,Vietnam,489626589.0,489.627,2341646.0,False,209.1,485123.669
2025-10-01,2025,10,Oct,US import,360,Indonesia,18166726.0,18.167,173087.0,False,104.96,17999.653
2025-10-01,2025,10,Oct,US import,458,Malaysia,9316896.0,9.317,32787.0,False,284.16,9231.212
2025-10-01,2025,10,Oct,US import,344,Hong Kong,4494836.0,4.495,62405.0,False,72.03,4453.499
2025-10-01,2025,10,Oct,US import,392,Japan,2963625.0,2.964,13765.0,False,215.3,2936.37
2025-10-01,2025,10,Oct,US import,410,South Korea,2253201.0,2.253,7396.0,False,304.65,2232.479
2025-10-01,2025,10,Oct,US import,490,Taiwan,1329143.0,1.329,9900.0,False,134.26,1316.919
2025-10-01,2025,10,Oct,US import,152,Chile,995440.0,0.995,2250.0,False,442.42,986.285
2025-10-01,2025,10,Oct,US import,784,United Arab Emirates,707094.0,0.707,3891.0,False,181.73,700.591
2025-10-01,2025,10,Oct,US import,608,Philippines,258424.0,0.258,1157.0,False,223.36,256.047
2025-10-01,2025,10,Oct,US import,764,Thailand,197638.0,0.198,119.0,False,,195.82
2025-10-01,2025,10,Oct,US import,124,Canada,154930.0,0.155,205.0,False,,153.505
2025-10-01,2025,10,Oct,US import,579,Norway,118859.0,0.119,21.0,False,,117.766
2025-10-01,2025,10,Oct,US import,276,Germany,45542.0,0.046,95.0,False,,45.123
2025-10-01,2025,10,Oct,US import,528,Netherlands,45413.0,0.045,901.0,False,,44.995
2025-10-01,2025,10,Oct,US import,36,Australia,33121.0,0.033,18.0,False,,32.816
2025-10-01,2025,10,Oct,US import,484,Mexico,26179.0,0.026,968.0,False,,25.938
2025-10-01,2025,10,Oct,US import,826,United Kingdom,20501.0,0.021,14.0,False,,20.312
2025-10-01,2025,10,Oct,US import,858,Uruguay,12985.0,0.013,20.0,False,,12.866
2025-10-01,2025,10,Oct,US import,251,France,7407.0,0.007,69.0,False,,7.339
2025-10-01,2025,10,Oct,US import,380,Italy,7132.0,0.007,1.0,False,,7.066
2025-10-01,2025,10,Oct,US import,702,Singapore,6888.0,0.007,4.0,False,,6.825
2025-10-01,2025,10,Oct,US import,208,Denmark,6688.0,0.007,1.0,False,,6.626
2025-10-01,2025,10,Oct,US import,50,Bangladesh,4785.0,0.005,30.0,False,,4.741
2025-10-01,2025,10,Oct,US import,372,Ireland,4332.0,0.004,20.0,False,,4.292
2025-10-01,2025,10,Oct,US import,76,Brazil,3868.0,0.004,50.0,False,,3.832
2025-10-01,2025,10,Oct,US import,620,Portugal,3802.0,0.004,22.0,False,,3.767
2025-10-01,2025,10,Oct,US import,757,Switzerland,2190.0,0.002,1.0,False,,2.17
2025-10-01,2025,10,Oct,US import,724,Spain,2178.0,0.002,1.0,False,,2.158
2025-11-01,2025,11,Nov,US import,156,China,2503844777.0,2503.845,5497944.0,False,455.41,2480817.814
2025-11-01,2025,11,Nov,US import,699,India,2479426980.0,2479.427,5336598.0,False,464.61,2456624.579
2025-11-01,2025,11,Nov,US import,704,Vietnam,319072377.0,319.072,1939948.0,False,164.47,316137.983
2025-11-01,2025,11,Nov,US import,360,Indonesia,25969569.0,25.97,273264.0,False,95.03,25730.736
2025-11-01,2025,11,Nov,US import,344,Hong Kong,7864213.0,7.864,119256.0,False,65.94,7791.889
2025-11-01,2025,11,Nov,US import,410,South Korea,6789211.0,6.789,19150.0,False,354.53,6726.773
2025-11-01,2025,11,Nov,US import,458,Malaysia,5277172.0,5.277,14856.0,False,355.22,5228.64
2025-11-01,2025,11,Nov,US import,392,Japan,4579654.0,4.58,13121.0,False,349.03,4537.537
2025-11-01,2025,11,Nov,US import,490,Taiwan,2993008.0,2.993,27080.0,False,110.52,2965.482
2025-11-01,2025,11,Nov,US import,484,Mexico,954700.0,0.955,2930.0,False,325.84,945.92
2025-11-01,2025,11,Nov,US import,152,Chile,878310.0,0.878,1579.0,False,556.24,870.232
2025-11-01,2025,11,Nov,US import,784,United Arab Emirates,500518.0,0.501,3335.0,False,150.08,495.915
2025-11-01,2025,11,Nov,US import,380,Italy,170358.0,0.17,1001.0,False,170.19,168.791
2025-11-01,2025,11,Nov,US import,276,Germany,147362.0,0.147,128.0,False,,146.007
2025-11-01,2025,11,Nov,US import,724,Spain,118803.0,0.119,246.0,False,,117.71
2025-11-01,2025,11,Nov,US import,764,Thailand,71062.0,0.071,160.0,False,,70.408
2025-11-01,2025,11,Nov,US import,608,Philippines,65200.0,0.065,487.0,False,,64.6
2025-11-01,2025,11,Nov,US import,124,Canada,63113.0,0.063,72.0,False,,62.533
2025-11-01,2025,11,Nov,US import,214,Dominican Republic,32472.0,0.032,451.0,False,,32.173
2025-11-01,2025,11,Nov,US import,528,Netherlands,27602.0,0.028,49.0,False,,27.348
2025-11-01,2025,11,Nov,US import,682,Saudi Arabia,13911.0,0.014,26.0,False,,13.783
2025-11-01,2025,11,Nov,US import,757,Switzerland,10510.0,0.011,30.0,False,,10.413
2025-11-01,2025,11,Nov,US import,826,United Kingdom,9568.0,0.01,8.0,False,,9.48
2025-11-01,2025,11,Nov,US import,858,Uruguay,7965.0,0.008,12.0,False,,7.892
2025-11-01,2025,11,Nov,US import,36,Australia,4775.0,0.005,2.0,False,,4.731
2025-11-01,2025,11,Nov,US import,251,France,4184.0,0.004,6.0,False,,4.146
2025-11-01,2025,11,Nov,US import,203,Czechia,3804.0,0.004,6.0,False,,3.769
2025-12-01,2025,12,Dec,US import,699,India,2938531922.0,2938.532,6035764.0,False,486.85,2911507.298
2025-12-01,2025,12,Dec,US import,156,China,1508701243.0,1508.701,3998941.0,False,377.28,1494826.259
2025-12-01,2025,12,Dec,US import,704,Vietnam,325439580.0,325.44,2460713.0,False,132.25,322446.629
2025-12-01,2025,12,Dec,US import,360,Indonesia,31091324.0,31.091,299913.0,False,103.67,30805.388
2025-12-01,2025,12,Dec,US import,410,South Korea,13806628.0,13.807,29591.0,False,466.58,13679.653
2025-12-01,2025,12,Dec,US import,392,Japan,8164445.0,8.164,23099.0,False,353.45,8089.36
2025-12-01,2025,12,Dec,US import,458,Malaysia,7060971.0,7.061,19893.0,False,354.95,6996.034
2025-12-01,2025,12,Dec,US import,344,Hong Kong,3839415.0,3.839,50767.0,False,75.63,3804.105
2025-12-01,2025,12,Dec,US import,152,Chile,2088233.0,2.088,4582.0,False,455.75,2069.028
2025-12-01,2025,12,Dec,US import,490,Taiwan,1956051.0,1.956,18913.0,False,103.42,1938.062
2025-12-01,2025,12,Dec,US import,608,Philippines,504925.0,0.505,11426.0,False,44.19,500.281
2025-12-01,2025,12,Dec,US import,784,United Arab Emirates,442559.0,0.443,2891.0,False,153.08,438.489
2025-12-01,2025,12,Dec,US import,702,Singapore,300482.0,0.3,1612.0,False,186.4,297.719
2025-12-01,2025,12,Dec,US import,724,Spain,265580.0,0.266,549.0,False,,263.138
2025-12-01,2025,12,Dec,US import,276,Germany,131332.0,0.131,483.0,False,,130.124
2025-12-01,2025,12,Dec,US import,764,Thailand,118701.0,0.119,173.0,False,,117.609
2025-12-01,2025,12,Dec,US import,792,Türkiye,95821.0,0.096,420.0,False,,94.94
2025-12-01,2025,12,Dec,US import,76,Brazil,56293.0,0.056,114.0,False,,55.775
2025-12-01,2025,12,Dec,US import,124,Canada,37802.0,0.038,72.0,False,,37.454
2025-12-01,2025,12,Dec,US import,251,France,34228.0,0.034,99.0,False,,33.913
2025-12-01,2025,12,Dec,US import,757,Switzerland,27868.0,0.028,76.0,False,,27.612
2025-12-01,2025,12,Dec,US import,32,Argentina,22552.0,0.023,100.0,False,,22.345
2025-12-01,2025,12,Dec,US import,528,Netherlands,18836.0,0.019,5.0,False,,18.663
2025-12-01,2025,12,Dec,US import,36,Australia,15720.0,0.016,50.0,False,,15.575
2025-12-01,2025,12,Dec,US import,404,Kenya,13545.0,0.014,21.0,False,,13.42
2025-12-01,2025,12,Dec,US import,214,Dominican Republic,11181.0,0.011,150.0,False,,11.078
2025-12-01,2025,12,Dec,US import,858,Uruguay,11042.0,0.011,22.0,False,,10.94
2025-12-01,2025,12,Dec,US import,484,Mexico,9443.0,0.009,812.0,False,,9.356
2025-12-01,2025,12,Dec,US import,376,Israel,8993.0,0.009,3.0,False,,8.91
2025-12-01,2025,12,Dec,US import,826,United Kingdom,5790.0,0.006,2.0,False,,5.737
2025-12-01,2025,12,Dec,US import,440,Lithuania,3539.0,0.004,176.0,False,,3.506
2025-12-01,2025,12,Dec,US import,231,Ethiopia,2715.0,0.003,1.0,False,,2.69
2026-01-01,2026,1,Jan,US import,699,India,2330203842.0,2330.204,4712223.0,False,494.5,2308773.793
2026-01-01,2026,1,Jan,US import,156,China,1388504575.0,1388.505,3580052.0,False,387.84,1375734.996
2026-01-01,2026,1,Jan,US import,704,Vietnam,308969247.0,308.969,1755998.0,False,175.95,306127.768
2026-01-01,2026,1,Jan,US import,360,Indonesia,14610945.0,14.611,154690.0,False,94.45,14476.573
2026-01-01,2026,1,Jan,US import,344,Hong Kong,5551098.0,5.551,49464.0,False,112.23,5500.047
2026-01-01,2026,1,Jan,US import,458,Malaysia,2737175.0,2.737,7491.0,False,365.4,2712.002
2026-01-01,2026,1,Jan,US import,410,South Korea,1898471.0,1.898,9138.0,False,207.76,1881.011
2026-01-01,2026,1,Jan,US import,490,Taiwan,1122968.0,1.123,11545.0,False,97.27,1112.64
2026-01-01,2026,1,Jan,US import,784,United Arab Emirates,519875.0,0.52,2894.0,False,179.64,515.094
2026-01-01,2026,1,Jan,US import,392,Japan,466243.0,0.466,2405.0,False,193.86,461.955
2026-01-01,2026,1,Jan,US import,764,Thailand,254878.0,0.255,400.0,False,,252.534
2026-01-01,2026,1,Jan,US import,276,Germany,109836.0,0.11,310.0,False,,108.826
2026-01-01,2026,1,Jan,US import,608,Philippines,80450.0,0.08,200.0,False,,79.71
2026-01-01,2026,1,Jan,US import,528,Netherlands,70584.0,0.071,18.0,False,,69.935
2026-01-01,2026,1,Jan,US import,188,Costa Rica,53362.0,0.053,1122.0,False,47.56,52.871
2026-01-01,2026,1,Jan,US import,36,Australia,50001.0,0.05,111.0,False,,49.541
2026-01-01,2026,1,Jan,US import,76,Brazil,49651.0,0.05,114.0,False,,49.194
2026-01-01,2026,1,Jan,US import,124,Canada,47959.0,0.048,15.0,False,,47.518
2026-01-01,2026,1,Jan,US import,616,Poland,38580.0,0.039,190.0,False,,38.225
2026-01-01,2026,1,Jan,US import,376,Israel,32187.0,0.032,137.0,False,,31.891
2026-01-01,2026,1,Jan,US import,214,Dominican Republic,27389.0,0.027,299.0,False,,27.137
2026-01-01,2026,1,Jan,US import,858,Uruguay,27066.0,0.027,3.0,False,,26.817
2026-01-01,2026,1,Jan,US import,642,Romania,15427.0,0.015,20.0,False,,15.285
2026-01-01,2026,1,Jan,US import,484,Mexico,12771.0,0.013,731.0,False,,12.654
2026-01-01,2026,1,Jan,US import,757,Switzerland,10521.0,0.011,47.0,False,,10.424
2026-01-01,2026,1,Jan,US import,258,French Polynesia,7875.0,0.008,5.0,False,,7.803
2026-01-01,2026,1,Jan,US import,251,France,6959.0,0.007,28.0,False,,6.895
2026-01-01,2026,1,Jan,US import,480,Mauritius,5724.0,0.006,1.0,False,,5.671
2026-01-01,2026,1,Jan,US import,682,Saudi Arabia,3001.0,0.003,2.0,False,,2.973
2026-01-01,2026,1,Jan,US import,554,New Zealand,2400.0,0.002,3.0,False,,2.378
2026-01-01,2026,1,Jan,US import,826,United Kingdom,2315.0,0.002,1.0,False,,2.294
2026-02-01,2026,2,Feb,US import,699,India,1982540024.0,1982.54,3755867.0,False,527.85,1964307.314
2026-02-01,2026,2,Feb,US import,156,China,681942082.0,681.942,2125688.0,False,320.81,675670.505
2026-02-01,2026,2,Feb,US import,704,Vietnam,285607102.0,285.607,1380093.0,False,206.95,282980.476
2026-02-01,2026,2,Feb,US import,360,Indonesia,17599584.0,17.6,177867.0,False,98.95,17437.727
2026-02-01,2026,2,Feb,US import,344,Hong Kong,9589261.0,9.589,89754.0,False,106.84,9501.072
2026-02-01,2026,2,Feb,US import,392,Japan,6745728.0,6.746,12953.0,False,520.78,6683.69
2026-02-01,2026,2,Feb,US import,458,Malaysia,5822568.0,5.823,15483.0,False,376.06,5769.02
2026-02-01,2026,2,Feb,US import,410,South Korea,5267650.0,5.268,8082.0,False,651.78,5219.205
2026-02-01,2026,2,Feb,US import,152,Chile,2157446.0,2.157,11619.0,False,185.68,2137.605
2026-02-01,2026,2,Feb,US import,490,Taiwan,1491825.0,1.492,11302.0,False,132.0,1478.105
2026-02-01,2026,2,Feb,US import,234,Faroe Isds,210794.0,0.211,380.0,False,,208.855
2026-02-01,2026,2,Feb,US import,784,United Arab Emirates,210624.0,0.211,301.0,False,,208.687
2026-02-01,2026,2,Feb,US import,764,Thailand,166433.0,0.166,142.0,False,,164.902
2026-02-01,2026,2,Feb,US import,76,Brazil,119375.0,0.119,49.0,False,,118.277
2026-02-01,2026,2,Feb,US import,276,Germany,100224.0,0.1,238.0,False,,99.302
2026-02-01,2026,2,Feb,US import,214,Dominican Republic,81506.0,0.082,2236.0,False,36.45,80.756
2026-02-01,2026,2,Feb,US import,724,Spain,71240.0,0.071,131.0,False,,70.585
2026-02-01,2026,2,Feb,US import,188,Costa Rica,57402.0,0.057,1208.0,False,47.52,56.874
2026-02-01,2026,2,Feb,US import,352,Iceland,31756.0,0.032,66.0,False,,31.464
2026-02-01,2026,2,Feb,US import,124,Canada,30183.0,0.03,26.0,False,,29.905
2026-02-01,2026,2,Feb,US import,858,Uruguay,20515.0,0.021,71.0,False,,20.326
2026-02-01,2026,2,Feb,US import,702,Singapore,19610.0,0.02,150.0,False,,19.43
2026-02-01,2026,2,Feb,US import,170,Colombia,15080.0,0.015,150.0,False,,14.941
2026-02-01,2026,2,Feb,US import,380,Italy,9431.0,0.009,340.0,False,,9.344
2026-02-01,2026,2,Feb,US import,826,United Kingdom,5822.0,0.006,20.0,False,,5.768
2026-02-01,2026,2,Feb,US import,484,Mexico,3315.0,0.003,414.0,False,,3.285
2026-02-01,2026,2,Feb,US import,757,Switzerland,3156.0,0.003,11.0,False,,3.127
2026-02-01,2026,2,Feb,US import,579,Norway,3124.0,0.003,114.0,False,,3.095
2026-02-01,2026,2,Feb,US import,710,South Africa,2449.0,0.002,1.0,False,,2.426
2026-02-01,2026,2,Feb,US import,120,Cameroon,2170.0,0.002,1.0,False,,2.15
2026-02-01,2026,2,Feb,US import,251,France,2113.0,0.002,24.0,False,,2.094
2026-03-01,2026,3,Mar,US import,699,India,2156475489.0,2156.475,4215346.0,False,511.58,2136643.157
2026-03-01,2026,3,Mar,US import,156,China,1250644786.0,1250.645,3806379.0,False,328.57,1239143.054
2026-03-01,2026,3,Mar,US import,704,Vietnam,366205727.0,366.206,2000459.0,False,183.06,362837.864
2026-03-01,2026,3,Mar,US import,360,Indonesia,33299702.0,33.3,269959.0,False,123.35,32993.457
2026-03-01,2026,3,Mar,US import,458,Malaysia,6499051.0,6.499,17386.0,False,373.81,6439.282
2026-03-01,2026,3,Mar,US import,344,Hong Kong,5392314.0,5.392,50250.0,False,107.31,5342.723
2026-03-01,2026,3,Mar,US import,392,Japan,3680234.0,3.68,17466.0,False,210.71,3646.388
2026-03-01,2026,3,Mar,US import,410,South Korea,3122492.0,3.122,16482.0,False,189.45,3093.776
2026-03-01,2026,3,Mar,US import,490,Taiwan,2862946.0,2.863,31852.0,False,89.88,2836.617
2026-03-01,2026,3,Mar,US import,214,Dominican Republic,1030346.0,1.03,6474.0,False,159.15,1020.87
2026-03-01,2026,3,Mar,US import,152,Chile,1025993.0,1.026,10500.0,False,97.71,1016.557
2026-03-01,2026,3,Mar,US import,380,Italy,821636.0,0.822,6205.0,False,132.42,814.08
2026-03-01,2026,3,Mar,US import,616,Poland,306066.0,0.306,1040.0,False,294.29,303.251
2026-03-01,2026,3,Mar,US import,764,Thailand,286182.0,0.286,504.0,False,,283.55
2026-03-01,2026,3,Mar,US import,124,Canada,134851.0,0.135,450.0,False,,133.611
2026-03-01,2026,3,Mar,US import,120,Cameroon,133495.0,0.133,107.0,False,,132.267
2026-03-01,2026,3,Mar,US import,276,Germany,93957.0,0.094,214.0,False,,93.093
2026-03-01,2026,3,Mar,US import,702,Singapore,84149.0,0.084,70.0,False,,83.375
2026-03-01,2026,3,Mar,US import,826,United Kingdom,76781.0,0.077,14.0,False,,76.075
2026-03-01,2026,3,Mar,US import,36,Australia,76072.0,0.076,111.0,False,,75.372
2026-03-01,2026,3,Mar,US import,724,Spain,52192.0,0.052,99.0,False,,51.712
2026-03-01,2026,3,Mar,US import,642,Romania,31276.0,0.031,25.0,False,,30.988
2026-03-01,2026,3,Mar,US import,591,Panama,23813.0,0.024,100.0,False,,23.594
2026-03-01,2026,3,Mar,US import,76,Brazil,21736.0,0.022,32.0,False,,21.536
2026-03-01,2026,3,Mar,US import,528,Netherlands,16153.0,0.016,6.0,False,,16.004
2026-03-01,2026,3,Mar,US import,784,United Arab Emirates,13623.0,0.014,70.0,False,,13.498
2026-03-01,2026,3,Mar,US import,251,France,12154.0,0.012,5.0,False,,12.042
2026-03-01,2026,3,Mar,US import,320,Guatemala,7647.0,0.008,1.0,False,,7.577
2026-03-01,2026,3,Mar,US import,372,Ireland,7559.0,0.008,4.0,False,,7.489
2026-03-01,2026,3,Mar,US import,32,Argentina,6360.0,0.006,30.0,False,,6.302
2026-03-01,2026,3,Mar,US import,608,Philippines,6244.0,0.006,64.0,False,,6.187
2026-03-01,2026,3,Mar,US import,332,Haiti,5671.0,0.006,42.0,False,,5.619
2026-03-01,2026,3,Mar,US import,203,Czechia,3145.0,0.003,12.0,False,,3.116
2026-03-01,2026,3,Mar,US import,554,New Zealand,2999.0,0.003,1.0,False,,2.971
2026-03-01,2026,3,Mar,US import,288,Ghana,2555.0,0.003,1.0,False,,2.532
2026-03-01,2026,3,Mar,US import,484,Mexico,2250.0,0.002,1.0,False,,2.229
2026-04-01,2026,4,Apr,US import,699,India,2409087705.0,2409.088,4660359.0,False,516.93,2386932.189
2026-04-01,2026,4,Apr,US import,156,China,800205472.0,800.205,3063701.0,False,261.19,792846.269
2026-04-01,2026,4,Apr,US import,704,Vietnam,314844612.0,314.845,1275492.0,False,246.84,311949.099
2026-04-01,2026,4,Apr,US import,360,Indonesia,23240361.0,23.24,185272.0,False,125.44,23026.628
2026-04-01,2026,4,Apr,US import,458,Malaysia,9529855.0,9.53,29019.0,False,328.4,9442.212
2026-04-01,2026,4,Apr,US import,344,Hong Kong,8291918.0,8.292,67583.0,False,122.69,8215.66
2026-04-01,2026,4,Apr,US import,410,South Korea,5422866.0,5.423,10004.0,False,542.07,5372.994
2026-04-01,2026,4,Apr,US import,490,Taiwan,2688061.0,2.688,27670.0,False,97.15,2663.34
2026-04-01,2026,4,Apr,US import,392,Japan,1284176.0,1.284,5199.0,False,247.0,1272.366
2026-04-01,2026,4,Apr,US import,152,Chile,363463.0,0.363,2103.0,False,172.83,360.12
2026-04-01,2026,4,Apr,US import,276,Germany,188190.0,0.188,645.0,False,,186.459
2026-04-01,2026,4,Apr,US import,608,Philippines,71089.0,0.071,339.0,False,,70.435
2026-04-01,2026,4,Apr,US import,124,Canada,67952.0,0.068,188.0,False,,67.327
2026-04-01,2026,4,Apr,US import,764,Thailand,55091.0,0.055,213.0,False,,54.584
2026-04-01,2026,4,Apr,US import,826,United Kingdom,25260.0,0.025,759.0,False,,25.028
2026-04-01,2026,4,Apr,US import,484,Mexico,22599.0,0.023,66.0,False,,22.391
2026-04-01,2026,4,Apr,US import,784,United Arab Emirates,19409.0,0.019,426.0,False,,19.231
2026-04-01,2026,4,Apr,US import,620,Portugal,18540.0,0.019,35.0,False,,18.369
2026-04-01,2026,4,Apr,US import,32,Argentina,9913.0,0.01,55.0,False,,9.822
2026-04-01,2026,4,Apr,US import,528,Netherlands,8582.0,0.009,15.0,False,,8.503
2026-04-01,2026,4,Apr,US import,710,South Africa,3293.0,0.003,1.0,False,,3.263
2026-04-01,2026,4,Apr,US import,757,Switzerland,2017.0,0.002,1.0,False,,1.998
2026-05-01,2026,5,May,US import,699,India,2386729802.0,2386.73,4238707.0,False,563.08,2364779.904
2026-05-01,2026,5,May,US import,156,China,1454814107.0,1454.814,3852053.0,False,377.67,1441434.703
2026-05-01,2026,5,May,US import,704,Vietnam,504768503.0,504.769,1852058.0,False,272.54,500126.328
2026-05-01,2026,5,May,US import,360,Indonesia,36948972.0,36.949,117589.0,False,314.22,36609.166
2026-05-01,2026,5,May,US import,410,South Korea,10974708.0,10.975,29200.0,False,375.85,10873.778
2026-05-01,2026,5,May,US import,458,Malaysia,8489466.0,8.489,20143.0,False,421.46,8411.391
2026-05-01,2026,5,May,US import,490,Taiwan,3059738.0,3.06,32430.0,False,94.35,3031.599
2026-05-01,2026,5,May,US import,392,Japan,2605501.0,2.606,12027.0,False,216.64,2581.539
2026-05-01,2026,5,May,US import,124,Canada,2271575.0,2.272,2380.0,False,954.44,2250.684
2026-05-01,2026,5,May,US import,344,Hong Kong,1691928.0,1.692,16850.0,False,100.41,1676.368
2026-05-01,2026,5,May,US import,702,Singapore,680650.0,0.681,2000.0,False,340.32,674.39
2026-05-01,2026,5,May,US import,579,Norway,500170.0,0.5,900.0,False,,495.57
2026-05-01,2026,5,May,US import,120,Cameroon,275400.0,0.275,3000.0,False,91.8,272.867
2026-05-01,2026,5,May,US import,784,United Arab Emirates,268814.0,0.269,246.0,False,,266.342
2026-05-01,2026,5,May,US import,276,Germany,181138.0,0.181,1459.0,False,124.15,179.472
2026-05-01,2026,5,May,US import,233,Estonia,154683.0,0.155,300.0,False,,153.26
2026-05-01,2026,5,May,US import,764,Thailand,118968.0,0.119,94.0,False,,117.874
2026-05-01,2026,5,May,US import,188,Costa Rica,114931.0,0.115,624.0,False,,113.874
2026-05-01,2026,5,May,US import,826,United Kingdom,109533.0,0.11,78.0,False,,108.526
2026-05-01,2026,5,May,US import,608,Philippines,74476.0,0.074,1991.0,False,37.41,73.791
2026-05-01,2026,5,May,US import,858,Uruguay,16817.0,0.017,11.0,False,,16.662
2026-05-01,2026,5,May,US import,528,Netherlands,12635.0,0.013,8.0,False,,12.519
2026-05-01,2026,5,May,US import,76,Brazil,10672.0,0.011,21.0,False,,10.574
2026-05-01,2026,5,May,US import,191,Croatia,10259.0,0.01,2.0,False,,10.165
2026-05-01,2026,5,May,US import,203,Czechia,9301.0,0.009,31.0,False,,9.215
2026-05-01,2026,5,May,US import,251,France,7833.0,0.008,11.0,False,,7.761
2026-05-01,2026,5,May,US import,32,Argentina,5866.0,0.006,27.0,False,,5.812
2026-05-01,2026,5,May,US import,780,Trinidad and Tobago,5253.0,0.005,3.0,False,,5.205
2026-05-01,2026,5,May,US import,642,Romania,4278.0,0.004,24.0,False,,4.239
2026-05-01,2026,5,May,US import,36,Australia,2379.0,0.002,6.0,False,,2.357
2026-05-01,2026,5,May,US import,724,Spain,2377.0,0.002,2.0,False,,2.355
2026-05-01,2026,5,May,US import,428,Latvia,2189.0,0.002,1.0,False,,2.169
2026-05-01,2026,5,May,US import,710,South Africa,2170.0,0.002,217.0,False,,2.15
2026-05-01,2026,5,May,US import,484,Mexico,2064.0,0.002,2.0,False,,2.045
2026-05-01,2026,5,May,US import,56,Belgium,2003.0,0.002,5.0,False,,1.985
2026-06-01,2026,6,Jun,US import,699,India,2281126391.0,2281.126,4174510.0,False,546.44,2260147.69
2026-06-01,2026,6,Jun,US import,156,China,1532566040.0,1532.566,3816259.0,False,401.59,1518471.58
2026-06-01,2026,6,Jun,US import,704,Vietnam,519879841.0,519.88,1935621.0,False,268.59,515098.693
2026-06-01,2026,6,Jun,US import,360,Indonesia,48325011.0,48.325,197089.0,False,245.19,47880.583
2026-06-01,2026,6,Jun,US import,458,Malaysia,11979190.0,11.979,29103.0,False,411.61,11869.022
2026-06-01,2026,6,Jun,US import,410,South Korea,4267599.0,4.268,20614.0,False,207.02,4228.351
2026-06-01,2026,6,Jun,US import,344,Hong Kong,3537777.0,3.538,64834.0,False,54.57,3505.241
2026-06-01,2026,6,Jun,US import,490,Taiwan,1788171.0,1.788,17473.0,False,102.34,1771.726
2026-06-01,2026,6,Jun,US import,392,Japan,858080.0,0.858,2538.0,False,338.09,850.189
2026-06-01,2026,6,Jun,US import,608,Philippines,382900.0,0.383,2860.0,False,133.88,379.379
2026-06-01,2026,6,Jun,US import,76,Brazil,357369.0,0.357,908.0,False,,354.082
2026-06-01,2026,6,Jun,US import,764,Thailand,166117.0,0.166,67.0,False,,164.589
2026-06-01,2026,6,Jun,US import,124,Canada,161457.0,0.161,317.0,False,,159.972
2026-06-01,2026,6,Jun,US import,276,Germany,144486.0,0.144,188.0,False,,143.157
2026-06-01,2026,6,Jun,US import,328,Guyana,114731.0,0.115,4879.0,False,23.52,113.676
2026-06-01,2026,6,Jun,US import,826,United Kingdom,113394.0,0.113,563.0,False,,112.351
2026-06-01,2026,6,Jun,US import,784,United Arab Emirates,66420.0,0.066,242.0,False,,65.809
2026-06-01,2026,6,Jun,US import,724,Spain,56109.0,0.056,106.0,False,,55.593
2026-06-01,2026,6,Jun,US import,528,Netherlands,29048.0,0.029,10.0,False,,28.781
2026-06-01,2026,6,Jun,US import,579,Norway,16321.0,0.016,4.0,False,,16.171
2026-06-01,2026,6,Jun,US import,170,Colombia,8110.0,0.008,50.0,False,,8.035
2026-06-01,2026,6,Jun,US import,484,Mexico,8096.0,0.008,36.0,False,,8.022
2026-06-01,2026,6,Jun,US import,320,Guatemala,6444.0,0.006,28.0,False,,6.385
2026-06-01,2026,6,Jun,US import,56,Belgium,2401.0,0.002,4.0,False,,2.379
2026-06-01,2026,6,Jun,US import,380,Italy,2168.0,0.002,1.0,False,,2.148
2026-07-01,2026,7,Jul,US import,699,India,2901453414.0,2901.453,5098788.0,False,569.05,2874769.787
2026-07-01,2026,7,Jul,US import,156,China,1412614254.0,1412.614,3625739.0,False,389.61,1399622.947
2026-07-01,2026,7,Jul,US import,704,Vietnam,718509977.0,718.51,2285421.0,False,314.39,711902.098
2026-07-01,2026,7,Jul,US import,360,Indonesia,31486652.0,31.487,119289.0,False,263.95,31197.081
2026-07-01,2026,7,Jul,US import,458,Malaysia,9583399.0,9.583,19076.0,False,502.38,9495.264
2026-07-01,2026,7,Jul,US import,344,Hong Kong,3638938.0,3.639,25063.0,False,145.19,3605.472
2026-07-01,2026,7,Jul,US import,410,South Korea,3447513.0,3.448,18210.0,False,189.32,3415.807
2026-07-01,2026,7,Jul,US import,392,Japan,2731862.0,2.732,11031.0,False,247.65,2706.738
2026-07-01,2026,7,Jul,US import,490,Taiwan,1907567.0,1.908,19963.0,False,95.56,1890.024
2026-07-01,2026,7,Jul,US import,116,Cambodia,485477.0,0.485,3600.0,False,134.85,481.012
2026-07-01,2026,7,Jul,US import,784,United Arab Emirates,295002.0,0.295,740.0,False,,292.289
2026-07-01,2026,7,Jul,US import,124,Canada,273537.0,0.274,672.0,False,,271.021
2026-07-01,2026,7,Jul,US import,276,Germany,262415.0,0.262,393.0,False,,260.002
2026-07-01,2026,7,Jul,US import,608,Philippines,133428.0,0.133,2392.0,False,55.78,132.201
2026-07-01,2026,7,Jul,US import,764,Thailand,126230.0,0.126,98.0,False,,125.069
2026-07-01,2026,7,Jul,US import,826,United Kingdom,102671.0,0.103,418.0,False,,101.727
2026-07-01,2026,7,Jul,US import,724,Spain,94319.0,0.094,181.0,False,,93.452
2026-07-01,2026,7,Jul,US import,76,Brazil,63921.0,0.064,153.0,False,,63.333
2026-07-01,2026,7,Jul,US import,56,Belgium,53123.0,0.053,88.0,False,,52.634
2026-07-01,2026,7,Jul,US import,380,Italy,42920.0,0.043,150.0,False,,42.525
2026-07-01,2026,7,Jul,US import,328,Guyana,41890.0,0.042,82.0,False,,41.505
2026-07-01,2026,7,Jul,US import,616,Poland,22733.0,0.023,171.0,False,,22.524
2026-07-01,2026,7,Jul,US import,528,Netherlands,13710.0,0.014,15.0,False,,13.584
2026-07-01,2026,7,Jul,US import,188,Costa Rica,11690.0,0.012,235.0,False,,11.582
2026-07-01,2026,7,Jul,US import,858,Uruguay,11229.0,0.011,16.0,False,,11.126
2026-07-01,2026,7,Jul,US import,191,Croatia,9504.0,0.01,1.0,False,,9.417
2026-07-01,2026,7,Jul,US import,757,Switzerland,7842.0,0.008,7.0,False,,7.77
2026-07-01,2026,7,Jul,US import,484,Mexico,6135.0,0.006,6.0,False,,6.079
2026-07-01,2026,7,Jul,US import,170,Colombia,3601.0,0.004,15.0,False,,3.568
2026-07-01,2026,7,Jul,US import,388,Jamaica,2500.0,0.002,1.0,False,,2.477
